{
    "custom_editor_type": "custom_editor_icon",
    "describe": "",
    "has_upload": false,
    "key": 134278800,
    "md5": "587cdbcab0d337d9390efce15cafbb5c",
    "name": "\u795e\u8c37\u4e4b\u79cd",
    "path": "ui/134278800",
    "res_name": "\u795e\u8c37\u4e4b\u79cd.png",
    "size": "1024X1024",
    "sub_type": "icon",
    "uid": "134278800",
    "url": "https://kk3.nosdn.127.net/editor/png/8c19b92455539a0b5f68f10f452b9682.png",
    "version": 1,
    "res_type": "editor_icon",
    "import_export_folder_info": "/code_explorer_custom_root_folder_name/\u9053\u5177\u56fe\u6807/\u6218\u6cd5\u65e0\u6846/\u8ffd\u52a0\u6218\u6cd5"
}