{
    "custom_editor_type": "custom_editor_icon",
    "describe": "",
    "has_upload": false,
    "key": 134224339,
    "md5": "5024f7fa593819fa879a99976832a167",
    "name": "\u5149\u5f62\u8776\u821e",
    "path": "ui/134224339",
    "res_name": "\u5149\u5f62\u8776\u821e.png",
    "size": "1024X1024",
    "sub_type": "icon",
    "uid": "134224339",
    "url": "https://kk3.nosdn.127.net/editor/png/71d8f4ff7921c753a59d4eb24a522546.png",
    "version": 1,
    "res_type": "editor_icon",
    "import_export_folder_info": "/code_explorer_custom_root_folder_name/\u9053\u5177\u56fe\u6807/\u6218\u6cd5\u65e0\u6846/\u8ffd\u52a0\u6218\u6cd5"
}