{
    "custom_editor_type": "custom_editor_icon",
    "describe": "",
    "has_upload": false,
    "key": 134239065,
    "md5": "124edfae3ee3a6adbc3925707e0c4c35",
    "name": "\u9648\u660e\u6d9b\u5fc3\u6cd5\u56fe\u6807",
    "path": "ui/134239065",
    "res_name": "\u9648\u660e\u6d9b\u5fc3\u6cd5\u56fe\u6807.png",
    "size": "128X128",
    "sub_type": "icon",
    "uid": "134239065",
    "url": "https://kk3.nosdn.127.net/editor/png/60853a8d01cf6e8d2f209e7e954bc2f6.png",
    "version": 1,
    "res_type": "editor_icon",
    "import_export_folder_info": "/code_explorer_custom_root_folder_name/\u9053\u5177\u56fe\u6807/\u6218\u6cd5\u65e0\u6846/1\u7ea7"
}