{
    "custom_editor_type": "custom_editor_icon",
    "describe": "",
    "has_upload": false,
    "key": 134263612,
    "md5": "b7cbbb9c00d3f9753ea837cf5471bb17",
    "name": "\u5916\u529fUR\u8475\u82b1\u5b9d\u5178",
    "path": "ui/134263612",
    "res_name": "\u5916\u529fUR\u8475\u82b1\u5b9d\u5178.jpg",
    "size": "200X200",
    "sub_type": "icon",
    "uid": "134263612",
    "url": "https://kk3.nosdn.127.net/editor/jpg/379d3a73a27ba4053bb99c6f0c659192.jpg",
    "version": 1,
    "res_type": "editor_icon",
    "import_export_folder_info": "/code_explorer_custom_root_folder_name/\u6b66\u529f\u56fe\u6807"
}