<?xml version="1.0" encoding="utf-8"?>
<Resource>
	<Version>2</Version>
	<SMaterialData>
		<Root>
			<Sub/>
			<Entity type="SMaterialData">
				<name>_material</name>
				<info>
					<Layers count="10" ordered="true">
						<Element index="0">
							<LayerName>glow_submat</LayerName>
							<ShaderName>Particle</ShaderName>
							<Parameters count="19" ordered="true">
								<Element index="0">
									<Name>DepthBuffer</Name>
									<Value>00000000-0000-0000-0000-000000000000</Value>
								</Element>
								<Element index="1">
									<Name>DiffuseTexture</Name>
									<Value>e8b892dc-ffd9-5c5b-b9f1-b17aff83d618</Value>
								</Element>
								<Element index="2">
									<Name>SSProfilesTextureGlobel</Name>
									<Value>00000000-0000-0000-0000-000000000000</Value>
								</Element>
								<Element index="3">
									<Name>ScreenTexture</Name>
									<Value>00000000-0000-0000-0000-000000000000</Value>
								</Element>
								<Element index="4">
									<Name>tIRVDayTextureA</Name>
									<Value>00000000-0000-0000-0000-000000000000</Value>
								</Element>
								<Element index="5">
									<Name>tIRVNightTextureA</Name>
									<Value>00000000-0000-0000-0000-000000000000</Value>
								</Element>
								<Element index="6">
									<Name>tScatteringAndTransmittanceVolume</Name>
									<Value>00000000-0000-0000-0000-000000000000</Value>
								</Element>
								<Element index="7">
									<Name>tShadowMapArray</Name>
									<Value>00000000-0000-0000-0000-000000000000</Value>
								</Element>
								<Element index="8">
									<Name>AdditionColor</Name>
									<Value>(1, 1, 1, 1)</Value>
								</Element>
								<Element index="9">
									<Name>BloomScale</Name>
									<Value>0.5</Value>
								</Element>
								<Element index="10">
									<Name>DepthBias</Name>
									<Value>0</Value>
								</Element>
								<Element index="11">
									<Name>Distortion</Name>
									<Value>false</Value>
								</Element>
								<Element index="12">
									<Name>FogStrength</Name>
									<Value>0</Value>
								</Element>
								<Element index="13">
									<Name>HDRScale</Name>
									<Value>2</Value>
								</Element>
								<Element index="14">
									<Name>InvFadeDistance</Name>
									<Value>0</Value>
								</Element>
								<Element index="15">
									<Name>Local</Name>
									<Value>true</Value>
								</Element>
								<Element index="16">
									<Name>ModulateColor</Name>
									<Value>(1.5, 1.5, 1.5, 0.35)</Value>
								</Element>
								<Element index="17">
									<Name>Soft</Name>
									<Value>false</Value>
								</Element>
								<Element index="18">
									<Name>UVScale</Name>
									<Value>(1, 1)</Value>
								</Element>
							</Parameters>
							<InactiveParameters count="0" ordered="true"/>
							<MultiPassMaterials count="0" ordered="true"/>
						</Element>
						<Element index="1">
							<LayerName>wenli_01_submat</LayerName>
							<ShaderName>Effect/Twisted</ShaderName>
							<Parameters count="23" ordered="true">
								<Element index="0">
									<Name>DepthBuffer</Name>
									<Value>00000000-0000-0000-0000-000000000000</Value>
								</Element>
								<Element index="1">
									<Name>DiffuseTexture</Name>
									<Value>b0c934a1-5fd8-4ad7-81a1-52d21962abd5</Value>
								</Element>
								<Element index="2">
									<Name>MaskTexture</Name>
									<Value>24a6c38f-1b82-4ade-9948-1cc15b26cce0</Value>
								</Element>
								<Element index="3">
									<Name>SSProfilesTextureGlobel</Name>
									<Value>00000000-0000-0000-0000-000000000000</Value>
								</Element>
								<Element index="4">
									<Name>TwistTexture</Name>
									<Value>8f777892-ce48-4d56-8714-7a4e85254f6a</Value>
								</Element>
								<Element index="5">
									<Name>tIRVDayTextureA</Name>
									<Value>00000000-0000-0000-0000-000000000000</Value>
								</Element>
								<Element index="6">
									<Name>tIRVNightTextureA</Name>
									<Value>00000000-0000-0000-0000-000000000000</Value>
								</Element>
								<Element index="7">
									<Name>tScatteringAndTransmittanceVolume</Name>
									<Value>00000000-0000-0000-0000-000000000000</Value>
								</Element>
								<Element index="8">
									<Name>tShadowMapArray</Name>
									<Value>00000000-0000-0000-0000-000000000000</Value>
								</Element>
								<Element index="9">
									<Name>AdditionColor</Name>
									<Value>(1, 1, 1, 1)</Value>
								</Element>
								<Element index="10">
									<Name>BloomScale</Name>
									<Value>0.5</Value>
								</Element>
								<Element index="11">
									<Name>DepthBias</Name>
									<Value>0</Value>
								</Element>
								<Element index="12">
									<Name>DiffuseUVScolling</Name>
									<Value>(2, 1, 0, 5)</Value>
								</Element>
								<Element index="13">
									<Name>Distortion</Name>
									<Value>false</Value>
								</Element>
								<Element index="14">
									<Name>FogStrength</Name>
									<Value>0</Value>
								</Element>
								<Element index="15">
									<Name>HDRScale</Name>
									<Value>8</Value>
								</Element>
								<Element index="16">
									<Name>InvFadeDistance</Name>
									<Value>3.33333325</Value>
								</Element>
								<Element index="17">
									<Name>Local</Name>
									<Value>true</Value>
								</Element>
								<Element index="18">
									<Name>MaskMapEnable</Name>
									<Value>false</Value>
								</Element>
								<Element index="19">
									<Name>ModulateColor</Name>
									<Value>(2, 2, 2, 1.5)</Value>
								</Element>
								<Element index="20">
									<Name>Soft</Name>
									<Value>true</Value>
								</Element>
								<Element index="21">
									<Name>TwistStrength</Name>
									<Value>(0, 0.2)</Value>
								</Element>
								<Element index="22">
									<Name>TwistUVScolling</Name>
									<Value>(1, 0.5, 0.5, 0.5)</Value>
								</Element>
							</Parameters>
							<InactiveParameters count="0" ordered="true"/>
							<MultiPassMaterials count="0" ordered="true"/>
						</Element>
						<Element index="2">
							<LayerName>wenli_02_submat</LayerName>
							<ShaderName>Effect/Twisted</ShaderName>
							<Parameters count="23" ordered="true">
								<Element index="0">
									<Name>DepthBuffer</Name>
									<Value>00000000-0000-0000-0000-000000000000</Value>
								</Element>
								<Element index="1">
									<Name>DiffuseTexture</Name>
									<Value>d9ed9d09-721d-44d3-8b43-13165abcc06f</Value>
								</Element>
								<Element index="2">
									<Name>MaskTexture</Name>
									<Value>24a6c38f-1b82-4ade-9948-1cc15b26cce0</Value>
								</Element>
								<Element index="3">
									<Name>SSProfilesTextureGlobel</Name>
									<Value>00000000-0000-0000-0000-000000000000</Value>
								</Element>
								<Element index="4">
									<Name>TwistTexture</Name>
									<Value>8d8a10a8-53e2-4cc1-bfe1-9cc9f12a711e</Value>
								</Element>
								<Element index="5">
									<Name>tIRVDayTextureA</Name>
									<Value>00000000-0000-0000-0000-000000000000</Value>
								</Element>
								<Element index="6">
									<Name>tIRVNightTextureA</Name>
									<Value>00000000-0000-0000-0000-000000000000</Value>
								</Element>
								<Element index="7">
									<Name>tScatteringAndTransmittanceVolume</Name>
									<Value>00000000-0000-0000-0000-000000000000</Value>
								</Element>
								<Element index="8">
									<Name>tShadowMapArray</Name>
									<Value>00000000-0000-0000-0000-000000000000</Value>
								</Element>
								<Element index="9">
									<Name>AdditionColor</Name>
									<Value>(1, 1, 1, 1)</Value>
								</Element>
								<Element index="10">
									<Name>BloomScale</Name>
									<Value>0.5</Value>
								</Element>
								<Element index="11">
									<Name>DepthBias</Name>
									<Value>0</Value>
								</Element>
								<Element index="12">
									<Name>DiffuseUVScolling</Name>
									<Value>(1, 0.5, 0, 3)</Value>
								</Element>
								<Element index="13">
									<Name>Distortion</Name>
									<Value>false</Value>
								</Element>
								<Element index="14">
									<Name>FogStrength</Name>
									<Value>0</Value>
								</Element>
								<Element index="15">
									<Name>HDRScale</Name>
									<Value>8</Value>
								</Element>
								<Element index="16">
									<Name>InvFadeDistance</Name>
									<Value>3.33333325</Value>
								</Element>
								<Element index="17">
									<Name>Local</Name>
									<Value>true</Value>
								</Element>
								<Element index="18">
									<Name>MaskMapEnable</Name>
									<Value>false</Value>
								</Element>
								<Element index="19">
									<Name>ModulateColor</Name>
									<Value>(1, 1, 1, 1.5)</Value>
								</Element>
								<Element index="20">
									<Name>Soft</Name>
									<Value>true</Value>
								</Element>
								<Element index="21">
									<Name>TwistStrength</Name>
									<Value>(0.1, 0.2)</Value>
								</Element>
								<Element index="22">
									<Name>TwistUVScolling</Name>
									<Value>(1, 2, 0.5, 0.5)</Value>
								</Element>
							</Parameters>
							<InactiveParameters count="0" ordered="true"/>
							<MultiPassMaterials count="0" ordered="true"/>
						</Element>
						<Element index="3">
							<LayerName>wenli_03_submat</LayerName>
							<ShaderName>Effect/Twisted</ShaderName>
							<Parameters count="23" ordered="true">
								<Element index="0">
									<Name>DepthBuffer</Name>
									<Value>00000000-0000-0000-0000-000000000000</Value>
								</Element>
								<Element index="1">
									<Name>DiffuseTexture</Name>
									<Value>d9ed9d09-721d-44d3-8b43-13165abcc06f</Value>
								</Element>
								<Element index="2">
									<Name>MaskTexture</Name>
									<Value>24a6c38f-1b82-4ade-9948-1cc15b26cce0</Value>
								</Element>
								<Element index="3">
									<Name>SSProfilesTextureGlobel</Name>
									<Value>00000000-0000-0000-0000-000000000000</Value>
								</Element>
								<Element index="4">
									<Name>TwistTexture</Name>
									<Value>8d8a10a8-53e2-4cc1-bfe1-9cc9f12a711e</Value>
								</Element>
								<Element index="5">
									<Name>tIRVDayTextureA</Name>
									<Value>00000000-0000-0000-0000-000000000000</Value>
								</Element>
								<Element index="6">
									<Name>tIRVNightTextureA</Name>
									<Value>00000000-0000-0000-0000-000000000000</Value>
								</Element>
								<Element index="7">
									<Name>tScatteringAndTransmittanceVolume</Name>
									<Value>00000000-0000-0000-0000-000000000000</Value>
								</Element>
								<Element index="8">
									<Name>tShadowMapArray</Name>
									<Value>00000000-0000-0000-0000-000000000000</Value>
								</Element>
								<Element index="9">
									<Name>AdditionColor</Name>
									<Value>(1, 1, 1, 1)</Value>
								</Element>
								<Element index="10">
									<Name>BloomScale</Name>
									<Value>0.5</Value>
								</Element>
								<Element index="11">
									<Name>DepthBias</Name>
									<Value>0</Value>
								</Element>
								<Element index="12">
									<Name>DiffuseUVScolling</Name>
									<Value>(1, 0.5, 0, 3)</Value>
								</Element>
								<Element index="13">
									<Name>Distortion</Name>
									<Value>false</Value>
								</Element>
								<Element index="14">
									<Name>FogStrength</Name>
									<Value>0</Value>
								</Element>
								<Element index="15">
									<Name>HDRScale</Name>
									<Value>8</Value>
								</Element>
								<Element index="16">
									<Name>InvFadeDistance</Name>
									<Value>3.33333325</Value>
								</Element>
								<Element index="17">
									<Name>Local</Name>
									<Value>true</Value>
								</Element>
								<Element index="18">
									<Name>MaskMapEnable</Name>
									<Value>false</Value>
								</Element>
								<Element index="19">
									<Name>ModulateColor</Name>
									<Value>(1, 1, 1, 0.5)</Value>
								</Element>
								<Element index="20">
									<Name>Soft</Name>
									<Value>true</Value>
								</Element>
								<Element index="21">
									<Name>TwistStrength</Name>
									<Value>(0.1, 0.2)</Value>
								</Element>
								<Element index="22">
									<Name>TwistUVScolling</Name>
									<Value>(1, 2, 0.5, 0.5)</Value>
								</Element>
							</Parameters>
							<InactiveParameters count="0" ordered="true"/>
							<MultiPassMaterials count="0" ordered="true"/>
						</Element>
						<Element index="4">
							<LayerName>lizi_submat</LayerName>
							<ShaderName>Particle</ShaderName>
							<Parameters count="19" ordered="true">
								<Element index="0">
									<Name>DepthBuffer</Name>
									<Value>00000000-0000-0000-0000-000000000000</Value>
								</Element>
								<Element index="1">
									<Name>DiffuseTexture</Name>
									<Value>6e4e39f3-f613-4c32-90a7-d1900923cb4e</Value>
								</Element>
								<Element index="2">
									<Name>SSProfilesTextureGlobel</Name>
									<Value>00000000-0000-0000-0000-000000000000</Value>
								</Element>
								<Element index="3">
									<Name>ScreenTexture</Name>
									<Value>00000000-0000-0000-0000-000000000000</Value>
								</Element>
								<Element index="4">
									<Name>tIRVDayTextureA</Name>
									<Value>00000000-0000-0000-0000-000000000000</Value>
								</Element>
								<Element index="5">
									<Name>tIRVNightTextureA</Name>
									<Value>00000000-0000-0000-0000-000000000000</Value>
								</Element>
								<Element index="6">
									<Name>tScatteringAndTransmittanceVolume</Name>
									<Value>00000000-0000-0000-0000-000000000000</Value>
								</Element>
								<Element index="7">
									<Name>tShadowMapArray</Name>
									<Value>00000000-0000-0000-0000-000000000000</Value>
								</Element>
								<Element index="8">
									<Name>AdditionColor</Name>
									<Value>(1, 1, 1, 1)</Value>
								</Element>
								<Element index="9">
									<Name>BloomScale</Name>
									<Value>2</Value>
								</Element>
								<Element index="10">
									<Name>DepthBias</Name>
									<Value>0</Value>
								</Element>
								<Element index="11">
									<Name>Distortion</Name>
									<Value>false</Value>
								</Element>
								<Element index="12">
									<Name>FogStrength</Name>
									<Value>0</Value>
								</Element>
								<Element index="13">
									<Name>HDRScale</Name>
									<Value>8</Value>
								</Element>
								<Element index="14">
									<Name>InvFadeDistance</Name>
									<Value>0</Value>
								</Element>
								<Element index="15">
									<Name>Local</Name>
									<Value>false</Value>
								</Element>
								<Element index="16">
									<Name>ModulateColor</Name>
									<Value>(20, 20, 20, 15)</Value>
								</Element>
								<Element index="17">
									<Name>Soft</Name>
									<Value>false</Value>
								</Element>
								<Element index="18">
									<Name>UVScale</Name>
									<Value>(1, 1)</Value>
								</Element>
							</Parameters>
							<InactiveParameters count="0" ordered="true"/>
							<MultiPassMaterials count="0" ordered="true"/>
						</Element>
						<Element index="5">
							<LayerName>trail_01_submat</LayerName>
							<ShaderName>Particle</ShaderName>
							<Parameters count="19" ordered="true">
								<Element index="0">
									<Name>DepthBuffer</Name>
									<Value>00000000-0000-0000-0000-000000000000</Value>
								</Element>
								<Element index="1">
									<Name>DiffuseTexture</Name>
									<Value>340883d1-7d1f-416a-a44d-d7ab5ae6fe0b</Value>
								</Element>
								<Element index="2">
									<Name>SSProfilesTextureGlobel</Name>
									<Value>00000000-0000-0000-0000-000000000000</Value>
								</Element>
								<Element index="3">
									<Name>ScreenTexture</Name>
									<Value>00000000-0000-0000-0000-000000000000</Value>
								</Element>
								<Element index="4">
									<Name>tIRVDayTextureA</Name>
									<Value>00000000-0000-0000-0000-000000000000</Value>
								</Element>
								<Element index="5">
									<Name>tIRVNightTextureA</Name>
									<Value>00000000-0000-0000-0000-000000000000</Value>
								</Element>
								<Element index="6">
									<Name>tScatteringAndTransmittanceVolume</Name>
									<Value>00000000-0000-0000-0000-000000000000</Value>
								</Element>
								<Element index="7">
									<Name>tShadowMapArray</Name>
									<Value>00000000-0000-0000-0000-000000000000</Value>
								</Element>
								<Element index="8">
									<Name>AdditionColor</Name>
									<Value>(1, 1, 1, 1)</Value>
								</Element>
								<Element index="9">
									<Name>BloomScale</Name>
									<Value>0.5</Value>
								</Element>
								<Element index="10">
									<Name>DepthBias</Name>
									<Value>0</Value>
								</Element>
								<Element index="11">
									<Name>Distortion</Name>
									<Value>false</Value>
								</Element>
								<Element index="12">
									<Name>FogStrength</Name>
									<Value>0</Value>
								</Element>
								<Element index="13">
									<Name>HDRScale</Name>
									<Value>2</Value>
								</Element>
								<Element index="14">
									<Name>InvFadeDistance</Name>
									<Value>0</Value>
								</Element>
								<Element index="15">
									<Name>Local</Name>
									<Value>false</Value>
								</Element>
								<Element index="16">
									<Name>ModulateColor</Name>
									<Value>(5, 5, 5, 1.5)</Value>
								</Element>
								<Element index="17">
									<Name>Soft</Name>
									<Value>false</Value>
								</Element>
								<Element index="18">
									<Name>UVScale</Name>
									<Value>(1, 1)</Value>
								</Element>
							</Parameters>
							<InactiveParameters count="0" ordered="true"/>
							<MultiPassMaterials count="0" ordered="true"/>
						</Element>
						<Element index="6">
							<LayerName>trail_02_submat</LayerName>
							<ShaderName>Particle</ShaderName>
							<Parameters count="19" ordered="true">
								<Element index="0">
									<Name>DepthBuffer</Name>
									<Value>00000000-0000-0000-0000-000000000000</Value>
								</Element>
								<Element index="1">
									<Name>DiffuseTexture</Name>
									<Value>340883d1-7d1f-416a-a44d-d7ab5ae6fe0b</Value>
								</Element>
								<Element index="2">
									<Name>SSProfilesTextureGlobel</Name>
									<Value>00000000-0000-0000-0000-000000000000</Value>
								</Element>
								<Element index="3">
									<Name>ScreenTexture</Name>
									<Value>00000000-0000-0000-0000-000000000000</Value>
								</Element>
								<Element index="4">
									<Name>tIRVDayTextureA</Name>
									<Value>00000000-0000-0000-0000-000000000000</Value>
								</Element>
								<Element index="5">
									<Name>tIRVNightTextureA</Name>
									<Value>00000000-0000-0000-0000-000000000000</Value>
								</Element>
								<Element index="6">
									<Name>tScatteringAndTransmittanceVolume</Name>
									<Value>00000000-0000-0000-0000-000000000000</Value>
								</Element>
								<Element index="7">
									<Name>tShadowMapArray</Name>
									<Value>00000000-0000-0000-0000-000000000000</Value>
								</Element>
								<Element index="8">
									<Name>AdditionColor</Name>
									<Value>(1, 1, 1, 1)</Value>
								</Element>
								<Element index="9">
									<Name>BloomScale</Name>
									<Value>0.5</Value>
								</Element>
								<Element index="10">
									<Name>DepthBias</Name>
									<Value>0</Value>
								</Element>
								<Element index="11">
									<Name>Distortion</Name>
									<Value>false</Value>
								</Element>
								<Element index="12">
									<Name>FogStrength</Name>
									<Value>0</Value>
								</Element>
								<Element index="13">
									<Name>HDRScale</Name>
									<Value>2</Value>
								</Element>
								<Element index="14">
									<Name>InvFadeDistance</Name>
									<Value>0</Value>
								</Element>
								<Element index="15">
									<Name>Local</Name>
									<Value>false</Value>
								</Element>
								<Element index="16">
									<Name>ModulateColor</Name>
									<Value>(1, 1, 1, 2)</Value>
								</Element>
								<Element index="17">
									<Name>Soft</Name>
									<Value>false</Value>
								</Element>
								<Element index="18">
									<Name>UVScale</Name>
									<Value>(1, 1)</Value>
								</Element>
							</Parameters>
							<InactiveParameters count="0" ordered="true"/>
							<MultiPassMaterials count="0" ordered="true"/>
						</Element>
						<Element index="7">
							<LayerName>Combo01_submat</LayerName>
							<ShaderName>Particle</ShaderName>
							<Parameters count="19" ordered="true">
								<Element index="0">
									<Name>DepthBuffer</Name>
									<Value>00000000-0000-0000-0000-000000000000</Value>
								</Element>
								<Element index="1">
									<Name>DiffuseTexture</Name>
									<Value>ffffffff-0100-0000-0100-000047000000</Value>
								</Element>
								<Element index="2">
									<Name>SSProfilesTextureGlobel</Name>
									<Value>00000000-0000-0000-0000-000000000000</Value>
								</Element>
								<Element index="3">
									<Name>ScreenTexture</Name>
									<Value>00000000-0000-0000-0000-000000000000</Value>
								</Element>
								<Element index="4">
									<Name>tIRVDayTextureA</Name>
									<Value>00000000-0000-0000-0000-000000000000</Value>
								</Element>
								<Element index="5">
									<Name>tIRVNightTextureA</Name>
									<Value>00000000-0000-0000-0000-000000000000</Value>
								</Element>
								<Element index="6">
									<Name>tScatteringAndTransmittanceVolume</Name>
									<Value>00000000-0000-0000-0000-000000000000</Value>
								</Element>
								<Element index="7">
									<Name>tShadowMapArray</Name>
									<Value>00000000-0000-0000-0000-000000000000</Value>
								</Element>
								<Element index="8">
									<Name>AdditionColor</Name>
									<Value>(1, 1, 1, 1)</Value>
								</Element>
								<Element index="9">
									<Name>BloomScale</Name>
									<Value>0.5</Value>
								</Element>
								<Element index="10">
									<Name>DepthBias</Name>
									<Value>0</Value>
								</Element>
								<Element index="11">
									<Name>Distortion</Name>
									<Value>false</Value>
								</Element>
								<Element index="12">
									<Name>FogStrength</Name>
									<Value>0</Value>
								</Element>
								<Element index="13">
									<Name>HDRScale</Name>
									<Value>2</Value>
								</Element>
								<Element index="14">
									<Name>InvFadeDistance</Name>
									<Value>0</Value>
								</Element>
								<Element index="15">
									<Name>Local</Name>
									<Value>true</Value>
								</Element>
								<Element index="16">
									<Name>ModulateColor</Name>
									<Value>(1.0, 1.0, 1.0, 1.0)</Value>
								</Element>
								<Element index="17">
									<Name>Soft</Name>
									<Value>false</Value>
								</Element>
								<Element index="18">
									<Name>UVScale</Name>
									<Value>(1, 1)</Value>
								</Element>
							</Parameters>
							<InactiveParameters count="0" ordered="true"/>
							<MultiPassMaterials count="0" ordered="true"/>
						</Element>
						<Element index="8">
							<LayerName>Weapon01_submat</LayerName>
							<ShaderName>Effect/Basic</ShaderName>
							<Parameters count="18" ordered="true">
								<Element index="0">
									<Name>DepthBuffer</Name>
									<Value>00000000-0000-0000-0000-000000000000</Value>
								</Element>
								<Element index="1">
									<Name>DiffuseTexture</Name>
									<Value>ffffffff-0100-0000-0100-000047000000</Value>
								</Element>
								<Element index="2">
									<Name>SSProfilesTextureGlobel</Name>
									<Value>00000000-0000-0000-0000-000000000000</Value>
								</Element>
								<Element index="3">
									<Name>ScreenTexture</Name>
									<Value>00000000-0000-0000-0000-000000000000</Value>
								</Element>
								<Element index="4">
									<Name>tIRVDayTextureA</Name>
									<Value>00000000-0000-0000-0000-000000000000</Value>
								</Element>
								<Element index="5">
									<Name>tIRVNightTextureA</Name>
									<Value>00000000-0000-0000-0000-000000000000</Value>
								</Element>
								<Element index="6">
									<Name>tScatteringAndTransmittanceVolume</Name>
									<Value>00000000-0000-0000-0000-000000000000</Value>
								</Element>
								<Element index="7">
									<Name>tShadowMapArray</Name>
									<Value>00000000-0000-0000-0000-000000000000</Value>
								</Element>
								<Element index="8">
									<Name>AdditionColor</Name>
									<Value>(1, 1, 1, 1)</Value>
								</Element>
								<Element index="9">
									<Name>BloomScale</Name>
									<Value>0.5</Value>
								</Element>
								<Element index="10">
									<Name>DepthBias</Name>
									<Value>0</Value>
								</Element>
								<Element index="11">
									<Name>Distortion</Name>
									<Value>false</Value>
								</Element>
								<Element index="12">
									<Name>FogStrength</Name>
									<Value>0</Value>
								</Element>
								<Element index="13">
									<Name>HDRScale</Name>
									<Value>2</Value>
								</Element>
								<Element index="14">
									<Name>InvFadeDistance</Name>
									<Value>0</Value>
								</Element>
								<Element index="15">
									<Name>Local</Name>
									<Value>true</Value>
								</Element>
								<Element index="16">
									<Name>ModulateColor</Name>
									<Value>(1.0, 1.0, 1.0, 1.0)</Value>
								</Element>
								<Element index="17">
									<Name>Soft</Name>
									<Value>false</Value>
								</Element>
							</Parameters>
							<InactiveParameters count="0" ordered="true"/>
							<MultiPassMaterials count="0" ordered="true"/>
						</Element>
						<Element index="9">
							<LayerName>__none___submat</LayerName>
							<ShaderName>Particle</ShaderName>
							<Parameters count="11" ordered="true">
								<Element index="0">
									<Name>DiffuseTexture</Name>
									<Value>124795d5-dfb9-424d-aec6-6808bc55fe51</Value>
								</Element>
								<Element index="1">
									<Name>InvFadeDistance</Name>
									<Value>0</Value>
								</Element>
								<Element index="2">
									<Name>ModulateColor</Name>
									<Value>(1.0, 0.39215686274509803, 1.0, 1.0)</Value>
								</Element>
								<Element index="3">
									<Name>Soft</Name>
									<Value>0</Value>
								</Element>
								<Element index="4">
									<Name>HDRScale</Name>
									<Value>2</Value>
								</Element>
								<Element index="5">
									<Name>UVScale</Name>
									<Value>(1, 1)</Value>
								</Element>
								<Element index="6">
									<Name>Local</Name>
									<Value>1</Value>
								</Element>
								<Element index="7">
									<Name>BloomScale</Name>
									<Value>0.5</Value>
								</Element>
								<Element index="8">
									<Name>FogStrength</Name>
									<Value>0</Value>
								</Element>
								<Element index="9">
									<Name>DepthBias</Name>
									<Value>0</Value>
								</Element>
								<Element index="10">
									<Name>Distortion</Name>
									<Value>0</Value>
								</Element>
							</Parameters>
							<InactiveParameters count="0" ordered="true"/>
							<MultiPassMaterials count="0" ordered="true"/>
						</Element>
					</Layers>
				</info>
				<flags count="10" ordered="true">
					<Element index="0">1048608</Element>
					<Element index="1">32</Element>
					<Element index="2">32</Element>
					<Element index="3">32</Element>
					<Element index="4">1048608</Element>
					<Element index="5">1048608</Element>
					<Element index="6">1048608</Element>
					<Element index="7">1048608</Element>
					<Element index="8">1048576</Element>
					<Element index="9">1048608</Element>
				</flags>
				<CustomRenderset count="1" ordered="true">
					<Element index="0">0</Element>
				</CustomRenderset>
			</Entity>
		</Root>
	</SMaterialData>
</Resource>

