{
    "custom_editor_type": "custom_editor_icon",
    "describe": "",
    "has_upload": false,
    "key": 134220823,
    "md5": "af174071ad29416ad4a749be980af3b4",
    "name": "SkillIcon11125_05",
    "path": "ui/134220823",
    "res_name": "SkillIcon11125_05.png",
    "size": "128X128",
    "sub_type": "icon",
    "uid": "134220823",
    "url": "https://kk3.nosdn.127.net/editor/png/a05e353b413e8da7fff8e192a13cf2d1.png",
    "version": 1,
    "res_type": "editor_icon",
    "import_export_folder_info": "/code_explorer_custom_root_folder_name/\u9053\u5177\u56fe\u6807/\u6218\u6cd5\u65e0\u6846/1\u7ea7"
}