{
    "134249403": {
        "editor_effect": {
            "deps_info": {
                "deps": [
                    [
                        "editor_icon",
                        900767
                    ],
                    [
                        "editor_icon",
                        902169
                    ],
                    [
                        "editor_icon",
                        901740
                    ],
                    [
                        "editor_icon",
                        901099
                    ],
                    [
                        "editor_icon",
                        901485
                    ],
                    [
                        "editor_icon",
                        900394
                    ],
                    [
                        "editor_icon",
                        901659
                    ],
                    [
                        "editor_icon",
                        901626
                    ],
                    [
                        "editor_icon",
                        901921
                    ],
                    [
                        "editor_icon",
                        901940
                    ],
                    [
                        "editor_icon",
                        901917
                    ],
                    [
                        "editor_icon",
                        900691
                    ],
                    [
                        "editor_icon",
                        902191
                    ]
                ],
                "sound_id_list": []
            },
            "describe": "134249403",
            "key": 134249403,
            "md5": "06a6553f89a30857be6589ae147ab0e2",
            "model_id": 134242369,
            "name": "\u767d\u8272\u98ce\u55b7\u5c04",
            "preview_icon": "",
            "res_identify": "",
            "res_type": "kkres",
            "scale": 1.0,
            "source_effect": [
                100382
            ],
            "uid": "134249403",
            "version": 1
        },
        "model": {
            "custom": true,
            "effect_keep": true,
            "effect_max_life": -1,
            "effect_path": "Fx_Effect/Cartoon/Fx_Skill/Wind/Wind_skill_b_04_07_copy",
            "is_beam_effect": false,
            "meshes": [],
            "model_id": 134242369,
            "name": "\u767d\u8272\u98ce\u55b7\u5c04"
        }
    },
    "sub_type": null,
    "res_type": "editor_effect",
    "import_export_folder_info": "/code_explorer_custom_root_folder_name"
}