{
    "134219175": {
        "editor_effect": {
            "aoi_visibility": false,
            "deps_info": {
                "deps": [
                    [
                        "editor_icon",
                        901426
                    ],
                    [
                        "editor_icon",
                        900037
                    ]
                ],
                "sound_id_list": []
            },
            "describe": "\u7ea2\u8272\u65b9\u5f62\u5371\u9669\u6807\u8bb0",
            "key": 134219175,
            "md5": "f029f860a66c8b288ef4c40a7a1b6605",
            "model_id": 134219175,
            "name": "\u7ea2\u8272\u65b9\u5f62\u5371\u9669\u6807\u8bb0",
            "res_identify": "all",
            "res_type": "kkres",
            "scale": 1.0,
            "source_effect": [
                102384
            ],
            "uid": 134219175,
            "version": 1
        },
        "model": {
            "custom": true,
            "effect_keep": true,
            "effect_max_boundingbox": [
                -1.4616633653640747,
                -1.2616633176803589,
                -1.4616633653640747,
                1.4616633653640747,
                1.6616634130477905,
                1.4616633653640747
            ],
            "effect_max_life": -1,
            "effect_path": "Fx_Effect/Realism/Fx_Ui/Ui_weixian001_copy",
            "is_beam_effect": false,
            "meshes": [],
            "model_id": 134219175,
            "name": "\u7ea2\u8272\u65b9\u5f62\u5371\u9669\u6807\u8bb0"
        }
    },
    "sub_type": null,
    "res_type": "editor_effect",
    "import_export_folder_info": "/code_explorer_custom_root_folder_name"
}