{
    "custom_editor_type": "custom_editor_icon",
    "describe": "",
    "has_upload": false,
    "key": 134236119,
    "md5": "bc4a6d69e37c0e5e461a1513b8eb2247",
    "name": "\u795e\u9b42_\u9501\u7075\u8bc0",
    "path": "ui/134236119",
    "res_name": "\u795e\u9b42_\u9501\u7075\u8bc0.png",
    "size": "128X128",
    "sub_type": "icon",
    "uid": "134236119",
    "url": "https://kk3.nosdn.127.net/editor/png/f1dd1d39c545015091b6fde1b1641436.png",
    "version": 1,
    "res_type": "editor_icon",
    "import_export_folder_info": "/code_explorer_custom_root_folder_name/\u9053\u5177\u56fe\u6807/\u6218\u6cd5\u65e0\u6846/3\u7ea7"
}