{
    "custom_editor_type": "custom_editor_icon",
    "describe": "",
    "has_upload": false,
    "key": 134242717,
    "md5": "d91b313ccd9b852d874f52d099127d55",
    "name": "\u5927\u62db\u56fe\u6807_0000s_0007_\u795e\u5175\u673a\u5173",
    "path": "ui/134242717",
    "res_name": "\u5927\u62db\u56fe\u6807_0000s_0007_\u795e\u5175\u673a\u5173.png",
    "size": "128X128",
    "sub_type": "icon",
    "uid": "134242717",
    "url": "https://kk3.nosdn.127.net/editor/png/5951725a250a5803fb3290910dd39695.png",
    "version": 1,
    "res_type": "editor_icon",
    "import_export_folder_info": "/code_explorer_custom_root_folder_name"
}