{
    "custom_editor_type": "custom_editor_icon",
    "describe": "",
    "has_upload": false,
    "key": 134221471,
    "md5": "c6fb95a40e5cd2785a02670e38c0c7bc",
    "name": "\u673a\u5173\u672f\u673a\u5173\u4eba4\u666e\u653b",
    "path": "ui/134221471",
    "res_name": "\u673a\u5173\u672f\u673a\u5173\u4eba4\u666e\u653b.png",
    "size": "200X200",
    "sub_type": "icon",
    "uid": "134221471",
    "url": "https://kk3.nosdn.127.net/editor/png/746fc9fc744a502388f4f62b7917de2a.png",
    "version": 1,
    "res_type": "editor_icon",
    "import_export_folder_info": "/code_explorer_custom_root_folder_name/\u6b66\u529f\u56fe\u6807"
}