{
    "custom_editor_type": "custom_editor_icon",
    "describe": "",
    "has_upload": false,
    "key": 134278813,
    "md5": "ebe50047d3fdc1ece4a6f32e5c1f9091",
    "name": "SkillIcon11113_03",
    "path": "ui/134278813",
    "res_name": "SkillIcon11113_03.png",
    "size": "128X128",
    "sub_type": "icon",
    "uid": "134278813",
    "url": "https://kk3.nosdn.127.net/editor/png/98c0bb5c9a1f424f4fa2b8bb2a30dbcc.png",
    "version": 1,
    "res_type": "editor_icon",
    "import_export_folder_info": "/code_explorer_custom_root_folder_name/\u9053\u5177\u56fe\u6807/\u6218\u6cd5\u65e0\u6846/2\u7ea7"
}