{
    "custom_editor_type": "custom_editor_icon",
    "describe": "",
    "has_upload": false,
    "key": 134243007,
    "md5": "bd539024bb9bc856762aa985b7dd0a58",
    "name": "\u5947\u672f\u56de\u590dUR\u5b50\u5348\u9488\u7078\u7ecf",
    "path": "ui/134243007",
    "res_name": "\u5947\u672f\u56de\u590dUR\u5b50\u5348\u9488\u7078\u7ecf.jpg",
    "size": "200X200",
    "sub_type": "icon",
    "uid": "134243007",
    "url": "https://kk3.nosdn.127.net/editor/jpg/c9746cae57cc6785bd497e5bc4e614df.jpg",
    "version": 1,
    "res_type": "editor_icon",
    "import_export_folder_info": "/code_explorer_custom_root_folder_name/\u6b66\u529f\u56fe\u6807"
}