{
    "custom_editor_type": "custom_editor_icon",
    "describe": "",
    "has_upload": false,
    "key": 134229123,
    "md5": "f5ef260613df1cdcdc4f442cd153016c",
    "name": "\u6b66\u529f\u6b8b\u5377\u6280\u80fd\u56fe\u6807_0007s_0009_\u7384\u94c1\u5251\u6cd5",
    "path": "ui/134229123",
    "res_name": "\u6b66\u529f\u6b8b\u5377\u6280\u80fd\u56fe\u6807_0007s_0009_\u7384\u94c1\u5251\u6cd5.png",
    "size": "128X128",
    "sub_type": "icon",
    "uid": "134229123",
    "url": "https://kk3.nosdn.127.net/editor/png/cdad4c934040dceff6921014a12689e8.png",
    "version": 1,
    "res_type": "editor_icon",
    "import_export_folder_info": "/code_explorer_custom_root_folder_name/\u6b66\u529f\u56fe\u6807"
}