{
    "custom_editor_type": "custom_editor_icon",
    "describe": "",
    "has_upload": false,
    "key": 134266181,
    "md5": "70894ea6706cbc5d98ae15d82b4245b9",
    "name": "S_SkillIcon_83",
    "path": "ui/134266181",
    "res_name": "S_SkillIcon_83.png",
    "size": "128X128",
    "sub_type": "icon",
    "uid": "134266181",
    "url": "https://kk3.nosdn.127.net/editor/png/6ef363604cacd201fc5674718787d368.png",
    "version": 1,
    "res_type": "editor_icon",
    "import_export_folder_info": "/code_explorer_custom_root_folder_name/\u9053\u5177\u56fe\u6807/\u6218\u6cd5\u65e0\u6846/2\u7ea7"
}