{
    "134226584": {
        "editor_effect": {
            "deps_info": {
                "deps": [
                    [
                        "editor_icon",
                        901610
                    ],
                    [
                        "editor_icon",
                        900242
                    ],
                    [
                        "editor_icon",
                        902225
                    ],
                    [
                        "editor_icon",
                        901868
                    ],
                    [
                        "editor_icon",
                        901188
                    ],
                    [
                        "editor_icon",
                        900031
                    ],
                    [
                        "editor_icon",
                        901921
                    ],
                    [
                        "editor_icon",
                        901917
                    ],
                    [
                        "editor_icon",
                        900691
                    ]
                ],
                "sound_id_list": []
            },
            "describe": "134226584",
            "key": 134226584,
            "md5": "20c496ec8a1364f9adcbcac4b9517dbb",
            "model_id": 134263215,
            "name": "\u7c89\u8272\u6c34\u55b7\u5c04",
            "preview_icon": "",
            "res_identify": "",
            "res_type": "kkres",
            "scale": 1.0,
            "source_effect": [
                101091
            ],
            "uid": "134226584",
            "version": 1
        },
        "model": {
            "custom": true,
            "effect_keep": true,
            "effect_max_life": -1,
            "effect_path": "Fx_Effect/Cartoon/Fx_Skill/Water/Water_5023_skill_pet_01_02_01_copy",
            "is_beam_effect": false,
            "meshes": [],
            "model_id": 134263215,
            "name": "\u7c89\u8272\u6c34\u55b7\u5c04"
        }
    },
    "sub_type": null,
    "res_type": "editor_effect",
    "import_export_folder_info": "/code_explorer_custom_root_folder_name"
}