{
    "custom_editor_type": "custom_editor_icon",
    "describe": "",
    "has_upload": false,
    "key": 134249962,
    "md5": "c088a380820b79ddfd7e9261b9531e94",
    "name": "\u7ecf\u8109-\u751f\u547d",
    "path": "ui/134249962",
    "res_name": "\u7ecf\u8109-\u751f\u547d.png",
    "size": "128X128",
    "sub_type": "icon",
    "uid": "134249962",
    "url": "https://kk3.nosdn.127.net/editor/png/b4808fe7690f684ff3fc4867b356b69d.png",
    "version": 1,
    "res_type": "editor_icon",
    "import_export_folder_info": "/code_explorer_custom_root_folder_name/\u9053\u5177\u56fe\u6807/\u6218\u6cd5\u65e0\u6846/2\u7ea7"
}