{
    "custom_editor_type": "custom_editor_icon",
    "describe": "",
    "has_upload": false,
    "key": 134257805,
    "md5": "8b9c4c64dde1653a10d097a5c4d29f87",
    "name": "\u5947\u529fSSR\u795e\u8db3\u7ecf",
    "path": "ui/134257805",
    "res_name": "\u5947\u529fSSR\u795e\u8db3\u7ecf.jpg",
    "size": "200X200",
    "sub_type": "icon",
    "uid": "134257805",
    "url": "https://kk3.nosdn.127.net/editor/jpg/8d3b4245beeaa8845a9cb9029b84bdc9.jpg",
    "version": 1,
    "res_type": "editor_icon",
    "import_export_folder_info": "/code_explorer_custom_root_folder_name/\u6b66\u529f\u56fe\u6807"
}