{
    "custom_editor_type": "custom_editor_icon",
    "describe": "",
    "has_upload": false,
    "key": 134276482,
    "md5": "eacd66dcc96f919f0c3a81ade0b01deb",
    "name": "\u6b66\u529f\u6b8b\u5377\u53e4\u5893\u5b88\u536b",
    "path": "ui/134276482",
    "res_name": "\u6b66\u529f\u6b8b\u5377\u6280\u80fd\u56fe\u6807_0003s_0005_\u7389\u5973\u5fc3\u7ecf.png",
    "size": "128X128",
    "sub_type": "icon",
    "uid": "134276482",
    "url": "https://kk3.nosdn.127.net/editor/png/ef4ce78ac8de7422ac83a2958d621a3e.png",
    "version": 1,
    "res_type": "editor_icon",
    "import_export_folder_info": "/code_explorer_custom_root_folder_name/\u6b66\u529f\u56fe\u6807"
}