{
    "custom_editor_type": "custom_editor_icon",
    "describe": "",
    "has_upload": false,
    "key": 134262415,
    "md5": "544158f0fdb0f294b9f4d86eb0a2066e",
    "name": "SkillIcon11121_03",
    "path": "ui/134262415",
    "res_name": "SkillIcon11121_03.png",
    "size": "128X128",
    "sub_type": "icon",
    "uid": "134262415",
    "url": "https://kk3.nosdn.127.net/editor/png/02a578f30c5ea0f6ab5dbb84535e1ec6.png",
    "version": 1,
    "res_type": "editor_icon",
    "import_export_folder_info": "/code_explorer_custom_root_folder_name/\u9053\u5177\u56fe\u6807/\u6218\u6cd5\u65e0\u6846/2\u7ea7"
}