{
    "custom_editor_type": "custom_editor_icon",
    "describe": "",
    "has_upload": false,
    "key": 134245150,
    "md5": "e6c1b869bd1bbe7da3228963d6c989e0",
    "name": "SkillIcon11109_01",
    "path": "ui/134245150",
    "res_name": "SkillIcon11109_01.png",
    "size": "128X128",
    "sub_type": "icon",
    "uid": "134245150",
    "version": 1,
    "res_type": "editor_icon",
    "import_export_folder_info": "/code_explorer_custom_root_folder_name/\u9053\u5177\u56fe\u6807/\u6218\u6cd5\u65e0\u6846/2\u7ea7"
}