{
    "custom_editor_type": "custom_editor_icon",
    "describe": "",
    "has_upload": false,
    "key": 134220805,
    "md5": "d0cbb8013f36ce3c940764929364e62f",
    "name": "\u8fd1\u6218\u5251\u6cd5UR\u72ec\u5b64\u4e5d\u5251",
    "path": "ui/134220805",
    "res_name": "\u8fd1\u6218\u5251\u6cd5UR\u72ec\u5b64\u4e5d\u5251.jpg",
    "size": "200X200",
    "sub_type": "icon",
    "uid": "134220805",
    "url": "https://kk3.nosdn.127.net/editor/jpg/1eb70a91513e8504951d1fd4c84322ee.jpg",
    "version": 1,
    "res_type": "editor_icon",
    "import_export_folder_info": "/code_explorer_custom_root_folder_name/\u6b66\u529f\u56fe\u6807"
}