{
    "custom_editor_type": "custom_editor_icon",
    "describe": "",
    "has_upload": false,
    "key": 134240448,
    "md5": "979f7b490e25d1ae4686bdf3331efed1",
    "name": "\u7ecf\u8109-\u706b\u4eb2",
    "path": "ui/134240448",
    "res_name": "\u7ecf\u8109-\u706b\u4eb2.png",
    "size": "128X128",
    "sub_type": "icon",
    "uid": "134240448",
    "url": "https://kk3.nosdn.127.net/editor/png/a6009477b0ccab48d9653a1212b7efba.png",
    "version": 1,
    "res_type": "editor_icon",
    "import_export_folder_info": "/code_explorer_custom_root_folder_name/\u9053\u5177\u56fe\u6807/\u6218\u6cd5\u65e0\u6846/1\u7ea7"
}