{
    "custom_editor_type": "custom_editor_icon",
    "describe": "",
    "has_upload": false,
    "key": 134249338,
    "md5": "ccaf2f8cc2c143b9e0ee2cb297a297e3",
    "name": "\u5947\u672f\u56de\u590dSSR\u7389\u5973\u529f",
    "path": "ui/134249338",
    "res_name": "\u5947\u672f\u56de\u590dSSR\u7389\u5973\u529f.jpg",
    "size": "200X200",
    "sub_type": "icon",
    "uid": "134249338",
    "url": "https://kk3.nosdn.127.net/editor/jpg/9fa73324b160f3cb2a4454a1cc3fa6fe.jpg",
    "version": 1,
    "res_type": "editor_icon",
    "import_export_folder_info": "/code_explorer_custom_root_folder_name"
}