{
    "custom_editor_type": "custom_editor_icon",
    "describe": "",
    "has_upload": false,
    "key": 134260774,
    "md5": "24ecd2be1803dbc3d67125af22cc0389",
    "name": "\u795e\u9b42_\u66b4\u4f24",
    "path": "ui/134260774",
    "res_name": "\u795e\u9b42_\u66b4\u4f24.png",
    "size": "128X128",
    "sub_type": "icon",
    "uid": "134260774",
    "url": "https://kk3.nosdn.127.net/editor/png/16b9713c76ab6010516a8fe1402a73a7.png",
    "version": 1,
    "res_type": "editor_icon",
    "import_export_folder_info": "/code_explorer_custom_root_folder_name/\u9053\u5177\u56fe\u6807/\u6218\u6cd5\u65e0\u6846/1\u7ea7"
}