{
    "134244394": {
        "editor_effect": {
            "deps_info": {
                "deps": [
                    [
                        "editor_icon",
                        900767
                    ],
                    [
                        "editor_icon",
                        902169
                    ],
                    [
                        "editor_icon",
                        901740
                    ],
                    [
                        "editor_icon",
                        900797
                    ],
                    [
                        "editor_icon",
                        901099
                    ],
                    [
                        "editor_icon",
                        901485
                    ],
                    [
                        "editor_icon",
                        900394
                    ],
                    [
                        "editor_icon",
                        901659
                    ],
                    [
                        "editor_icon",
                        901626
                    ],
                    [
                        "editor_icon",
                        901921
                    ],
                    [
                        "editor_icon",
                        901940
                    ],
                    [
                        "editor_icon",
                        901917
                    ],
                    [
                        "editor_icon",
                        902105
                    ],
                    [
                        "editor_icon",
                        900691
                    ],
                    [
                        "editor_icon",
                        902191
                    ]
                ],
                "sound_id_list": []
            },
            "describe": "134244394",
            "key": 134244394,
            "md5": "4adc3c0e582780b07bd01b9dc0411556",
            "model_id": 134280428,
            "name": "\u6a59\u8272\u706b\u7130\u8fde\u63a5",
            "preview_icon": "",
            "res_identify": "",
            "res_type": "kkres",
            "scale": 1.0,
            "source_effect": [
                100385
            ],
            "uid": "134244394",
            "version": 1
        },
        "model": {
            "custom": true,
            "effect_keep": true,
            "effect_max_life": -1,
            "effect_path": "Fx_Effect/Cartoon/Fx_Skill/Fire/Fire_skill_b_04_07_03_copy",
            "is_beam_effect": false,
            "meshes": [],
            "model_id": 134280428,
            "name": "\u6a59\u8272\u706b\u7130\u8fde\u63a5"
        }
    },
    "sub_type": null,
    "res_type": "editor_effect",
    "import_export_folder_info": "/code_explorer_custom_root_folder_name"
}