{
    "custom_editor_type": "custom_editor_icon",
    "describe": "",
    "has_upload": false,
    "key": 134258255,
    "md5": "fc845287d4af9c30e04e3413f87abc99",
    "name": "SkillIcon11147_03",
    "path": "ui/134258255",
    "res_name": "SkillIcon11147_03.png",
    "size": "128X128",
    "sub_type": "icon",
    "uid": "134258255",
    "url": "https://kk3.nosdn.127.net/editor/png/7c3a80ebc258da88a57ffde7d9867c2f.png",
    "version": 1,
    "res_type": "editor_icon",
    "import_export_folder_info": "/code_explorer_custom_root_folder_name/\u9053\u5177\u56fe\u6807/\u6218\u6cd5\u65e0\u6846/3\u7ea7"
}