{
    "custom_editor_type": "custom_editor_icon",
    "describe": "",
    "has_upload": false,
    "key": 134235722,
    "md5": "fa6a54c6921dd50b8db9d8ad35a1427c",
    "name": "SkillIcon11124_04",
    "path": "ui/134235722",
    "res_name": "SkillIcon11124_04.png",
    "size": "128X128",
    "sub_type": "icon",
    "uid": "134235722",
    "url": "https://kk3.nosdn.127.net/editor/png/bc2b02ff727c6e5eaeb6cfbb60b0f051.png",
    "version": 1,
    "res_type": "editor_icon",
    "import_export_folder_info": "/code_explorer_custom_root_folder_name/\u9053\u5177\u56fe\u6807/\u6218\u6cd5\u65e0\u6846/3\u7ea7"
}