{
    "custom_editor_type": "custom_editor_icon",
    "describe": "",
    "has_upload": false,
    "key": 134227002,
    "md5": "6f9c94a8eb992653fa4d1be94146d540",
    "name": "\u6b66\u529f\u6b8b\u5377\u6280\u80fd\u56fe\u6807_0003s_0004_\u767e\u82b1\u7075\u97f5",
    "path": "ui/134227002",
    "res_name": "\u6b66\u529f\u6b8b\u5377\u6280\u80fd\u56fe\u6807_0003s_0004_\u767e\u82b1\u7075\u97f5.png",
    "size": "128X128",
    "sub_type": "icon",
    "uid": "134227002",
    "url": "https://kk3.nosdn.127.net/editor/png/2f2c7c7059f784c63e3db4d9c37086b7.png",
    "version": 1,
    "res_type": "editor_icon",
    "import_export_folder_info": "/code_explorer_custom_root_folder_name/\u6b66\u529f\u56fe\u6807"
}