{
    "custom_editor_type": "custom_editor_icon",
    "describe": "",
    "has_upload": false,
    "key": 134269943,
    "md5": "56ea4a32b434c7737ca213457e6789c0",
    "name": "\u5927\u62db\u56fe\u6807_0004s_0003_\u542c\u6d77\u9f99\u541f",
    "path": "ui/134269943",
    "res_name": "\u5927\u62db\u56fe\u6807_0004s_0003_\u542c\u6d77\u9f99\u541f.png",
    "size": "128X128",
    "sub_type": "icon",
    "uid": "134269943",
    "url": "https://kk3.nosdn.127.net/editor/png/9b3ee39b21ef08973574755322e6c7db.png",
    "version": 1,
    "res_type": "editor_icon",
    "import_export_folder_info": "/code_explorer_custom_root_folder_name"
}