{
    "custom_editor_type": "custom_editor_icon",
    "describe": "",
    "has_upload": false,
    "key": 134239104,
    "md5": "8af297f5802b85303e0f5bce25af84ca",
    "name": "SkillIcon11132_04",
    "path": "ui/134239104",
    "res_name": "SkillIcon11132_04.png",
    "size": "128X128",
    "sub_type": "icon",
    "uid": "134239104",
    "url": "https://kk3.nosdn.127.net/editor/png/9a6d758e12d35deb371c98d01b09b100.png",
    "version": 1,
    "res_type": "editor_icon",
    "import_export_folder_info": "/code_explorer_custom_root_folder_name/\u9053\u5177\u56fe\u6807/\u6218\u6cd5\u65e0\u6846/2\u7ea7"
}