{
    "custom_editor_type": "custom_editor_icon",
    "describe": "",
    "has_upload": false,
    "key": 134279174,
    "md5": "b39813d56b1321d715656912ed77e012",
    "name": "UR 1",
    "path": "ui/134279174",
    "res_name": "UR 1.png",
    "size": "100X62",
    "sub_type": "icon",
    "uid": "134279174",
    "url": "https://kk3.nosdn.127.net/editor/png/47fc079ef2f29799e7cdf84b59efdacf.png",
    "version": 1,
    "res_type": "editor_icon",
    "import_export_folder_info": "/code_explorer_custom_root_folder_name/\u7d20\u6750"
}