{
    "custom_editor_type": "custom_editor_icon",
    "describe": "",
    "has_upload": false,
    "key": 134246110,
    "md5": "394892ce8f65332b8b41b05702e58fd1",
    "name": "\u673a\u5173\u672f\u673a\u5173\u4eba1\u6280\u80fd",
    "path": "ui/134246110",
    "res_name": "\u673a\u5173\u672f\u673a\u5173\u4eba1\u6280\u80fd.png",
    "size": "200X200",
    "sub_type": "icon",
    "uid": "134246110",
    "version": 1,
    "res_type": "editor_icon",
    "import_export_folder_info": "/code_explorer_custom_root_folder_name/\u6b66\u529f\u56fe\u6807"
}