{
    "custom_editor_type": "custom_editor_icon",
    "describe": "",
    "has_upload": false,
    "key": 134249764,
    "md5": "4d479d53f472e4ec5432b8b98dd6633c",
    "name": "\u6b66\u529f\u6b8b\u5377\u6280\u80fd\u56fe\u6807_0006s_0014_\u9739\u96f3\u79d8\u7c4d",
    "path": "ui/134249764",
    "res_name": "\u6b66\u529f\u6b8b\u5377\u6280\u80fd\u56fe\u6807_0006s_0014_\u9739\u96f3\u79d8\u7c4d.png",
    "size": "128X128",
    "sub_type": "icon",
    "uid": "134249764",
    "url": "https://kk3.nosdn.127.net/editor/png/4d11bf0c233fca850df82813bed17753.png",
    "version": 1,
    "res_type": "editor_icon",
    "import_export_folder_info": "/code_explorer_custom_root_folder_name/\u6b66\u529f\u56fe\u6807"
}