{
    "custom_editor_type": "custom_editor_icon",
    "describe": "",
    "has_upload": false,
    "key": 134223368,
    "md5": "61370f436c653665d86988b7996cdff5",
    "name": "SkillIcon11131_05",
    "path": "ui/134223368",
    "res_name": "SkillIcon11131_05.png",
    "size": "128X128",
    "sub_type": "icon",
    "uid": "134223368",
    "url": "https://kk3.nosdn.127.net/editor/png/5f98c8146d2e1766b728e53006c2d167.png",
    "version": 1,
    "res_type": "editor_icon",
    "import_export_folder_info": "/code_explorer_custom_root_folder_name/\u9053\u5177\u56fe\u6807/\u6218\u6cd5\u65e0\u6846/2\u7ea7"
}