{
    "134255329": {
        "editor_effect": {
            "aoi_visibility": 2,
            "deps_info": {
                "deps": [
                    [
                        "editor_icon",
                        903181
                    ],
                    [
                        "editor_icon",
                        902469
                    ],
                    [
                        "editor_icon",
                        902949
                    ],
                    [
                        "editor_icon",
                        903069
                    ],
                    [
                        "editor_icon",
                        903019
                    ],
                    [
                        "editor_icon",
                        901886
                    ]
                ],
                "sound_id_list": []
            },
            "describe": "Hit_LuoLing_die_blood_v0001",
            "key": 134255329,
            "md5": "0b8f6b95bc05054cad5bd829c3fba1d6",
            "model_id": 134255329,
            "name": "\u7ea2\u8272\u55dc\u8840\u53d7\u51fb",
            "res_identify": "all",
            "res_type": "kkres",
            "scale": 1.0,
            "source_effect": 104060,
            "sub_type": "effect",
            "uid": 134255329,
            "version": 1
        },
        "model": {
            "custom": true,
            "effect_keep": false,
            "effect_max_boundingbox": [
                -4.087841033935547,
                -4.087841033935547,
                -4.178024768829346,
                4.087841033935547,
                4.1037445068359375,
                3.997657537460327
            ],
            "effect_max_life": 1.2800000500000002,
            "effect_path": "Fx_Effect/LuoLin/Fx_Common/Hit/Hit_LuoLing_die_blood_v0001_copy",
            "is_beam_effect": false,
            "meshes": [],
            "model_id": 134255329,
            "name": "\u7ea2\u8272\u55dc\u8840\u53d7\u51fb"
        }
    },
    "sub_type": "effect",
    "res_type": "editor_effect",
    "import_export_folder_info": "/code_explorer_custom_root_folder_name"
}