<?xml version="1.0" encoding="utf-8"?>
<Resource>
	<Version>2</Version>
	<SMaterialData>
		<Root>
			<Sub/>
			<Entity type="SMaterialData">
				<name>_material</name>
				<info>
					<Layers count="5" ordered="true">
						<Element index="0">
							<LayerName>__none___submat</LayerName>
							<ShaderName>Particle</ShaderName>
							<Parameters count="18" ordered="true">
								<Element index="0">
									<Name>DepthBuffer</Name>
									<Value>00000000-0000-0000-0000-000000000000</Value>
								</Element>
								<Element index="1">
									<Name>DiffuseTexture</Name>
									<Value>ffffffff-0100-0000-0100-000047000000</Value>
								</Element>
								<Element index="2">
									<Name>SSProfilesTextureGlobel</Name>
									<Value>00000000-0000-0000-0000-000000000000</Value>
								</Element>
								<Element index="3">
									<Name>ScreenTexture</Name>
									<Value>00000000-0000-0000-0000-000000000000</Value>
								</Element>
								<Element index="4">
									<Name>tIRVDayTextureA</Name>
									<Value>00000000-0000-0000-0000-000000000000</Value>
								</Element>
								<Element index="5">
									<Name>tIRVNightTextureA</Name>
									<Value>00000000-0000-0000-0000-000000000000</Value>
								</Element>
								<Element index="6">
									<Name>tScatteringAndTransmittanceVolume</Name>
									<Value>00000000-0000-0000-0000-000000000000</Value>
								</Element>
								<Element index="7">
									<Name>tShadowMapArray</Name>
									<Value>00000000-0000-0000-0000-000000000000</Value>
								</Element>
								<Element index="8">
									<Name>InvFadeDistance</Name>
									<Value>0</Value>
								</Element>
								<Element index="9">
									<Name>ModulateColor</Name>
									<Value>(1.0, 1.0, 1.0, 1.0)</Value>
								</Element>
								<Element index="10">
									<Name>Soft</Name>
									<Value>0</Value>
								</Element>
								<Element index="11">
									<Name>HDRScale</Name>
									<Value>2</Value>
								</Element>
								<Element index="12">
									<Name>UVScale</Name>
									<Value>(1, 1)</Value>
								</Element>
								<Element index="13">
									<Name>Local</Name>
									<Value>1</Value>
								</Element>
								<Element index="14">
									<Name>BloomScale</Name>
									<Value>0.5</Value>
								</Element>
								<Element index="15">
									<Name>FogStrength</Name>
									<Value>0</Value>
								</Element>
								<Element index="16">
									<Name>DepthBias</Name>
									<Value>0</Value>
								</Element>
								<Element index="17">
									<Name>Distortion</Name>
									<Value>0</Value>
								</Element>
							</Parameters>
							<InactiveParameters count="0" ordered="true"/>
							<MultiPassMaterials count="0" ordered="true"/>
						</Element>
						<Element index="1">
							<LayerName>4_submat</LayerName>
							<ShaderName>Effect/Fresnel</ShaderName>
							<Parameters count="21" ordered="true">
								<Element index="0">
									<Name>DepthBuffer</Name>
									<Value>00000000-0000-0000-0000-000000000000</Value>
								</Element>
								<Element index="1">
									<Name>DiffuseTexture</Name>
									<Value>66c47ba8-925e-435a-9990-65bb7c80651c</Value>
								</Element>
								<Element index="2">
									<Name>MaskTexture</Name>
									<Value>28485283-1b57-4d6b-90bc-48dfdba05e8d</Value>
								</Element>
								<Element index="3">
									<Name>SSProfilesTextureGlobel</Name>
									<Value>00000000-0000-0000-0000-000000000000</Value>
								</Element>
								<Element index="4">
									<Name>TwistTexture</Name>
									<Value>66c47ba8-925e-435a-9990-65bb7c80651c</Value>
								</Element>
								<Element index="5">
									<Name>tIRVDayTextureA</Name>
									<Value>00000000-0000-0000-0000-000000000000</Value>
								</Element>
								<Element index="6">
									<Name>tIRVNightTextureA</Name>
									<Value>00000000-0000-0000-0000-000000000000</Value>
								</Element>
								<Element index="7">
									<Name>tScatteringAndTransmittanceVolume</Name>
									<Value>00000000-0000-0000-0000-000000000000</Value>
								</Element>
								<Element index="8">
									<Name>tShadowMapArray</Name>
									<Value>00000000-0000-0000-0000-000000000000</Value>
								</Element>
								<Element index="9">
									<Name>DepthBias</Name>
									<Value>0</Value>
								</Element>
								<Element index="10">
									<Name>FresnelPower</Name>
									<Value>1</Value>
								</Element>
								<Element index="11">
									<Name>TwistUVScolling</Name>
									<Value>(6, 2, 0.2, -0.1)</Value>
								</Element>
								<Element index="12">
									<Name>FresnelAlpha</Name>
									<Value>0.8</Value>
								</Element>
								<Element index="13">
									<Name>TwistStrength</Name>
									<Value>(0.1, 0.1)</Value>
								</Element>
								<Element index="14">
									<Name>HDRScale</Name>
									<Value>2</Value>
								</Element>
								<Element index="15">
									<Name>InvFadeDistance</Name>
									<Value>0</Value>
								</Element>
								<Element index="16">
									<Name>ModulateColor</Name>
									<Value>(1, 1, 1, 0.2)</Value>
								</Element>
								<Element index="17">
									<Name>DiffuseUVScolling</Name>
									<Value>(1.2, 0.6, -0.5, 0.5)</Value>
								</Element>
								<Element index="18">
									<Name>Soft</Name>
									<Value>0</Value>
								</Element>
								<Element index="19">
									<Name>FogStrength</Name>
									<Value>0</Value>
								</Element>
								<Element index="20">
									<Name>BloomScale</Name>
									<Value>0.5</Value>
								</Element>
							</Parameters>
							<InactiveParameters count="0" ordered="true"/>
							<MultiPassMaterials count="0" ordered="true"/>
						</Element>
						<Element index="2">
							<LayerName>1_submat</LayerName>
							<ShaderName>Effect/Fresnel</ShaderName>
							<Parameters count="21" ordered="true">
								<Element index="0">
									<Name>DepthBuffer</Name>
									<Value>00000000-0000-0000-0000-000000000000</Value>
								</Element>
								<Element index="1">
									<Name>DiffuseTexture</Name>
									<Value>66c47ba8-925e-435a-9990-65bb7c80651c</Value>
								</Element>
								<Element index="2">
									<Name>MaskTexture</Name>
									<Value>28485283-1b57-4d6b-90bc-48dfdba05e8d</Value>
								</Element>
								<Element index="3">
									<Name>SSProfilesTextureGlobel</Name>
									<Value>00000000-0000-0000-0000-000000000000</Value>
								</Element>
								<Element index="4">
									<Name>TwistTexture</Name>
									<Value>62f72bb9-d4b6-4515-9aeb-5fdb7a78fa92</Value>
								</Element>
								<Element index="5">
									<Name>tIRVDayTextureA</Name>
									<Value>00000000-0000-0000-0000-000000000000</Value>
								</Element>
								<Element index="6">
									<Name>tIRVNightTextureA</Name>
									<Value>00000000-0000-0000-0000-000000000000</Value>
								</Element>
								<Element index="7">
									<Name>tScatteringAndTransmittanceVolume</Name>
									<Value>00000000-0000-0000-0000-000000000000</Value>
								</Element>
								<Element index="8">
									<Name>tShadowMapArray</Name>
									<Value>00000000-0000-0000-0000-000000000000</Value>
								</Element>
								<Element index="9">
									<Name>DepthBias</Name>
									<Value>0</Value>
								</Element>
								<Element index="10">
									<Name>FresnelPower</Name>
									<Value>3.5</Value>
								</Element>
								<Element index="11">
									<Name>TwistUVScolling</Name>
									<Value>(6, 2, 0.2, -0.1)</Value>
								</Element>
								<Element index="12">
									<Name>FresnelAlpha</Name>
									<Value>10</Value>
								</Element>
								<Element index="13">
									<Name>TwistStrength</Name>
									<Value>(0.10000000149011612, 0.10000000149011612)</Value>
								</Element>
								<Element index="14">
									<Name>HDRScale</Name>
									<Value>4</Value>
								</Element>
								<Element index="15">
									<Name>InvFadeDistance</Name>
									<Value>0</Value>
								</Element>
								<Element index="16">
									<Name>ModulateColor</Name>
									<Value>(1, 1, 1, 0)</Value>
								</Element>
								<Element index="17">
									<Name>DiffuseUVScolling</Name>
									<Value>(1.2, 0.6, -0.2, 0.4)</Value>
								</Element>
								<Element index="18">
									<Name>Soft</Name>
									<Value>0</Value>
								</Element>
								<Element index="19">
									<Name>FogStrength</Name>
									<Value>0</Value>
								</Element>
								<Element index="20">
									<Name>BloomScale</Name>
									<Value>0.5</Value>
								</Element>
							</Parameters>
							<InactiveParameters count="0" ordered="true"/>
							<MultiPassMaterials count="0" ordered="true"/>
						</Element>
						<Element index="3">
							<LayerName>2_submat</LayerName>
							<ShaderName>Effect/Fresnel</ShaderName>
							<Parameters count="21" ordered="true">
								<Element index="0">
									<Name>DepthBuffer</Name>
									<Value>00000000-0000-0000-0000-000000000000</Value>
								</Element>
								<Element index="1">
									<Name>DiffuseTexture</Name>
									<Value>8e862ec6-1e6f-43b6-9b0f-fcb43c728cca</Value>
								</Element>
								<Element index="2">
									<Name>MaskTexture</Name>
									<Value>00000000-0000-0000-0000-000000000000</Value>
								</Element>
								<Element index="3">
									<Name>SSProfilesTextureGlobel</Name>
									<Value>00000000-0000-0000-0000-000000000000</Value>
								</Element>
								<Element index="4">
									<Name>TwistTexture</Name>
									<Value>00000000-0000-0000-0000-000000000000</Value>
								</Element>
								<Element index="5">
									<Name>tIRVDayTextureA</Name>
									<Value>00000000-0000-0000-0000-000000000000</Value>
								</Element>
								<Element index="6">
									<Name>tIRVNightTextureA</Name>
									<Value>00000000-0000-0000-0000-000000000000</Value>
								</Element>
								<Element index="7">
									<Name>tScatteringAndTransmittanceVolume</Name>
									<Value>00000000-0000-0000-0000-000000000000</Value>
								</Element>
								<Element index="8">
									<Name>tShadowMapArray</Name>
									<Value>00000000-0000-0000-0000-000000000000</Value>
								</Element>
								<Element index="9">
									<Name>DepthBias</Name>
									<Value>0</Value>
								</Element>
								<Element index="10">
									<Name>FresnelPower</Name>
									<Value>2</Value>
								</Element>
								<Element index="11">
									<Name>TwistUVScolling</Name>
									<Value>(6, 2, 0.2, -0.1)</Value>
								</Element>
								<Element index="12">
									<Name>FresnelAlpha</Name>
									<Value>1</Value>
								</Element>
								<Element index="13">
									<Name>TwistStrength</Name>
									<Value>(0.1, 0.1)</Value>
								</Element>
								<Element index="14">
									<Name>HDRScale</Name>
									<Value>2</Value>
								</Element>
								<Element index="15">
									<Name>InvFadeDistance</Name>
									<Value>0</Value>
								</Element>
								<Element index="16">
									<Name>ModulateColor</Name>
									<Value>(1, 1, 1, 0)</Value>
								</Element>
								<Element index="17">
									<Name>DiffuseUVScolling</Name>
									<Value>(1.2, 0.6, -0.2, 0.4)</Value>
								</Element>
								<Element index="18">
									<Name>Soft</Name>
									<Value>0</Value>
								</Element>
								<Element index="19">
									<Name>FogStrength</Name>
									<Value>0</Value>
								</Element>
								<Element index="20">
									<Name>BloomScale</Name>
									<Value>0.5</Value>
								</Element>
							</Parameters>
							<InactiveParameters count="0" ordered="true"/>
							<MultiPassMaterials count="0" ordered="true"/>
						</Element>
						<Element index="4">
							<LayerName>__none___submat</LayerName>
							<ShaderName>Effect/Fresnel</ShaderName>
							<Parameters count="15" ordered="true">
								<Element index="0">
									<Name>DiffuseTexture</Name>
									<Value>abbb93c1-3d87-4f20-b24a-dfc644d065d8</Value>
								</Element>
								<Element index="1">
									<Name>MaskTexture</Name>
									<Value>00000000-0000-0000-0000-000000000000</Value>
								</Element>
								<Element index="2">
									<Name>TwistTexture</Name>
									<Value>ae51a81f-de03-4f26-bed8-0fe1e23e10e7</Value>
								</Element>
								<Element index="3">
									<Name>DepthBias</Name>
									<Value>0</Value>
								</Element>
								<Element index="4">
									<Name>FresnelPower</Name>
									<Value>1</Value>
								</Element>
								<Element index="5">
									<Name>TwistUVScolling</Name>
									<Value>(1, 1, 0, 0)</Value>
								</Element>
								<Element index="6">
									<Name>FresnelAlpha</Name>
									<Value>1</Value>
								</Element>
								<Element index="7">
									<Name>TwistStrength</Name>
									<Value>(0.1, 0.1)</Value>
								</Element>
								<Element index="8">
									<Name>HDRScale</Name>
									<Value>2</Value>
								</Element>
								<Element index="9">
									<Name>InvFadeDistance</Name>
									<Value>0</Value>
								</Element>
								<Element index="10">
									<Name>ModulateColor</Name>
									<Value>(1.0, 1.0, 0.39215686274509803, 1.0)</Value>
								</Element>
								<Element index="11">
									<Name>DiffuseUVScolling</Name>
									<Value>(1.0, 1.0, 0.0, 0.1)</Value>
								</Element>
								<Element index="12">
									<Name>Soft</Name>
									<Value>0</Value>
								</Element>
								<Element index="13">
									<Name>FogStrength</Name>
									<Value>0</Value>
								</Element>
								<Element index="14">
									<Name>BloomScale</Name>
									<Value>0.5</Value>
								</Element>
							</Parameters>
							<InactiveParameters count="0" ordered="true"/>
							<MultiPassMaterials count="0" ordered="true"/>
						</Element>
					</Layers>
				</info>
				<flags count="5" ordered="true">
					<Element index="0">1048608</Element>
					<Element index="1">1048608</Element>
					<Element index="2">1048608</Element>
					<Element index="3">1048608</Element>
					<Element index="4">1048608</Element>
				</flags>
				<CustomRenderset count="1" ordered="true">
					<Element index="0">0</Element>
				</CustomRenderset>
			</Entity>
		</Root>
	</SMaterialData>
</Resource>

