{
    "custom_editor_type": "custom_editor_icon",
    "describe": "",
    "has_upload": false,
    "key": 134266178,
    "md5": "505eb3a81ef53466b0f78aec7d6bf01d",
    "name": "\u5927\u62db\u56fe\u6807_0002s_0000_\u5bf9\u75c7\u4e0b\u836f",
    "path": "ui/134266178",
    "res_name": "\u5927\u62db\u56fe\u6807_0002s_0000_\u5bf9\u75c7\u4e0b\u836f.png",
    "size": "128X128",
    "sub_type": "icon",
    "uid": "134266178",
    "version": 1,
    "res_type": "editor_icon",
    "import_export_folder_info": "/code_explorer_custom_root_folder_name"
}