{
    "custom_editor_type": "custom_editor_icon",
    "describe": "",
    "has_upload": false,
    "key": 134225238,
    "md5": "3aee420b6f9fd96e2bde285e5e855514",
    "name": "\u8fd1\u6218\u5251\u6cd5UR\u592a\u6781\u5251\u6cd5",
    "path": "ui/134225238",
    "res_name": "\u8fd1\u6218\u5251\u6cd5UR\u592a\u6781\u5251\u6cd5.jpg",
    "size": "200X200",
    "sub_type": "icon",
    "uid": "134225238",
    "url": "https://kk3.nosdn.127.net/editor/jpg/108c50354c7cf7b4ec2f0505d6176cd5.jpg",
    "version": 1,
    "res_type": "editor_icon",
    "import_export_folder_info": "/code_explorer_custom_root_folder_name/\u6b66\u529f\u56fe\u6807"
}