{
    "custom_editor_type": "custom_editor_icon",
    "describe": "",
    "has_upload": false,
    "key": 134219054,
    "md5": "d5a6e7cf2194f0e7cc142b00c449c788",
    "name": "\u5947\u529fUR\u5de6\u53f3\u4e92\u535a",
    "path": "ui/134219054",
    "res_name": "\u5947\u529fUR\u5de6\u53f3\u4e92\u535a.jpg",
    "size": "200X200",
    "sub_type": "icon",
    "uid": "134219054",
    "version": 1,
    "res_type": "editor_icon",
    "import_export_folder_info": "/code_explorer_custom_root_folder_name/\u6b66\u529f\u56fe\u6807"
}