{
    "custom_editor_type": "custom_editor_icon",
    "describe": "",
    "has_upload": false,
    "key": 134272169,
    "md5": "c2ddcb569cc79d66f70ec5f8f27e22ae",
    "name": "\u5916\u529fUR\u6613\u7b4b\u7ecf",
    "path": "ui/134272169",
    "res_name": "\u5916\u529fUR\u6613\u7b4b\u7ecf.jpg",
    "size": "200X200",
    "sub_type": "icon",
    "uid": "134272169",
    "url": "https://kk3.nosdn.127.net/editor/jpg/9780c10c824c991bb658905acf0abeae.jpg",
    "version": 1,
    "res_type": "editor_icon",
    "import_export_folder_info": "/code_explorer_custom_root_folder_name/\u6b66\u529f\u56fe\u6807"
}