{
    "custom_editor_type": "custom_editor_icon",
    "describe": "",
    "has_upload": false,
    "key": 134276151,
    "md5": "4571d3af7b60beab48b1028d01fe9fa8",
    "name": "\u5927\u62db\u56fe\u6807_0004s_0005_\u5927\u6f20\u5b64\u96c1",
    "path": "ui/134276151",
    "res_name": "\u5927\u62db\u56fe\u6807_0004s_0005_\u5927\u6f20\u5b64\u96c1.png",
    "size": "128X128",
    "sub_type": "icon",
    "uid": "134276151",
    "url": "https://kk3.nosdn.127.net/editor/png/d9b2a57699d01d7337cceeb7180060be.png",
    "version": 1,
    "res_type": "editor_icon",
    "import_export_folder_info": "/code_explorer_custom_root_folder_name"
}