{
    "custom_editor_type": "custom_editor_icon",
    "describe": "",
    "has_upload": false,
    "key": 134245682,
    "md5": "1251115231db45dabb88b8ee12ea0562",
    "name": "\u8fd1\u6218\u5251\u6cd5UR\u7384\u94c1\u5251\u6cd5",
    "path": "ui/134245682",
    "res_name": "\u8fd1\u6218\u5251\u6cd5UR\u7384\u94c1\u5251\u6cd5.jpg",
    "size": "200X200",
    "sub_type": "icon",
    "uid": "134245682",
    "url": "https://kk3.nosdn.127.net/editor/jpg/419724b5bfb63757a1d08a16d5f20584.jpg",
    "version": 1,
    "res_type": "editor_icon",
    "import_export_folder_info": "/code_explorer_custom_root_folder_name/\u6b66\u529f\u56fe\u6807"
}