{
    "custom_editor_type": "custom_editor_icon",
    "describe": "",
    "has_upload": false,
    "key": 134273153,
    "md5": "398333da75466aac72377ddd7b7cc29d",
    "name": "\u5927\u62db\u56fe\u6807_0001s_0000_\u9f9f\u7532\u795e\u663e",
    "path": "ui/134273153",
    "res_name": "\u5927\u62db\u56fe\u6807_0001s_0000_\u9f9f\u7532\u795e\u663e.png",
    "size": "128X128",
    "sub_type": "icon",
    "uid": "134273153",
    "url": "https://kk3.nosdn.127.net/editor/png/6f903609aa79a897998f3605629ebc6e.png",
    "version": 1,
    "res_type": "editor_icon",
    "import_export_folder_info": "/code_explorer_custom_root_folder_name"
}