{
    "custom_editor_type": "custom_editor_icon",
    "describe": "",
    "has_upload": false,
    "key": 134269634,
    "md5": "3a77366535dece9639e082b4fef30c06",
    "name": "\u6b66\u529f\u6b8b\u5377\u6280\u80fd\u56fe\u6807_0002s_0003_\u795e\u7167\u7ecf_1",
    "path": "ui/134269634",
    "res_name": "\u6b66\u529f\u6b8b\u5377\u6280\u80fd\u56fe\u6807_0002s_0003_\u795e\u7167\u7ecf.png",
    "size": "128X128",
    "sub_type": "icon",
    "uid": "134269634",
    "url": "https://kk3.nosdn.127.net/editor/png/5f399d1e4d84fa38cf88a28b33bc70d6.png",
    "version": 1,
    "res_type": "editor_icon",
    "import_export_folder_info": "/code_explorer_custom_root_folder_name/\u6b66\u529f\u56fe\u6807"
}