{
    "custom_editor_type": "custom_editor_icon",
    "describe": "",
    "has_upload": false,
    "key": 134274715,
    "md5": "9da727a0168997b54b11b819b08704e7",
    "name": "SkillIcon11166_01",
    "path": "ui/134274715",
    "res_name": "SkillIcon11166_01.png",
    "size": "128X128",
    "sub_type": "icon",
    "uid": "134274715",
    "url": "https://kk3.nosdn.127.net/editor/png/96afcb4a594d6aae1be2632d804c6c32.png",
    "version": 1,
    "res_type": "editor_icon",
    "import_export_folder_info": "/code_explorer_custom_root_folder_name/\u9053\u5177\u56fe\u6807/\u6218\u6cd5\u65e0\u6846/2\u7ea7"
}