{
    "custom_editor_type": "custom_editor_icon",
    "describe": "",
    "has_upload": false,
    "key": 134273077,
    "md5": "430e9ea4c410d078b32b8b39193f8f52",
    "name": "SkillIcon11160_05",
    "path": "ui/134273077",
    "res_name": "SkillIcon11160_05.png",
    "size": "128X128",
    "sub_type": "icon",
    "uid": "134273077",
    "url": "https://kk3.nosdn.127.net/editor/png/83399c1fa9216b1d5077480bc16a0e4c.png",
    "version": 1,
    "res_type": "editor_icon",
    "import_export_folder_info": "/code_explorer_custom_root_folder_name/\u9053\u5177\u56fe\u6807/\u6218\u6cd5\u65e0\u6846/1\u7ea7"
}