{
    "custom_editor_type": "custom_editor_icon",
    "describe": "",
    "has_upload": false,
    "key": 134265191,
    "md5": "7ea7e42363de180ff1a992bcf033b58a",
    "name": "\u5927\u62db\u56fe\u6807_0003s_0005_\u4e00\u4e2d\u5373\u79bb",
    "path": "ui/134265191",
    "res_name": "\u5927\u62db\u56fe\u6807_0003s_0005_\u4e00\u4e2d\u5373\u79bb.png",
    "size": "128X128",
    "sub_type": "icon",
    "uid": "134265191",
    "version": 1,
    "res_type": "editor_icon",
    "import_export_folder_info": "/code_explorer_custom_root_folder_name"
}