{
    "custom_editor_type": "custom_editor_icon",
    "describe": "",
    "has_upload": false,
    "key": 134238416,
    "md5": "0de8a5a88fd6c1e12dda7df8a178b508",
    "name": "T_SkillIcon_40",
    "path": "ui/134238416",
    "res_name": "T_SkillIcon_40.png",
    "size": "128X128",
    "sub_type": "icon",
    "uid": "134238416",
    "url": "https://kk3.nosdn.127.net/editor/png/b458a6f2b5820ff01d1291c0f66ee6de.png",
    "version": 1,
    "res_type": "editor_icon",
    "import_export_folder_info": "/code_explorer_custom_root_folder_name/\u9053\u5177\u56fe\u6807/\u6218\u6cd5\u65e0\u6846/1\u7ea7"
}