{
    "custom_editor_type": "custom_editor_icon",
    "describe": "",
    "has_upload": false,
    "key": 134266478,
    "md5": "b5c5604863dcf2ad5fa7f0b96f35c0cc",
    "name": "\u5927\u62db\u56fe\u6807_0006s_0001_\u6563\u6bd2\u65e0\u8e2a",
    "path": "ui/134266478",
    "res_name": "\u5927\u62db\u56fe\u6807_0006s_0001_\u6563\u6bd2\u65e0\u8e2a.png",
    "size": "128X128",
    "sub_type": "icon",
    "uid": "134266478",
    "url": "https://kk3.nosdn.127.net/editor/png/8b967901d10398fe703b9e3947f6383c.png",
    "version": 1,
    "res_type": "editor_icon",
    "import_export_folder_info": "/code_explorer_custom_root_folder_name"
}