{
    "custom_editor_type": "custom_editor_icon",
    "describe": "",
    "has_upload": false,
    "key": 134242862,
    "md5": "d5f01c4ed296b9059478560a94318f95",
    "name": "\u5916\u529fR\u7075\u9e6b\u529f\u6cd5",
    "path": "ui/134242862",
    "res_name": "\u5916\u529fR\u7075\u9e6b\u529f\u6cd5.jpg",
    "size": "200X200",
    "sub_type": "icon",
    "uid": "134242862",
    "url": "https://kk3.nosdn.127.net/editor/jpg/b6f8e15173cfd6f8dcf5359142f13fd3.jpg",
    "version": 1,
    "res_type": "editor_icon",
    "import_export_folder_info": "/code_explorer_custom_root_folder_name/\u6b66\u529f\u56fe\u6807"
}