{
    "custom_editor_type": "custom_editor_icon",
    "describe": "",
    "has_upload": false,
    "key": 134280733,
    "md5": "e518a49cb8ba0f963af793a7bf80ef79",
    "name": "\u5927\u62db\u56fe\u6807_0009s_0002_\u8840\u5f71\u795e\u529f",
    "path": "ui/134280733",
    "res_name": "\u5927\u62db\u56fe\u6807_0009s_0002_\u8840\u5f71\u795e\u529f.png",
    "size": "128X128",
    "sub_type": "icon",
    "uid": "134280733",
    "url": "https://kk3.nosdn.127.net/editor/png/5e7e42252c08c2ef8966d8f01229d46e.png",
    "version": 1,
    "res_type": "editor_icon",
    "import_export_folder_info": "/code_explorer_custom_root_folder_name"
}