<?xml version="1.0" encoding="utf-8"?>
<Resource>
	<Version>8</Version>
	<SRenderMeshData>
		<Root>
			<Sub/>
			<Entity type="SRenderMeshData">
				<VertexFormat count="4">
					<Element index="0">P3F_N4B_T2F</Element>
					<Element index="1">T4H_B4H</Element>
					<Element index="2">W4B_I4B</Element>
					<Element index="3">None</Element>
				</VertexFormat>
				<VertexCount>3716</VertexCount>
				<IndexCount>4236</IndexCount>
				<StreamingMask>0</StreamingMask>
				<PrimTopology>Tri_List</PrimTopology>
				<KeepData>false</KeepData>
				<BoundingVolume rawdata="pBADPG+ohT8K16M05vRRP0SUhD9IHoc+RJQEQA==">(0.00799957275390628,1.0442027282714843,0.00000030517578134,0.82014312744140627,1.03577468872070311,0.26390289306640635,2.07154937744140621)</BoundingVolume>
				<BoundingBox rawdata="pOhPv8MVCjw9Hoe+KQFUP1oeBUBSHoc+">(-0.81214355468749999,0.00842803955078126,-0.26390258789062498,0.82814270019531255,2.07997741699218741,0.26390319824218766)</BoundingBox>
				<Streams count="4">
					<Element index="0">
						<StreamSize>89184</StreamSize>
					</Element>
					<Element index="1">
						<StreamSize>59456</StreamSize>
					</Element>
					<Element index="2">
						<StreamSize>29728</StreamSize>
					</Element>
					<Element index="3">
						<StreamSize>0</StreamSize>
					</Element>
				</Streams>
				<Indices>
					<StreamSize>8472</StreamSize>
				</Indices>
				<Groups count="1" ordered="true">
					<Element index="0">
						<StartIndex>0</StartIndex>
						<IndicesCount>4236</IndicesCount>
						<StartVertex>0</StartVertex>
						<VerticesCount>3716</VerticesCount>
						<BoundingVolume rawdata="pBADPG+ohT8K16M05vRRP0SUhD9IHoc+RJQEQA==">(0.00799957275390628,1.0442027282714843,0.00000030517578134,0.82014312744140627,1.03577468872070311,0.26390289306640635,2.07154937744140621)</BoundingVolume>
						<BoundingBox rawdata="pOhPv8MVCjw9Hoe+KQFUP1oeBUBSHoc+">(-0.81214355468749999,0.00842803955078126,-0.26390258789062498,0.82814270019531255,2.07997741699218741,0.26390319824218766)</BoundingBox>
					</Element>
				</Groups>
			</Entity>
		</Root>
	</SRenderMeshData>
</Resource>
