{
    "custom_editor_type": "custom_editor_icon",
    "describe": "",
    "has_upload": false,
    "key": 134251748,
    "md5": "72749337fe1d5e6d2c106189b120f121",
    "name": "\u5927\u62db\u56fe\u6807_0007s_0002_\u91d1\u521a\u822c\u82e5",
    "path": "ui/134251748",
    "res_name": "\u5927\u62db\u56fe\u6807_0007s_0002_\u91d1\u521a\u822c\u82e5.png",
    "size": "128X128",
    "sub_type": "icon",
    "uid": "134251748",
    "url": "https://kk3.nosdn.127.net/editor/png/e2d314c67a9547bc97e955a6dced54e5.png",
    "version": 1,
    "res_type": "editor_icon",
    "import_export_folder_info": "/code_explorer_custom_root_folder_name"
}