{
    "custom_editor_type": "custom_editor_icon",
    "describe": "",
    "has_upload": false,
    "key": 134271537,
    "md5": "ac1e1f61bbb1b25e3a494b3fc4864056",
    "name": "\u5927\u62db\u56fe\u6807_0002s_0002_\u5233\u5256\u8179\u80cc",
    "path": "ui/134271537",
    "res_name": "\u5927\u62db\u56fe\u6807_0002s_0002_\u5233\u5256\u8179\u80cc.png",
    "size": "128X128",
    "sub_type": "icon",
    "uid": "134271537",
    "version": 1,
    "res_type": "editor_icon",
    "import_export_folder_info": "/code_explorer_custom_root_folder_name"
}