{
    "custom_editor_type": "custom_editor_icon",
    "describe": "",
    "has_upload": false,
    "key": 134256827,
    "md5": "dec28ed1d38b02807cb234eed865122d",
    "name": "\u5fa1\u6b66\u90536",
    "path": "ui/134256827",
    "res_name": "\u5fa1\u6b66\u90536.png",
    "size": "128X128",
    "sub_type": "icon",
    "uid": "134256827",
    "url": "https://kk3.nosdn.127.net/editor/png/1f9059ec05ad51edc1525a30b1fec5ca.png",
    "version": 1,
    "res_type": "editor_icon",
    "import_export_folder_info": "/code_explorer_custom_root_folder_name/\u9053\u5177\u56fe\u6807/\u6218\u6cd5\u65e0\u6846/4\u7ea7"
}