{
    "custom_editor_type": "custom_editor_icon",
    "describe": "",
    "has_upload": false,
    "key": 134232943,
    "md5": "2c04f5143f2d983bbcb0ec2726dbf129",
    "name": "SR 1",
    "path": "ui/134232943",
    "res_name": "SR 1.png",
    "size": "100X62",
    "sub_type": "icon",
    "uid": "134232943",
    "url": "https://kk3.nosdn.127.net/editor/png/fa9544ca9ae3e1840b034cf4254f2750.png",
    "version": 1,
    "res_type": "editor_icon",
    "import_export_folder_info": "/code_explorer_custom_root_folder_name/\u7d20\u6750"
}