{
    "custom_editor_type": "custom_editor_icon",
    "describe": "",
    "has_upload": false,
    "key": 134246659,
    "md5": "48be51c34c4181559b2ab4b35eb35320",
    "name": "\u5f02\u672fUR\u767e\u82b1\u7075\u97f5",
    "path": "ui/134246659",
    "res_name": "\u5f02\u672fUR\u767e\u82b1\u7075\u97f5.jpg",
    "size": "200X200",
    "sub_type": "icon",
    "uid": "134246659",
    "url": "https://kk3.nosdn.127.net/editor/jpg/58e9819939622560bf61eace69a933cd.jpg",
    "version": 1,
    "res_type": "editor_icon",
    "import_export_folder_info": "/code_explorer_custom_root_folder_name/\u6b66\u529f\u56fe\u6807"
}