{
    "custom_editor_type": "custom_editor_icon",
    "describe": "",
    "has_upload": false,
    "key": 134234349,
    "md5": "94464533e3e7637f3f139b5767ff9429",
    "name": "\u6b66\u529f\u6b8b\u5377\u6280\u80fd\u56fe\u6807_0000s_0004_\u6597\u8f6c\u661f\u79fb",
    "path": "ui/134234349",
    "res_name": "\u6b66\u529f\u6b8b\u5377\u6280\u80fd\u56fe\u6807_0000s_0004_\u6597\u8f6c\u661f\u79fb.png",
    "size": "128X128",
    "sub_type": "icon",
    "uid": "134234349",
    "version": 1,
    "res_type": "editor_icon",
    "import_export_folder_info": "/code_explorer_custom_root_folder_name/\u6b66\u529f\u56fe\u6807"
}