{
    "custom_editor_type": "custom_editor_icon",
    "describe": "",
    "has_upload": false,
    "key": 134243377,
    "md5": "e5cc589507f3486faec17a4a76d363de",
    "name": "\u5927\u62db\u56fe\u6807_0005s_0002_\u7075\u86c7\u51fa\u6d1e",
    "path": "ui/134243377",
    "res_name": "\u5927\u62db\u56fe\u6807_0005s_0002_\u7075\u86c7\u51fa\u6d1e.png",
    "size": "128X128",
    "sub_type": "icon",
    "uid": "134243377",
    "url": "https://kk3.nosdn.127.net/editor/png/b390ee8fbb86b5070161043bde795118.png",
    "version": 1,
    "res_type": "editor_icon",
    "import_export_folder_info": "/code_explorer_custom_root_folder_name"
}