{
    "custom_editor_type": "custom_editor_icon",
    "describe": "",
    "has_upload": false,
    "key": 134264078,
    "md5": "0979288a39f61c61e3ced0a6b16a989c",
    "name": "\u6b66\u529f\u6b8b\u5377\u6280\u80fd\u56fe\u6807_0007s_0007_\u8f9f\u90aa\u5251\u6cd5",
    "path": "ui/134264078",
    "res_name": "\u6b66\u529f\u6b8b\u5377\u6280\u80fd\u56fe\u6807_0007s_0007_\u8f9f\u90aa\u5251\u6cd5.png",
    "size": "128X128",
    "sub_type": "icon",
    "uid": "134264078",
    "url": "https://kk3.nosdn.127.net/editor/png/ab8ba160cd40a3699722ea66b23458af.png",
    "version": 1,
    "res_type": "editor_icon",
    "import_export_folder_info": "/code_explorer_custom_root_folder_name/\u6b66\u529f\u56fe\u6807"
}