{
    "custom_editor_type": "custom_editor_icon",
    "describe": "",
    "has_upload": false,
    "key": 134258293,
    "md5": "d28164aaf91ad38c2da2030596619411",
    "name": "Legend_3",
    "path": "ui/134258293",
    "res_name": "Legend_3.png",
    "size": "128X128",
    "sub_type": "icon",
    "uid": "134258293",
    "version": 1,
    "res_type": "editor_icon",
    "import_export_folder_info": "/code_explorer_custom_root_folder_name/\u9053\u5177\u56fe\u6807/\u6218\u6cd5\u65e0\u6846/2\u7ea7"
}