{
    "custom_editor_type": "custom_editor_icon",
    "describe": "",
    "has_upload": false,
    "key": 134228883,
    "md5": "bd01ba8ca852c61181d2120361a83f01",
    "name": "SkillIcon11136_05",
    "path": "ui/134228883",
    "res_name": "SkillIcon11136_05.png",
    "size": "128X128",
    "sub_type": "icon",
    "uid": "134228883",
    "url": "https://kk3.nosdn.127.net/editor/png/6fde74e55df10214de906b35eb1ac94f.png",
    "version": 1,
    "res_type": "editor_icon",
    "import_export_folder_info": "/code_explorer_custom_root_folder_name/\u9053\u5177\u56fe\u6807/\u6218\u6cd5\u65e0\u6846/1\u7ea7"
}