{
    "custom_editor_type": "custom_editor_icon",
    "describe": "",
    "has_upload": false,
    "key": 134261991,
    "md5": "cec2acb43756f4579d3ad1c9a394643b",
    "name": "SkillIcon11101_04",
    "path": "ui/134261991",
    "res_name": "SkillIcon11101_04.png",
    "size": "128X128",
    "sub_type": "icon",
    "uid": "134261991",
    "url": "https://kk3.nosdn.127.net/editor/png/a7c16b7dd6b8a03430d7bda9e96324a9.png",
    "version": 1,
    "res_type": "editor_icon",
    "import_export_folder_info": "/code_explorer_custom_root_folder_name/\u9053\u5177\u56fe\u6807/\u6218\u6cd5\u65e0\u6846/2\u7ea7"
}