{
    "custom_editor_type": "custom_editor_icon",
    "describe": "",
    "has_upload": false,
    "key": 134232066,
    "md5": "f81f048b13c79e8476916ed05788bb22",
    "name": "SkillIcon11124_05",
    "path": "ui/134232066",
    "res_name": "SkillIcon11124_05.png",
    "size": "128X128",
    "sub_type": "icon",
    "uid": "134232066",
    "url": "https://kk3.nosdn.127.net/editor/png/ecd67b3fdee662a7117b9a977b421b42.png",
    "version": 1,
    "res_type": "editor_icon",
    "import_export_folder_info": "/code_explorer_custom_root_folder_name/\u9053\u5177\u56fe\u6807/\u6218\u6cd5\u65e0\u6846/3\u7ea7"
}