{
    "custom_editor_type": "custom_editor_icon",
    "describe": "",
    "has_upload": false,
    "key": 134270321,
    "md5": "26acafcdd0b42b77ee6bdb28ddb459f0",
    "name": "\u6b66\u529f\u6b8b\u5377\u6280\u80fd\u56fe\u6807_0000s_0005_\u795e\u8db3\u7ecf_1",
    "path": "ui/134270321",
    "res_name": "\u6b66\u529f\u6b8b\u5377\u6280\u80fd\u56fe\u6807_0000s_0005_\u795e\u8db3\u7ecf.png",
    "size": "128X128",
    "sub_type": "icon",
    "uid": "134270321",
    "url": "https://kk3.nosdn.127.net/editor/png/54277e5847a028187b2a55d0acc86226.png",
    "version": 1,
    "res_type": "editor_icon",
    "import_export_folder_info": "/code_explorer_custom_root_folder_name/\u6b66\u529f\u56fe\u6807"
}