{
    "custom_editor_type": "custom_editor_icon",
    "describe": "",
    "has_upload": false,
    "key": 134282452,
    "md5": "8586944ae0fa999533d8cda3808e2042",
    "name": "\u6b66\u529f\u6b8b\u5377\u6280\u80fd\u56fe\u6807_0006s_0001_\u53cd\u5c04\u56de\u65cb",
    "path": "ui/134282452",
    "res_name": "\u6b66\u529f\u6b8b\u5377\u6280\u80fd\u56fe\u6807_0006s_0001_\u53cd\u5c04\u56de\u65cb.png",
    "size": "128X128",
    "sub_type": "icon",
    "uid": "134282452",
    "url": "https://kk3.nosdn.127.net/editor/png/0e1b90a051ca0d8650198c9d0de5bb04.png",
    "version": 1,
    "res_type": "editor_icon",
    "import_export_folder_info": "/code_explorer_custom_root_folder_name/\u6b66\u529f\u56fe\u6807"
}