{
    "custom_editor_type": "custom_editor_icon",
    "describe": "",
    "has_upload": false,
    "key": 134271652,
    "md5": "55b8ff7d95a90127f611ea4a6f83f063",
    "name": "\u82f1\u96c4\u788e\u7247\u674e\u83ab\u6101",
    "path": "ui/134271652",
    "res_name": "\u82f1\u96c4\u788e\u7247\u674e\u83ab\u6101.png",
    "size": "200X200",
    "sub_type": "icon",
    "uid": "134271652",
    "url": "https://kk3.nosdn.127.net/editor/png/a09866540e6315101e969be30f4ce182.png",
    "version": 1,
    "res_type": "editor_icon",
    "import_export_folder_info": "/code_explorer_custom_root_folder_name/\u82f1\u96c4\u5934\u50cf"
}