{
    "134244960": {
        "editor_effect": {
            "describe": "test_describe",
            "editor_res": false,
            "key": 134244960,
            "model_id": 134274148,
            "name": "Boss_jiaodifazhen002",
            "offical_tags": [
                "\u91d1\u8272",
                "\u5706\u5f62",
                "\u9053\u5177",
                "\u73af\u5f62",
                "\u6807\u8bb0",
                "\u6a59\u8272",
                "\u6cd5\u9635",
                "\u6cd5\u9635\u7b26\u6587",
                "\u5199\u5b9e",
                "\u8fb9\u6846",
                "\u6307\u793a\u5668",
                "\u9b54\u5e7b"
            ],
            "preview_icon": "UP1EffectPreview/106037",
            "release_delete": [],
            "res_identify": "all",
            "res_type": "kkres",
            "scale": 1.0,
            "uid": "editor_effect_106037",
            "version": 1,
            "md5": "98ba6b2b8e414c90a79cc82af67d41d9",
            "source_effect": [],
            "deps_info": {
                "deps": [],
                "sound_id_list": []
            }
        },
        "model": {
            "effect_keep": true,
            "effect_max_life": -1,
            "effect_path": "Fx_Effect/cesst1/5/dm22_effect_Bossjiaodiguanghuan001_copy",
            "meshes": [],
            "model_id": 134274148,
            "name": "Boss_jiaodifazhen002",
            "is_beam_effect": false
        }
    },
    "sub_type": null,
    "res_type": "editor_effect",
    "import_export_folder_info": "/code_explorer_custom_root_folder_name"
}