{
    "custom_editor_type": "custom_editor_icon",
    "describe": "",
    "has_upload": false,
    "key": 134271285,
    "md5": "13be98605465b5a024a420e6be5df0ad",
    "name": "SkillIcon11107_02",
    "path": "ui/134271285",
    "res_name": "SkillIcon11107_02.png",
    "size": "128X128",
    "sub_type": "icon",
    "uid": "134271285",
    "version": 1,
    "res_type": "editor_icon",
    "import_export_folder_info": "/code_explorer_custom_root_folder_name/\u9053\u5177\u56fe\u6807/\u6218\u6cd5\u65e0\u6846/3\u7ea7"
}