{
    "134267205": {
        "editor_effect": {
            "aoi_visibility": false,
            "deps_info": {
                "deps": [
                    [
                        "editor_icon",
                        902773
                    ],
                    [
                        "editor_icon",
                        900119
                    ],
                    [
                        "editor_icon",
                        900239
                    ],
                    [
                        "editor_icon",
                        901608
                    ],
                    [
                        "editor_icon",
                        900253
                    ],
                    [
                        "editor_icon",
                        901698
                    ]
                ],
                "sound_id_list": []
            },
            "describe": "\u7ea2\u8272\u5ca9\u6d46\u8fd1\u6218\u5200\u5149",
            "key": 134267205,
            "md5": "30160a05dc8f1378b1cd154d5a670031",
            "model_id": 134267205,
            "name": "\u7ea2\u8272\u5ca9\u6d46\u8fd1\u6218\u5200\u5149",
            "res_identify": "all",
            "res_type": "kkres",
            "scale": 1.0,
            "source_effect": [
                104626
            ],
            "uid": 134267205,
            "version": 1
        },
        "model": {
            "custom": true,
            "effect_keep": false,
            "effect_max_boundingbox": [
                -3.1239356994628906,
                -3.013789653778076,
                -3.1239356994628906,
                3.1239356994628906,
                3.213789463043213,
                3.453277826309204
            ],
            "effect_max_life": 0.900000006,
            "effect_path": "Fx_Effect/Overseas/Fx_Skill/Fire/Fire_overseas_900074_attack_a0001_copy",
            "is_beam_effect": false,
            "meshes": [],
            "model_id": 134267205,
            "name": "\u7ea2\u8272\u5ca9\u6d46\u8fd1\u6218\u5200\u5149"
        }
    },
    "sub_type": null,
    "res_type": "editor_effect",
    "import_export_folder_info": "/code_explorer_custom_root_folder_name"
}