{
    "custom_editor_type": "custom_editor_icon",
    "describe": "",
    "has_upload": false,
    "key": 134247852,
    "md5": "66bc614159e1ac2b86d16943295d1628",
    "name": "\u5927\u62db\u56fe\u6807_0005s_0003_\u8ffd\u9b42\u593a\u547d",
    "path": "ui/134247852",
    "res_name": "\u5927\u62db\u56fe\u6807_0005s_0003_\u8ffd\u9b42\u593a\u547d.png",
    "size": "128X128",
    "sub_type": "icon",
    "uid": "134247852",
    "url": "https://kk3.nosdn.127.net/editor/png/157623bfa6873b41f2044d8fd18204a2.png",
    "version": 1,
    "res_type": "editor_icon",
    "import_export_folder_info": "/code_explorer_custom_root_folder_name"
}