<?xml version="1.0" encoding="utf-8"?>
<Resource>
	<Version>2</Version>
	<SMaterialData>
		<Root>
			<Sub/>
			<Entity type="SMaterialData">
				<name>_material</name>
				<info>
					<Layers count="14" ordered="true">
						<Element index="0">
							<LayerName>shuizhu_A_wenli_b_submat</LayerName>
							<ShaderName>Effect/Twisted</ShaderName>
							<Parameters count="18" ordered="true">
								<Element index="0">
									<Name>DiffuseTexture</Name>
									<Value>f20d4982-0f3c-49cf-b93c-3b2f61efb931</Value>
								</Element>
								<Element index="1">
									<Name>MaskTexture</Name>
									<Value>00000000-0000-0000-0000-000000000000</Value>
								</Element>
								<Element index="2">
									<Name>TwistTexture</Name>
									<Value>926a9301-a8ec-4e2b-bdef-cd2cc2cc7a8a</Value>
								</Element>
								<Element index="3">
									<Name>tScatteringAndTransmittanceVolume</Name>
									<Value>00000000-0000-0000-0000-000000000000</Value>
								</Element>
								<Element index="4">
									<Name>tShadowMapArray</Name>
									<Value>00000000-0000-0000-0000-000000000000</Value>
								</Element>
								<Element index="5">
									<Name>BloomScale</Name>
									<Value>3</Value>
								</Element>
								<Element index="6">
									<Name>DepthBias</Name>
									<Value>0</Value>
								</Element>
								<Element index="7">
									<Name>DiffuseUVScolling</Name>
									<Value>(0.8, 3, -0.2, 4)</Value>
								</Element>
								<Element index="8">
									<Name>Distortion</Name>
									<Value>false</Value>
								</Element>
								<Element index="9">
									<Name>FogStrength</Name>
									<Value>0</Value>
								</Element>
								<Element index="10">
									<Name>HDRScale</Name>
									<Value>4</Value>
								</Element>
								<Element index="11">
									<Name>InvFadeDistance</Name>
									<Value>0</Value>
								</Element>
								<Element index="12">
									<Name>Local</Name>
									<Value>true</Value>
								</Element>
								<Element index="13">
									<Name>MaskMapEnable</Name>
									<Value>false</Value>
								</Element>
								<Element index="14">
									<Name>ModulateColor</Name>
									<Value>(0.65, 0.65, 0.65, 0.36)</Value>
								</Element>
								<Element index="15">
									<Name>Soft</Name>
									<Value>false</Value>
								</Element>
								<Element index="16">
									<Name>TwistStrength</Name>
									<Value>(0.15, 0.15)</Value>
								</Element>
								<Element index="17">
									<Name>TwistUVScolling</Name>
									<Value>(1, 1, 0, -0.25)</Value>
								</Element>
							</Parameters>
							<InactiveParameters count="0" ordered="true"/>
							<MultiPassMaterials count="0" ordered="true"/>
						</Element>
						<Element index="1">
							<LayerName>shuizhu_Z_wenli_b_submat</LayerName>
							<ShaderName>Effect/Fresnel</ShaderName>
							<Parameters count="20" ordered="true">
								<Element index="0">
									<Name>DiffuseTexture</Name>
									<Value>00000000-0000-0000-0000-000000000000</Value>
								</Element>
								<Element index="1">
									<Name>MaskTexture</Name>
									<Value>8faa63b1-a6e6-41c1-ad66-f38bff4f4e45</Value>
								</Element>
								<Element index="2">
									<Name>TwistTexture</Name>
									<Value>926a9301-a8ec-4e2b-bdef-cd2cc2cc7a8a</Value>
								</Element>
								<Element index="3">
									<Name>tScatteringAndTransmittanceVolume</Name>
									<Value>00000000-0000-0000-0000-000000000000</Value>
								</Element>
								<Element index="4">
									<Name>tShadowMapArray</Name>
									<Value>00000000-0000-0000-0000-000000000000</Value>
								</Element>
								<Element index="5">
									<Name>BloomScale</Name>
									<Value>1</Value>
								</Element>
								<Element index="6">
									<Name>DepthBias</Name>
									<Value>0</Value>
								</Element>
								<Element index="7">
									<Name>DiffuseUVScolling</Name>
									<Value>(1, 1, 1, 1)</Value>
								</Element>
								<Element index="8">
									<Name>Distortion</Name>
									<Value>false</Value>
								</Element>
								<Element index="9">
									<Name>FogStrength</Name>
									<Value>0</Value>
								</Element>
								<Element index="10">
									<Name>FresnelAlpha</Name>
									<Value>1</Value>
								</Element>
								<Element index="11">
									<Name>FresnelPower</Name>
									<Value>0.5</Value>
								</Element>
								<Element index="12">
									<Name>HDRScale</Name>
									<Value>1.5</Value>
								</Element>
								<Element index="13">
									<Name>InvFadeDistance</Name>
									<Value>0</Value>
								</Element>
								<Element index="14">
									<Name>Local</Name>
									<Value>true</Value>
								</Element>
								<Element index="15">
									<Name>ModulateColor</Name>
									<Value>(1.0, 1.0, 1.0, 1.0)</Value>
								</Element>
								<Element index="16">
									<Name>Soft</Name>
									<Value>false</Value>
								</Element>
								<Element index="17">
									<Name>TwistEnable</Name>
									<Value>false</Value>
								</Element>
								<Element index="18">
									<Name>TwistStrength</Name>
									<Value>(0.1, 0.1)</Value>
								</Element>
								<Element index="19">
									<Name>TwistUVScolling</Name>
									<Value>(1, 1, 0, -0.25)</Value>
								</Element>
							</Parameters>
							<InactiveParameters count="0" ordered="true"/>
							<MultiPassMaterials count="0" ordered="true"/>
						</Element>
						<Element index="2">
							<LayerName>shuizhu_Z_wenli_F_submat</LayerName>
							<ShaderName>Effect/Fresnel</ShaderName>
							<Parameters count="20" ordered="true">
								<Element index="0">
									<Name>DiffuseTexture</Name>
									<Value>69681a9a-9fd9-4348-b47a-372b6545ff4b</Value>
								</Element>
								<Element index="1">
									<Name>MaskTexture</Name>
									<Value>8faa63b1-a6e6-41c1-ad66-f38bff4f4e45</Value>
								</Element>
								<Element index="2">
									<Name>TwistTexture</Name>
									<Value>00000000-0000-0000-0000-000000000000</Value>
								</Element>
								<Element index="3">
									<Name>tScatteringAndTransmittanceVolume</Name>
									<Value>00000000-0000-0000-0000-000000000000</Value>
								</Element>
								<Element index="4">
									<Name>tShadowMapArray</Name>
									<Value>00000000-0000-0000-0000-000000000000</Value>
								</Element>
								<Element index="5">
									<Name>BloomScale</Name>
									<Value>2</Value>
								</Element>
								<Element index="6">
									<Name>DepthBias</Name>
									<Value>0</Value>
								</Element>
								<Element index="7">
									<Name>DiffuseUVScolling</Name>
									<Value>(2, 5, 0, 3)</Value>
								</Element>
								<Element index="8">
									<Name>Distortion</Name>
									<Value>false</Value>
								</Element>
								<Element index="9">
									<Name>FogStrength</Name>
									<Value>0</Value>
								</Element>
								<Element index="10">
									<Name>FresnelAlpha</Name>
									<Value>0.5</Value>
								</Element>
								<Element index="11">
									<Name>FresnelPower</Name>
									<Value>2</Value>
								</Element>
								<Element index="12">
									<Name>HDRScale</Name>
									<Value>4</Value>
								</Element>
								<Element index="13">
									<Name>InvFadeDistance</Name>
									<Value>0</Value>
								</Element>
								<Element index="14">
									<Name>Local</Name>
									<Value>true</Value>
								</Element>
								<Element index="15">
									<Name>ModulateColor</Name>
									<Value>(0.85, 0.85, 0.85, 0.25)</Value>
								</Element>
								<Element index="16">
									<Name>Soft</Name>
									<Value>false</Value>
								</Element>
								<Element index="17">
									<Name>TwistEnable</Name>
									<Value>false</Value>
								</Element>
								<Element index="18">
									<Name>TwistStrength</Name>
									<Value>(0.1, 0.1)</Value>
								</Element>
								<Element index="19">
									<Name>TwistUVScolling</Name>
									<Value>(1, 1, 0, -0.25)</Value>
								</Element>
							</Parameters>
							<InactiveParameters count="0" ordered="true"/>
							<MultiPassMaterials count="0" ordered="true"/>
						</Element>
						<Element index="3">
							<LayerName>start_submat</LayerName>
							<ShaderName>Particle</ShaderName>
							<Parameters count="15" ordered="true">
								<Element index="0">
									<Name>DepthBuffer</Name>
									<Value>00000000-0000-0000-0000-000000000000</Value>
								</Element>
								<Element index="1">
									<Name>DiffuseTexture</Name>
									<Value>ffffffff-0100-0000-0100-00000a000000</Value>
								</Element>
								<Element index="2">
									<Name>ScreenTexture</Name>
									<Value>00000000-0000-0000-0000-000000000000</Value>
								</Element>
								<Element index="3">
									<Name>tScatteringAndTransmittanceVolume</Name>
									<Value>00000000-0000-0000-0000-000000000000</Value>
								</Element>
								<Element index="4">
									<Name>tShadowMapArray</Name>
									<Value>00000000-0000-0000-0000-000000000000</Value>
								</Element>
								<Element index="5">
									<Name>BloomScale</Name>
									<Value>0.5</Value>
								</Element>
								<Element index="6">
									<Name>DepthBias</Name>
									<Value>0</Value>
								</Element>
								<Element index="7">
									<Name>Distortion</Name>
									<Value>false</Value>
								</Element>
								<Element index="8">
									<Name>FogStrength</Name>
									<Value>0</Value>
								</Element>
								<Element index="9">
									<Name>HDRScale</Name>
									<Value>2</Value>
								</Element>
								<Element index="10">
									<Name>InvFadeDistance</Name>
									<Value>0</Value>
								</Element>
								<Element index="11">
									<Name>Local</Name>
									<Value>true</Value>
								</Element>
								<Element index="12">
									<Name>ModulateColor</Name>
									<Value>(1.0, 1.0, 1.0, 1.0)</Value>
								</Element>
								<Element index="13">
									<Name>Soft</Name>
									<Value>false</Value>
								</Element>
								<Element index="14">
									<Name>UVScale</Name>
									<Value>(1, 1)</Value>
								</Element>
							</Parameters>
							<InactiveParameters count="0" ordered="true"/>
							<MultiPassMaterials count="0" ordered="true"/>
						</Element>
						<Element index="4">
							<LayerName>pen02_submat</LayerName>
							<ShaderName>Particle</ShaderName>
							<Parameters count="15" ordered="true">
								<Element index="0">
									<Name>DepthBuffer</Name>
									<Value>00000000-0000-0000-0000-000000000000</Value>
								</Element>
								<Element index="1">
									<Name>DiffuseTexture</Name>
									<Value>8acada5d-7b31-4d2e-8cdc-8d325781dcee</Value>
								</Element>
								<Element index="2">
									<Name>ScreenTexture</Name>
									<Value>00000000-0000-0000-0000-000000000000</Value>
								</Element>
								<Element index="3">
									<Name>tScatteringAndTransmittanceVolume</Name>
									<Value>00000000-0000-0000-0000-000000000000</Value>
								</Element>
								<Element index="4">
									<Name>tShadowMapArray</Name>
									<Value>00000000-0000-0000-0000-000000000000</Value>
								</Element>
								<Element index="5">
									<Name>BloomScale</Name>
									<Value>0.3</Value>
								</Element>
								<Element index="6">
									<Name>DepthBias</Name>
									<Value>0</Value>
								</Element>
								<Element index="7">
									<Name>Distortion</Name>
									<Value>false</Value>
								</Element>
								<Element index="8">
									<Name>FogStrength</Name>
									<Value>0</Value>
								</Element>
								<Element index="9">
									<Name>HDRScale</Name>
									<Value>1.8</Value>
								</Element>
								<Element index="10">
									<Name>InvFadeDistance</Name>
									<Value>4</Value>
								</Element>
								<Element index="11">
									<Name>Local</Name>
									<Value>false</Value>
								</Element>
								<Element index="12">
									<Name>ModulateColor</Name>
									<Value>(1, 1, 1, 1.5)</Value>
								</Element>
								<Element index="13">
									<Name>Soft</Name>
									<Value>true</Value>
								</Element>
								<Element index="14">
									<Name>UVScale</Name>
									<Value>(1, 1)</Value>
								</Element>
							</Parameters>
							<InactiveParameters count="0" ordered="true"/>
							<MultiPassMaterials count="0" ordered="true"/>
						</Element>
						<Element index="5">
							<LayerName>paopao_05_submat</LayerName>
							<ShaderName>Particle</ShaderName>
							<Parameters count="15" ordered="true">
								<Element index="0">
									<Name>DepthBuffer</Name>
									<Value>00000000-0000-0000-0000-000000000000</Value>
								</Element>
								<Element index="1">
									<Name>DiffuseTexture</Name>
									<Value>1bca5b19-ded6-448c-933f-be698053563d</Value>
								</Element>
								<Element index="2">
									<Name>ScreenTexture</Name>
									<Value>00000000-0000-0000-0000-000000000000</Value>
								</Element>
								<Element index="3">
									<Name>tScatteringAndTransmittanceVolume</Name>
									<Value>00000000-0000-0000-0000-000000000000</Value>
								</Element>
								<Element index="4">
									<Name>tShadowMapArray</Name>
									<Value>00000000-0000-0000-0000-000000000000</Value>
								</Element>
								<Element index="5">
									<Name>BloomScale</Name>
									<Value>0.5</Value>
								</Element>
								<Element index="6">
									<Name>DepthBias</Name>
									<Value>0</Value>
								</Element>
								<Element index="7">
									<Name>Distortion</Name>
									<Value>false</Value>
								</Element>
								<Element index="8">
									<Name>FogStrength</Name>
									<Value>0</Value>
								</Element>
								<Element index="9">
									<Name>HDRScale</Name>
									<Value>2</Value>
								</Element>
								<Element index="10">
									<Name>InvFadeDistance</Name>
									<Value>0</Value>
								</Element>
								<Element index="11">
									<Name>Local</Name>
									<Value>true</Value>
								</Element>
								<Element index="12">
									<Name>ModulateColor</Name>
									<Value>(1.0, 1.0, 1.0, 1.0)</Value>
								</Element>
								<Element index="13">
									<Name>Soft</Name>
									<Value>false</Value>
								</Element>
								<Element index="14">
									<Name>UVScale</Name>
									<Value>(1, 1)</Value>
								</Element>
							</Parameters>
							<InactiveParameters count="0" ordered="true"/>
							<MultiPassMaterials count="0" ordered="true"/>
						</Element>
						<Element index="6">
							<LayerName>tou_glow_b_submat</LayerName>
							<ShaderName>Particle</ShaderName>
							<Parameters count="15" ordered="true">
								<Element index="0">
									<Name>DepthBuffer</Name>
									<Value>00000000-0000-0000-0000-000000000000</Value>
								</Element>
								<Element index="1">
									<Name>DiffuseTexture</Name>
									<Value>bfe07645-6d19-444c-a918-451e515dbbcd</Value>
								</Element>
								<Element index="2">
									<Name>ScreenTexture</Name>
									<Value>00000000-0000-0000-0000-000000000000</Value>
								</Element>
								<Element index="3">
									<Name>tScatteringAndTransmittanceVolume</Name>
									<Value>00000000-0000-0000-0000-000000000000</Value>
								</Element>
								<Element index="4">
									<Name>tShadowMapArray</Name>
									<Value>00000000-0000-0000-0000-000000000000</Value>
								</Element>
								<Element index="5">
									<Name>BloomScale</Name>
									<Value>0.5</Value>
								</Element>
								<Element index="6">
									<Name>DepthBias</Name>
									<Value>0</Value>
								</Element>
								<Element index="7">
									<Name>Distortion</Name>
									<Value>false</Value>
								</Element>
								<Element index="8">
									<Name>FogStrength</Name>
									<Value>0</Value>
								</Element>
								<Element index="9">
									<Name>HDRScale</Name>
									<Value>3</Value>
								</Element>
								<Element index="10">
									<Name>InvFadeDistance</Name>
									<Value>4</Value>
								</Element>
								<Element index="11">
									<Name>Local</Name>
									<Value>true</Value>
								</Element>
								<Element index="12">
									<Name>ModulateColor</Name>
									<Value>(1, 1, 1, 0.27)</Value>
								</Element>
								<Element index="13">
									<Name>Soft</Name>
									<Value>true</Value>
								</Element>
								<Element index="14">
									<Name>UVScale</Name>
									<Value>(1, 1)</Value>
								</Element>
							</Parameters>
							<InactiveParameters count="0" ordered="true"/>
							<MultiPassMaterials count="0" ordered="true"/>
						</Element>
						<Element index="7">
							<LayerName>shouji_shui_lizi_b_submat</LayerName>
							<ShaderName>Particle</ShaderName>
							<Parameters count="15" ordered="true">
								<Element index="0">
									<Name>DepthBuffer</Name>
									<Value>00000000-0000-0000-0000-000000000000</Value>
								</Element>
								<Element index="1">
									<Name>DiffuseTexture</Name>
									<Value>b9999e69-2341-4a53-8028-21136f576c34</Value>
								</Element>
								<Element index="2">
									<Name>ScreenTexture</Name>
									<Value>00000000-0000-0000-0000-000000000000</Value>
								</Element>
								<Element index="3">
									<Name>tScatteringAndTransmittanceVolume</Name>
									<Value>00000000-0000-0000-0000-000000000000</Value>
								</Element>
								<Element index="4">
									<Name>tShadowMapArray</Name>
									<Value>00000000-0000-0000-0000-000000000000</Value>
								</Element>
								<Element index="5">
									<Name>BloomScale</Name>
									<Value>0.5</Value>
								</Element>
								<Element index="6">
									<Name>DepthBias</Name>
									<Value>0</Value>
								</Element>
								<Element index="7">
									<Name>Distortion</Name>
									<Value>false</Value>
								</Element>
								<Element index="8">
									<Name>FogStrength</Name>
									<Value>0</Value>
								</Element>
								<Element index="9">
									<Name>HDRScale</Name>
									<Value>2</Value>
								</Element>
								<Element index="10">
									<Name>InvFadeDistance</Name>
									<Value>4</Value>
								</Element>
								<Element index="11">
									<Name>Local</Name>
									<Value>true</Value>
								</Element>
								<Element index="12">
									<Name>ModulateColor</Name>
									<Value>(1, 1, 1, 1.5)</Value>
								</Element>
								<Element index="13">
									<Name>Soft</Name>
									<Value>true</Value>
								</Element>
								<Element index="14">
									<Name>UVScale</Name>
									<Value>(1, 1)</Value>
								</Element>
							</Parameters>
							<InactiveParameters count="0" ordered="true"/>
							<MultiPassMaterials count="0" ordered="true"/>
						</Element>
						<Element index="8">
							<LayerName>tou_baofa_star_submat</LayerName>
							<ShaderName>Particle</ShaderName>
							<Parameters count="15" ordered="true">
								<Element index="0">
									<Name>DepthBuffer</Name>
									<Value>00000000-0000-0000-0000-000000000000</Value>
								</Element>
								<Element index="1">
									<Name>DiffuseTexture</Name>
									<Value>bfe07645-6d19-444c-a918-451e515dbbcd</Value>
								</Element>
								<Element index="2">
									<Name>ScreenTexture</Name>
									<Value>00000000-0000-0000-0000-000000000000</Value>
								</Element>
								<Element index="3">
									<Name>tScatteringAndTransmittanceVolume</Name>
									<Value>00000000-0000-0000-0000-000000000000</Value>
								</Element>
								<Element index="4">
									<Name>tShadowMapArray</Name>
									<Value>00000000-0000-0000-0000-000000000000</Value>
								</Element>
								<Element index="5">
									<Name>BloomScale</Name>
									<Value>0.5</Value>
								</Element>
								<Element index="6">
									<Name>DepthBias</Name>
									<Value>0</Value>
								</Element>
								<Element index="7">
									<Name>Distortion</Name>
									<Value>false</Value>
								</Element>
								<Element index="8">
									<Name>FogStrength</Name>
									<Value>0</Value>
								</Element>
								<Element index="9">
									<Name>HDRScale</Name>
									<Value>2</Value>
								</Element>
								<Element index="10">
									<Name>InvFadeDistance</Name>
									<Value>4</Value>
								</Element>
								<Element index="11">
									<Name>Local</Name>
									<Value>true</Value>
								</Element>
								<Element index="12">
									<Name>ModulateColor</Name>
									<Value>(1.0, 1.0, 1.0, 1.0)</Value>
								</Element>
								<Element index="13">
									<Name>Soft</Name>
									<Value>true</Value>
								</Element>
								<Element index="14">
									<Name>UVScale</Name>
									<Value>(1, 1)</Value>
								</Element>
							</Parameters>
							<InactiveParameters count="0" ordered="true"/>
							<MultiPassMaterials count="0" ordered="true"/>
						</Element>
						<Element index="9">
							<LayerName>guadian_submat</LayerName>
							<ShaderName>Particle</ShaderName>
							<Parameters count="15" ordered="true">
								<Element index="0">
									<Name>DepthBuffer</Name>
									<Value>00000000-0000-0000-0000-000000000000</Value>
								</Element>
								<Element index="1">
									<Name>DiffuseTexture</Name>
									<Value>ffffffff-0100-0000-0100-00000a000000</Value>
								</Element>
								<Element index="2">
									<Name>ScreenTexture</Name>
									<Value>00000000-0000-0000-0000-000000000000</Value>
								</Element>
								<Element index="3">
									<Name>tScatteringAndTransmittanceVolume</Name>
									<Value>00000000-0000-0000-0000-000000000000</Value>
								</Element>
								<Element index="4">
									<Name>tShadowMapArray</Name>
									<Value>00000000-0000-0000-0000-000000000000</Value>
								</Element>
								<Element index="5">
									<Name>BloomScale</Name>
									<Value>0.5</Value>
								</Element>
								<Element index="6">
									<Name>DepthBias</Name>
									<Value>0</Value>
								</Element>
								<Element index="7">
									<Name>Distortion</Name>
									<Value>false</Value>
								</Element>
								<Element index="8">
									<Name>FogStrength</Name>
									<Value>0</Value>
								</Element>
								<Element index="9">
									<Name>HDRScale</Name>
									<Value>2</Value>
								</Element>
								<Element index="10">
									<Name>InvFadeDistance</Name>
									<Value>0</Value>
								</Element>
								<Element index="11">
									<Name>Local</Name>
									<Value>true</Value>
								</Element>
								<Element index="12">
									<Name>ModulateColor</Name>
									<Value>(1.0, 1.0, 1.0, 1.0)</Value>
								</Element>
								<Element index="13">
									<Name>Soft</Name>
									<Value>false</Value>
								</Element>
								<Element index="14">
									<Name>UVScale</Name>
									<Value>(1, 1)</Value>
								</Element>
							</Parameters>
							<InactiveParameters count="0" ordered="true"/>
							<MultiPassMaterials count="0" ordered="true"/>
						</Element>
						<Element index="10">
							<LayerName>pen01_submat</LayerName>
							<ShaderName>Particle</ShaderName>
							<Parameters count="15" ordered="true">
								<Element index="0">
									<Name>DepthBuffer</Name>
									<Value>00000000-0000-0000-0000-000000000000</Value>
								</Element>
								<Element index="1">
									<Name>DiffuseTexture</Name>
									<Value>7ffc8615-068e-4fb2-95e7-cb145cb1886f</Value>
								</Element>
								<Element index="2">
									<Name>ScreenTexture</Name>
									<Value>00000000-0000-0000-0000-000000000000</Value>
								</Element>
								<Element index="3">
									<Name>tScatteringAndTransmittanceVolume</Name>
									<Value>00000000-0000-0000-0000-000000000000</Value>
								</Element>
								<Element index="4">
									<Name>tShadowMapArray</Name>
									<Value>00000000-0000-0000-0000-000000000000</Value>
								</Element>
								<Element index="5">
									<Name>BloomScale</Name>
									<Value>0</Value>
								</Element>
								<Element index="6">
									<Name>DepthBias</Name>
									<Value>0</Value>
								</Element>
								<Element index="7">
									<Name>Distortion</Name>
									<Value>false</Value>
								</Element>
								<Element index="8">
									<Name>FogStrength</Name>
									<Value>0</Value>
								</Element>
								<Element index="9">
									<Name>HDRScale</Name>
									<Value>2</Value>
								</Element>
								<Element index="10">
									<Name>InvFadeDistance</Name>
									<Value>4</Value>
								</Element>
								<Element index="11">
									<Name>Local</Name>
									<Value>false</Value>
								</Element>
								<Element index="12">
									<Name>ModulateColor</Name>
									<Value>(1.0, 1.0, 1.0, 1.0)</Value>
								</Element>
								<Element index="13">
									<Name>Soft</Name>
									<Value>true</Value>
								</Element>
								<Element index="14">
									<Name>UVScale</Name>
									<Value>(1, 1)</Value>
								</Element>
							</Parameters>
							<InactiveParameters count="0" ordered="true"/>
							<MultiPassMaterials count="0" ordered="true"/>
						</Element>
						<Element index="11">
							<LayerName>shouji_glow_a_submat</LayerName>
							<ShaderName>Particle</ShaderName>
							<Parameters count="15" ordered="true">
								<Element index="0">
									<Name>DepthBuffer</Name>
									<Value>00000000-0000-0000-0000-000000000000</Value>
								</Element>
								<Element index="1">
									<Name>DiffuseTexture</Name>
									<Value>bfe07645-6d19-444c-a918-451e515dbbcd</Value>
								</Element>
								<Element index="2">
									<Name>ScreenTexture</Name>
									<Value>00000000-0000-0000-0000-000000000000</Value>
								</Element>
								<Element index="3">
									<Name>tScatteringAndTransmittanceVolume</Name>
									<Value>00000000-0000-0000-0000-000000000000</Value>
								</Element>
								<Element index="4">
									<Name>tShadowMapArray</Name>
									<Value>00000000-0000-0000-0000-000000000000</Value>
								</Element>
								<Element index="5">
									<Name>BloomScale</Name>
									<Value>0.5</Value>
								</Element>
								<Element index="6">
									<Name>DepthBias</Name>
									<Value>0</Value>
								</Element>
								<Element index="7">
									<Name>Distortion</Name>
									<Value>false</Value>
								</Element>
								<Element index="8">
									<Name>FogStrength</Name>
									<Value>0</Value>
								</Element>
								<Element index="9">
									<Name>HDRScale</Name>
									<Value>5</Value>
								</Element>
								<Element index="10">
									<Name>InvFadeDistance</Name>
									<Value>4</Value>
								</Element>
								<Element index="11">
									<Name>Local</Name>
									<Value>true</Value>
								</Element>
								<Element index="12">
									<Name>ModulateColor</Name>
									<Value>(1, 1, 1, 0.25)</Value>
								</Element>
								<Element index="13">
									<Name>Soft</Name>
									<Value>true</Value>
								</Element>
								<Element index="14">
									<Name>UVScale</Name>
									<Value>(1, 1)</Value>
								</Element>
							</Parameters>
							<InactiveParameters count="0" ordered="true"/>
							<MultiPassMaterials count="0" ordered="true"/>
						</Element>
						<Element index="12">
							<LayerName>shouji_shui_lizi_a_submat</LayerName>
							<ShaderName>Particle</ShaderName>
							<Parameters count="15" ordered="true">
								<Element index="0">
									<Name>DepthBuffer</Name>
									<Value>00000000-0000-0000-0000-000000000000</Value>
								</Element>
								<Element index="1">
									<Name>DiffuseTexture</Name>
									<Value>b9999e69-2341-4a53-8028-21136f576c34</Value>
								</Element>
								<Element index="2">
									<Name>ScreenTexture</Name>
									<Value>00000000-0000-0000-0000-000000000000</Value>
								</Element>
								<Element index="3">
									<Name>tScatteringAndTransmittanceVolume</Name>
									<Value>00000000-0000-0000-0000-000000000000</Value>
								</Element>
								<Element index="4">
									<Name>tShadowMapArray</Name>
									<Value>00000000-0000-0000-0000-000000000000</Value>
								</Element>
								<Element index="5">
									<Name>BloomScale</Name>
									<Value>0.5</Value>
								</Element>
								<Element index="6">
									<Name>DepthBias</Name>
									<Value>0</Value>
								</Element>
								<Element index="7">
									<Name>Distortion</Name>
									<Value>false</Value>
								</Element>
								<Element index="8">
									<Name>FogStrength</Name>
									<Value>0</Value>
								</Element>
								<Element index="9">
									<Name>HDRScale</Name>
									<Value>2</Value>
								</Element>
								<Element index="10">
									<Name>InvFadeDistance</Name>
									<Value>4</Value>
								</Element>
								<Element index="11">
									<Name>Local</Name>
									<Value>true</Value>
								</Element>
								<Element index="12">
									<Name>ModulateColor</Name>
									<Value>(1, 1, 1, 1.25)</Value>
								</Element>
								<Element index="13">
									<Name>Soft</Name>
									<Value>true</Value>
								</Element>
								<Element index="14">
									<Name>UVScale</Name>
									<Value>(1, 1)</Value>
								</Element>
							</Parameters>
							<InactiveParameters count="0" ordered="true"/>
							<MultiPassMaterials count="0" ordered="true"/>
						</Element>
						<Element index="13">
							<LayerName>paopao_01_submat</LayerName>
							<ShaderName>Particle</ShaderName>
							<Parameters count="15" ordered="true">
								<Element index="0">
									<Name>DepthBuffer</Name>
									<Value>00000000-0000-0000-0000-000000000000</Value>
								</Element>
								<Element index="1">
									<Name>DiffuseTexture</Name>
									<Value>1bca5b19-ded6-448c-933f-be698053563d</Value>
								</Element>
								<Element index="2">
									<Name>ScreenTexture</Name>
									<Value>00000000-0000-0000-0000-000000000000</Value>
								</Element>
								<Element index="3">
									<Name>tScatteringAndTransmittanceVolume</Name>
									<Value>00000000-0000-0000-0000-000000000000</Value>
								</Element>
								<Element index="4">
									<Name>tShadowMapArray</Name>
									<Value>00000000-0000-0000-0000-000000000000</Value>
								</Element>
								<Element index="5">
									<Name>BloomScale</Name>
									<Value>0.5</Value>
								</Element>
								<Element index="6">
									<Name>DepthBias</Name>
									<Value>0</Value>
								</Element>
								<Element index="7">
									<Name>Distortion</Name>
									<Value>false</Value>
								</Element>
								<Element index="8">
									<Name>FogStrength</Name>
									<Value>0</Value>
								</Element>
								<Element index="9">
									<Name>HDRScale</Name>
									<Value>2</Value>
								</Element>
								<Element index="10">
									<Name>InvFadeDistance</Name>
									<Value>0</Value>
								</Element>
								<Element index="11">
									<Name>Local</Name>
									<Value>true</Value>
								</Element>
								<Element index="12">
									<Name>ModulateColor</Name>
									<Value>(1, 1, 1, 1.25)</Value>
								</Element>
								<Element index="13">
									<Name>Soft</Name>
									<Value>false</Value>
								</Element>
								<Element index="14">
									<Name>UVScale</Name>
									<Value>(1, 1)</Value>
								</Element>
							</Parameters>
							<InactiveParameters count="0" ordered="true"/>
							<MultiPassMaterials count="0" ordered="true"/>
						</Element>
					</Layers>
				</info>
				<flags count="14" ordered="true">
					<Element index="0">32</Element>
					<Element index="1">32</Element>
					<Element index="2">32</Element>
					<Element index="3">1048608</Element>
					<Element index="4">1048608</Element>
					<Element index="5">1048608</Element>
					<Element index="6">1048608</Element>
					<Element index="7">1048608</Element>
					<Element index="8">1048608</Element>
					<Element index="9">1048608</Element>
					<Element index="10">1048608</Element>
					<Element index="11">1048608</Element>
					<Element index="12">1048608</Element>
					<Element index="13">1048608</Element>
				</flags>
				<CustomRenderset count="1" ordered="true">
					<Element index="0">0</Element>
				</CustomRenderset>
			</Entity>
		</Root>
	</SMaterialData>
</Resource>

