{
    "custom_editor_type": "custom_editor_icon",
    "describe": "",
    "has_upload": false,
    "key": 134276583,
    "md5": "8125dbc4d93543d4d7bbbfc97adef668",
    "name": "\u795e\u9b42_\u66b4\u9632",
    "path": "ui/134276583",
    "res_name": "\u795e\u9b42_\u66b4\u9632.png",
    "size": "128X128",
    "sub_type": "icon",
    "uid": "134276583",
    "url": "https://kk3.nosdn.127.net/editor/png/300a4ab5820e1512d9bff14d76e22c70.png",
    "version": 1,
    "res_type": "editor_icon",
    "import_export_folder_info": "/code_explorer_custom_root_folder_name/\u9053\u5177\u56fe\u6807/\u6218\u6cd5\u65e0\u6846/1\u7ea7"
}