{
    "custom_editor_type": "custom_editor_icon",
    "describe": "",
    "has_upload": false,
    "key": 134271218,
    "md5": "be48bab23f67681d70d6c206b2b50fe9",
    "name": "\u5947\u529fSSR\u6597\u8f6c\u661f\u79fb",
    "path": "ui/134271218",
    "res_name": "\u5947\u529fSSR\u6597\u8f6c\u661f\u79fb.jpg",
    "size": "200X200",
    "sub_type": "icon",
    "uid": "134271218",
    "url": "https://kk3.nosdn.127.net/editor/jpg/7f836445afd4e7afbcbf84c6d943785e.jpg",
    "version": 1,
    "res_type": "editor_icon",
    "import_export_folder_info": "/code_explorer_custom_root_folder_name/\u6b66\u529f\u56fe\u6807"
}