{
    "custom_editor_type": "custom_editor_icon",
    "describe": "",
    "has_upload": false,
    "key": 134235260,
    "md5": "6130d1d4e2936b019bed492192878ade",
    "name": "\u9738\u738b\u65a9",
    "path": "ui/134235260",
    "res_name": "\u9738\u738b\u65a9.png",
    "size": "600X600",
    "sub_type": "icon",
    "uid": "134235260",
    "url": "https://kk3.nosdn.127.net/editor/png/38a8c13045fe31cf072f371c55a55496.png",
    "version": 1,
    "res_type": "editor_icon",
    "import_export_folder_info": "/code_explorer_custom_root_folder_name/\u9053\u5177\u56fe\u6807/\u6218\u6cd5\u65e0\u6846/\u8ffd\u52a0\u6218\u6cd5"
}