{
    "custom_editor_type": "custom_editor_icon",
    "describe": "",
    "has_upload": false,
    "key": 134233612,
    "md5": "6d4031a49211ed2803b8c2d763611224",
    "name": "SkillIcon11137_03",
    "path": "ui/134233612",
    "res_name": "SkillIcon11137_03.png",
    "size": "128X128",
    "sub_type": "icon",
    "uid": "134233612",
    "url": "https://kk3.nosdn.127.net/editor/png/d40ee48e041f917d11bad0d85b388920.png",
    "version": 1,
    "res_type": "editor_icon",
    "import_export_folder_info": "/code_explorer_custom_root_folder_name/\u9053\u5177\u56fe\u6807/\u6218\u6cd5\u65e0\u6846/3\u7ea7"
}