{
    "custom_editor_type": "custom_editor_icon",
    "describe": "",
    "has_upload": false,
    "key": 134259925,
    "md5": "332d75c9389e71007786c4dfdb3f6c8b",
    "name": "\u8f7b\u529fSR\u795e\u884c\u767e\u53d8",
    "path": "ui/134259925",
    "res_name": "\u8f7b\u529fSR\u795e\u884c\u767e\u53d8.jpg",
    "size": "200X200",
    "sub_type": "icon",
    "uid": "134259925",
    "url": "https://kk3.nosdn.127.net/editor/jpg/ca2629ac760d7400db94797b585eb2ad.jpg",
    "version": 1,
    "res_type": "editor_icon",
    "import_export_folder_info": "/code_explorer_custom_root_folder_name/\u6b66\u529f\u56fe\u6807"
}