{
    "custom_editor_type": "custom_editor_icon",
    "describe": "",
    "has_upload": false,
    "import_export_folder_info": "/code_explorer_custom_root_folder_name/\u6b66\u529f\u56fe\u6807",
    "key": 134243833,
    "md5": "390879a1935e0a3638b5fd6f4d547a1a",
    "name": "\u8f7b\u529fUR\u51cc\u6ce2\u5fae\u6b65",
    "path": "ui/134243833",
    "res_name": "\u8f7b\u529fUR\u51cc\u6ce2\u5fae\u6b65.jpg",
    "res_type": "editor_icon",
    "size": "200X200",
    "sub_type": "icon",
    "uid": "134243833",
    "url": "https://kk3.nosdn.127.net/editor/jpg/36ebaee47997b14e328807c7930643de.jpg",
    "version": 1
}