{
    "134261733": {
        "editor_effect": {
            "deps_info": {
                "deps": [
                    [
                        "editor_icon",
                        901701
                    ],
                    [
                        "editor_icon",
                        901846
                    ],
                    [
                        "editor_icon",
                        900242
                    ],
                    [
                        "editor_icon",
                        901739
                    ],
                    [
                        "editor_icon",
                        901982
                    ],
                    [
                        "editor_icon",
                        901254
                    ],
                    [
                        "editor_icon",
                        902225
                    ],
                    [
                        "editor_icon",
                        901188
                    ],
                    [
                        "editor_icon",
                        900888
                    ],
                    [
                        "editor_icon",
                        901921
                    ],
                    [
                        "editor_icon",
                        902171
                    ],
                    [
                        "editor_icon",
                        901917
                    ],
                    [
                        "editor_icon",
                        901901
                    ],
                    [
                        "editor_icon",
                        900691
                    ],
                    [
                        "editor_icon",
                        900481
                    ]
                ],
                "sound_id_list": []
            },
            "describe": "134261733",
            "key": 134261733,
            "md5": "d3d37736deceb4e5151b57e8767d0534",
            "model_id": 134262592,
            "name": "\u9752\u8272\u6c34\u55b7\u5c04",
            "preview_icon": "",
            "res_identify": "",
            "res_type": "kkres",
            "scale": 1.0,
            "source_effect": [
                100378
            ],
            "uid": "134261733",
            "version": 1
        },
        "model": {
            "custom": true,
            "effect_keep": true,
            "effect_max_life": -1,
            "effect_path": "Fx_Effect/Cartoon/Fx_Skill/Water/Water_skill_b_04_01_copy",
            "is_beam_effect": false,
            "meshes": [],
            "model_id": 134262592,
            "name": "\u9752\u8272\u6c34\u55b7\u5c04"
        }
    },
    "sub_type": null,
    "res_type": "editor_effect",
    "import_export_folder_info": "/code_explorer_custom_root_folder_name"
}