{
    "custom_editor_type": "custom_editor_icon",
    "describe": "",
    "has_upload": false,
    "key": 134251721,
    "md5": "4fffd3277236bfbf223b474b5e1f374e",
    "name": "\u5947\u672f\u56de\u590dR\u8dcc\u6253\u533b\u4e66",
    "path": "ui/134251721",
    "res_name": "\u5947\u672f\u56de\u590dR\u8dcc\u6253\u533b\u4e66.jpg",
    "size": "200X200",
    "sub_type": "icon",
    "uid": "134251721",
    "url": "https://kk3.nosdn.127.net/editor/jpg/094dcbf88a36778090f80d3f7517dffc.jpg",
    "version": 1,
    "res_type": "editor_icon",
    "import_export_folder_info": "/code_explorer_custom_root_folder_name/\u6b66\u529f\u56fe\u6807"
}