{
    "custom_editor_type": "custom_editor_icon",
    "describe": "",
    "has_upload": false,
    "key": 134217741,
    "md5": "8099874674e02131ee7fc2c0b855fc02",
    "name": "SkillIcon11148_04",
    "path": "ui/134217741",
    "res_name": "SkillIcon11148_04.png",
    "size": "128X128",
    "sub_type": "icon",
    "uid": "134217741",
    "url": "https://kk3.nosdn.127.net/editor/png/dd18287bcd3cd80701c346e1271397ec.png",
    "version": 1,
    "res_type": "editor_icon",
    "import_export_folder_info": "/code_explorer_custom_root_folder_name/\u9053\u5177\u56fe\u6807/\u6218\u6cd5\u65e0\u6846/3\u7ea7"
}