{
    "custom_editor_type": "custom_editor_icon",
    "describe": "",
    "has_upload": false,
    "key": 134259790,
    "md5": "48ea904369bc42b05232cc5e321587ab",
    "name": "T_SkillIcon_S40",
    "path": "ui/134259790",
    "res_name": "T_SkillIcon_S40.png",
    "size": "128X128",
    "sub_type": "icon",
    "uid": "134259790",
    "url": "https://kk3.nosdn.127.net/editor/png/7fc88fda4adf636364f3e7d24c032efb.png",
    "version": 1,
    "res_type": "editor_icon",
    "import_export_folder_info": "/code_explorer_custom_root_folder_name/\u9053\u5177\u56fe\u6807/\u6218\u6cd5\u65e0\u6846/1\u7ea7"
}