{
    "custom_editor_type": "custom_editor_icon",
    "describe": "",
    "has_upload": false,
    "key": 134225510,
    "md5": "02c22863ffaa3895c0d2ce884883e33b",
    "name": "T_SkillIcon_33",
    "path": "ui/134225510",
    "res_name": "T_SkillIcon_33.png",
    "size": "128X128",
    "sub_type": "icon",
    "uid": "134225510",
    "url": "https://kk3.nosdn.127.net/editor/png/9de15f847fe9e5ab23df73d1e55da62e.png",
    "version": 1,
    "res_type": "editor_icon",
    "import_export_folder_info": "/code_explorer_custom_root_folder_name/\u9053\u5177\u56fe\u6807/\u6218\u6cd5\u65e0\u6846/4\u7ea7"
}