{
    "custom_editor_type": "custom_editor_icon",
    "describe": "",
    "has_upload": false,
    "key": 134235016,
    "md5": "f2fce4ddaf8607d146bd6701adcae02b",
    "name": "\u7130\u9a79",
    "path": "ui/134235016",
    "res_name": "\u7130\u9a79.png",
    "size": "256X256",
    "sub_type": "icon",
    "uid": "134235016",
    "url": "https://kk3.nosdn.127.net/editor/png/7df9f330209ca3b862b48e090ec6f83b.png",
    "version": 1,
    "res_type": "editor_icon",
    "import_export_folder_info": "/code_explorer_custom_root_folder_name/\u9053\u5177\u56fe\u6807/\u6218\u6cd5\u65e0\u6846/\u8ffd\u52a0\u6218\u6cd5"
}