{
    "custom_editor_type": "custom_editor_icon",
    "describe": "",
    "has_upload": false,
    "key": 134218219,
    "md5": "ed8f4625162575508e657ea72f587273",
    "name": "\u6b66\u529f\u6b8b\u5377\u6280\u80fd\u56fe\u6807_0007s_0010_\u72ec\u5b64\u4e5d\u5251-",
    "path": "ui/134218219",
    "res_name": "\u6b66\u529f\u6b8b\u5377\u6280\u80fd\u56fe\u6807_0007s_0010_\u72ec\u5b64\u4e5d\u5251-.png",
    "size": "128X128",
    "sub_type": "icon",
    "uid": "134218219",
    "url": "https://kk3.nosdn.127.net/editor/png/8a6691f265930028be77b1bb510cda16.png",
    "version": 1,
    "res_type": "editor_icon",
    "import_export_folder_info": "/code_explorer_custom_root_folder_name/\u6b66\u529f\u56fe\u6807"
}