{
    "custom_editor_type": "custom_editor_icon",
    "describe": "",
    "has_upload": false,
    "key": 134226122,
    "md5": "1b9ae57e59cb3e010b4da0fa044f0690",
    "name": "\u8fd1\u6218\u62f3\u638cUR\u7384\u51a5\u795e\u638c",
    "path": "ui/134226122",
    "res_name": "\u8fd1\u6218\u62f3\u638cUR\u7384\u51a5\u795e\u638c.jpg",
    "size": "200X200",
    "sub_type": "icon",
    "uid": "134226122",
    "url": "https://kk3.nosdn.127.net/editor/jpg/28849e43b7e78333edda21f252c1b63a.jpg",
    "version": 1,
    "res_type": "editor_icon",
    "import_export_folder_info": "/code_explorer_custom_root_folder_name/\u6b66\u529f\u56fe\u6807"
}