{
    "custom_editor_type": "custom_editor_icon",
    "describe": "",
    "has_upload": false,
    "key": 134279569,
    "md5": "ccaf128ad63effd18e417c3a155c24a9",
    "name": "\u5fa1\u6b66\u90535",
    "path": "ui/134279569",
    "res_name": "\u5fa1\u6b66\u90535.png",
    "size": "128X128",
    "sub_type": "icon",
    "uid": "134279569",
    "url": "https://kk3.nosdn.127.net/editor/png/d5c9663313662425a417cf30ad69710a.png",
    "version": 1,
    "res_type": "editor_icon",
    "import_export_folder_info": "/code_explorer_custom_root_folder_name/\u9053\u5177\u56fe\u6807/\u6218\u6cd5\u65e0\u6846/2\u7ea7"
}