{
    "custom_editor_type": "custom_editor_icon",
    "describe": "",
    "has_upload": false,
    "key": 134256620,
    "md5": "eac3cb64e85c6256121281e89104db7d",
    "name": "\u7ecf\u8109-\u53cd\u5f39",
    "path": "ui/134256620",
    "res_name": "\u7ecf\u8109-\u53cd\u5f39.png",
    "size": "128X128",
    "sub_type": "icon",
    "uid": "134256620",
    "url": "https://kk3.nosdn.127.net/editor/png/d3d1766dbb3d23ba9a99cd079dc59a6c.png",
    "version": 1,
    "res_type": "editor_icon",
    "import_export_folder_info": "/code_explorer_custom_root_folder_name/\u9053\u5177\u56fe\u6807/\u6218\u6cd5\u65e0\u6846/2\u7ea7"
}