{
    "custom_editor_type": "custom_editor_icon",
    "describe": "",
    "has_upload": false,
    "key": 134240740,
    "md5": "ede59c1a49f1a562e33a95ba39a7b321",
    "name": "\u5916\u529fN\u98de\u82b1\u4ee4",
    "path": "ui/134240740",
    "res_name": "\u5916\u529fN\u98de\u82b1\u4ee4.jpg",
    "size": "200X200",
    "sub_type": "icon",
    "uid": "134240740",
    "url": "https://kk3.nosdn.127.net/editor/jpg/c201fbe137ce35c0cad85a52467b22e6.jpg",
    "version": 1,
    "res_type": "editor_icon",
    "import_export_folder_info": "/code_explorer_custom_root_folder_name/\u6b66\u529f\u56fe\u6807"
}