{
    "custom_editor_type": "custom_editor_icon",
    "describe": "",
    "has_upload": false,
    "key": 134259783,
    "md5": "a73bd0fb5db544283810b3cf0bc80a84",
    "name": "\u6b66\u529f\u6b8b\u5377\u6280\u80fd\u56fe\u6807_0007s_0015_\u706b\u7130\u5200\u6cd5",
    "path": "ui/134259783",
    "res_name": "\u6b66\u529f\u6b8b\u5377\u6280\u80fd\u56fe\u6807_0007s_0015_\u706b\u7130\u5200\u6cd5.png",
    "size": "128X128",
    "sub_type": "icon",
    "uid": "134259783",
    "url": "https://kk3.nosdn.127.net/editor/png/e2e8a2109fca36491cae85f55953ea9a.png",
    "version": 1,
    "res_type": "editor_icon",
    "import_export_folder_info": "/code_explorer_custom_root_folder_name/\u6b66\u529f\u56fe\u6807"
}