{
    "custom_editor_type": "custom_editor_icon",
    "describe": "",
    "has_upload": false,
    "key": 134255905,
    "md5": "b602ad7e2f1c37dac55f93b63d17aca9",
    "name": "\u6b66\u529f\u6b8b\u5377\u6280\u80fd\u56fe\u6807_0002s_0007_\u5148\u5929\u529f",
    "path": "ui/134255905",
    "res_name": "\u6b66\u529f\u6b8b\u5377\u6280\u80fd\u56fe\u6807_0002s_0007_\u5148\u5929\u529f.png",
    "size": "128X128",
    "sub_type": "icon",
    "uid": "134255905",
    "url": "https://kk3.nosdn.127.net/editor/png/8a75a9353e816c50cf00460a9ebd4d54.png",
    "version": 1,
    "res_type": "editor_icon",
    "import_export_folder_info": "/code_explorer_custom_root_folder_name/\u6b66\u529f\u56fe\u6807"
}