{
    "custom_editor_type": "custom_editor_icon",
    "describe": "",
    "has_upload": false,
    "key": 134264097,
    "md5": "b8922e92ccf1391f2c6e834ed5c42366",
    "name": "\u5927\u5723\u6cd5\u51b3",
    "path": "ui/134264097",
    "res_name": "\u5927\u5723\u6cd5\u51b3.png",
    "size": "1024X1024",
    "sub_type": "icon",
    "uid": "134264097",
    "url": "https://kk3.nosdn.127.net/editor/png/94988da128f795bdd7c583ddb7b40a08.png",
    "version": 1,
    "res_type": "editor_icon",
    "import_export_folder_info": "/code_explorer_custom_root_folder_name/\u9053\u5177\u56fe\u6807/\u6218\u6cd5\u65e0\u6846/\u8ffd\u52a0\u6218\u6cd5"
}