{
    "custom_editor_type": "custom_editor_icon",
    "describe": "",
    "has_upload": false,
    "key": 134258142,
    "md5": "816292c83afb9e7440fb97a6c9826484",
    "name": "SkillIcon11123_01",
    "path": "ui/134258142",
    "res_name": "SkillIcon11123_01.png",
    "size": "128X128",
    "sub_type": "icon",
    "uid": "134258142",
    "version": 1,
    "res_type": "editor_icon",
    "import_export_folder_info": "/code_explorer_custom_root_folder_name/\u9053\u5177\u56fe\u6807/\u6218\u6cd5\u65e0\u6846/3\u7ea7"
}