{
    "custom_editor_type": "custom_editor_icon",
    "describe": "",
    "has_upload": false,
    "key": 134247192,
    "md5": "f6c16b2e8700858e0d1807b0c97fc482",
    "name": "\u5947\u672f\u5438\u8840SR\u5438\u661f\u5927\u6cd5",
    "path": "ui/134247192",
    "res_name": "\u5947\u672f\u5438\u8840SR\u5438\u661f\u5927\u6cd5.jpg",
    "size": "200X200",
    "sub_type": "icon",
    "uid": "134247192",
    "url": "https://kk3.nosdn.127.net/editor/jpg/713830bd855aa8871679ca675484e251.jpg",
    "version": 1,
    "res_type": "editor_icon",
    "import_export_folder_info": "/code_explorer_custom_root_folder_name/\u6b66\u529f\u56fe\u6807"
}