{
    "custom_editor_type": "custom_editor_icon",
    "describe": "",
    "has_upload": false,
    "key": 134251521,
    "md5": "749c38f7d054540d30d15bb1e9d8a95b",
    "name": "\u8fdc\u7a0b\u97ad\u6cd5UR\u91d1\u521a\u4f0f\u9b54\u97ad\u6cd5",
    "path": "ui/134251521",
    "res_name": "\u8fdc\u7a0b\u97ad\u6cd5UR\u91d1\u521a\u4f0f\u9b54\u97ad\u6cd5.jpg",
    "size": "200X200",
    "sub_type": "icon",
    "uid": "134251521",
    "url": "https://kk3.nosdn.127.net/editor/jpg/8baff869ae754bd8a0be4048076f7625.jpg",
    "version": 1,
    "res_type": "editor_icon",
    "import_export_folder_info": "/code_explorer_custom_root_folder_name/\u6b66\u529f\u56fe\u6807"
}