{
    "custom_editor_type": "custom_editor_icon",
    "describe": "",
    "has_upload": false,
    "key": 134225595,
    "md5": "877ad0ce3d83b09ac4e4de9b8ed188f7",
    "name": "\u9648\u9e23\u6d9b\u5fc3\u6cd5\u56fe\u6807",
    "path": "ui/134225595",
    "res_name": "\u9648\u9e23\u6d9b\u5fc3\u6cd5\u56fe\u6807.png",
    "size": "128X128",
    "sub_type": "icon",
    "uid": "134225595",
    "url": "https://kk3.nosdn.127.net/editor/png/425d7513fcbe9349990d5ae931cdb7a5.png",
    "version": 1,
    "res_type": "editor_icon",
    "import_export_folder_info": "/code_explorer_custom_root_folder_name/\u9053\u5177\u56fe\u6807/\u6218\u6cd5\u65e0\u6846/3\u7ea7"
}