{
    "custom_editor_type": "custom_editor_icon",
    "describe": "",
    "has_upload": false,
    "key": 134275532,
    "md5": "da02aa8743b0e7d3b2050d83889a97a6",
    "name": "\u6b66\u529f\u6b8b\u5377\u6280\u80fd\u56fe\u6807_0002s_0004_\u7d2b\u971e\u795e\u529f",
    "path": "ui/134275532",
    "res_name": "\u6b66\u529f\u6b8b\u5377\u6280\u80fd\u56fe\u6807_0002s_0004_\u7d2b\u971e\u795e\u529f.png",
    "size": "128X128",
    "sub_type": "icon",
    "uid": "134275532",
    "url": "https://kk3.nosdn.127.net/editor/png/ca9426016a63138d1f9658e945e2eadb.png",
    "version": 1,
    "res_type": "editor_icon",
    "import_export_folder_info": "/code_explorer_custom_root_folder_name/\u6b66\u529f\u56fe\u6807"
}