{
    "custom_editor_type": "custom_editor_icon",
    "describe": "",
    "has_upload": false,
    "key": 134250730,
    "md5": "f144c1e5aaebedd66e504a5c508f9c6b",
    "name": "\u6b66\u529f\u6b8b\u5377\u6280\u80fd\u56fe\u6807_0006s_0004_\u65e0\u5f71\u795e\u7bad",
    "path": "ui/134250730",
    "res_name": "\u6b66\u529f\u6b8b\u5377\u6280\u80fd\u56fe\u6807_0006s_0004_\u65e0\u5f71\u795e\u7bad.png",
    "size": "128X128",
    "sub_type": "icon",
    "uid": "134250730",
    "url": "https://kk3.nosdn.127.net/editor/png/aac2ee0d8b3b015bcc7d3113b2c654a9.png",
    "version": 1,
    "res_type": "editor_icon",
    "import_export_folder_info": "/code_explorer_custom_root_folder_name/\u6b66\u529f\u56fe\u6807"
}