{
    "custom_editor_type": "custom_editor_icon",
    "describe": "",
    "has_upload": false,
    "key": 134231404,
    "md5": "b57d701001baf77b5fbd1ca5c855945c",
    "name": "1080_0011_01_0012_00_0011_LH_0011_\u674e\u83ab\u6101_DB",
    "path": "ui/134231404",
    "res_name": "1080_0011_01_0012_00_0011_LH_0011_\u674e\u83ab\u6101_DB.png",
    "size": "1080X1080",
    "sub_type": "icon",
    "uid": "134231404",
    "url": "https://kk3.nosdn.127.net/editor/png/059d583f7130949a383677e4f2a21c10.png",
    "version": 1,
    "res_type": "editor_icon",
    "import_export_folder_info": "/code_explorer_custom_root_folder_name/\u82f1\u96c4\u7acb\u7ed8\u900f\u660e\u5e95"
}