{
    "custom_editor_type": "custom_editor_icon",
    "describe": "",
    "has_upload": false,
    "import_export_folder_info": "/code_explorer_custom_root_folder_name",
    "key": 134222003,
    "md5": "848ab42e8584fa682d9c5acdb44488c6",
    "name": "\u5927\u62db\u56fe\u6807_0003s_0000_\u884c\u9152\u6e38\u620f",
    "path": "ui/134222003",
    "res_name": "\u5927\u62db\u56fe\u6807_0003s_0000_\u884c\u9152\u6e38\u620f.png",
    "res_type": "editor_icon",
    "size": "128X128",
    "sub_type": "icon",
    "uid": "134222003",
    "url": "https://kk3.nosdn.127.net/editor/png/47efe36c8aba0080231f75b5f121a188.png",
    "version": 1
}