{
    "custom_editor_type": "custom_editor_icon",
    "describe": "",
    "has_upload": false,
    "key": 134241489,
    "md5": "3b25c0a2cbe6df3d8e4b4b1efdb1e1eb",
    "name": "\u5916\u529fN\u5c0f\u65e0\u76f8\u529f",
    "path": "ui/134241489",
    "res_name": "\u5916\u529fN\u5c0f\u65e0\u76f8\u529f.jpg",
    "size": "200X200",
    "sub_type": "icon",
    "uid": "134241489",
    "url": "https://kk3.nosdn.127.net/editor/jpg/4fb05ca15afeff5988adb617d2884557.jpg",
    "version": 1,
    "res_type": "editor_icon",
    "import_export_folder_info": "/code_explorer_custom_root_folder_name/\u6b66\u529f\u56fe\u6807"
}