{
    "custom_editor_type": "custom_editor_icon",
    "describe": "",
    "has_upload": false,
    "key": 134248416,
    "md5": "11c80ba2f0c0727bd3796775567294cc",
    "name": "\u653b\u6b66\u90539",
    "path": "ui/134248416",
    "res_name": "\u653b\u6b66\u90539.png",
    "size": "128X128",
    "sub_type": "icon",
    "uid": "134248416",
    "url": "https://kk3.nosdn.127.net/editor/png/f1ff353812f01fc63cff8ee61d6252ca.png",
    "version": 1,
    "res_type": "editor_icon",
    "import_export_folder_info": "/code_explorer_custom_root_folder_name/\u9053\u5177\u56fe\u6807/\u6218\u6cd5\u65e0\u6846/3\u7ea7"
}