{
    "custom_editor_type": "custom_editor_icon",
    "describe": "",
    "has_upload": false,
    "key": 134267200,
    "md5": "e1a11df70973697f0813361036012b36",
    "name": "\u6b66\u529f\u6b8b\u5377\u6280\u80fd\u56fe\u6807_0004s_0006_\u5317\u51a5\u795e\u529f",
    "path": "ui/134267200",
    "res_name": "\u6b66\u529f\u6b8b\u5377\u6280\u80fd\u56fe\u6807_0004s_0006_\u5317\u51a5\u795e\u529f.png",
    "size": "128X128",
    "sub_type": "icon",
    "uid": "134267200",
    "url": "https://kk3.nosdn.127.net/editor/png/1e6612b8439012d84f3f5b06d890ad6f.png",
    "version": 1,
    "res_type": "editor_icon",
    "import_export_folder_info": "/code_explorer_custom_root_folder_name/\u6b66\u529f\u56fe\u6807"
}