{
    "custom_editor_type": "custom_editor_icon",
    "describe": "",
    "has_upload": false,
    "key": 134241984,
    "md5": "a2be2c4d6dda40ce2c05d31bfcf1247f",
    "name": "\u5947\u672f\u56de\u590dUR\u836f\u738b\u795e\u7bc7",
    "path": "ui/134241984",
    "res_name": "\u5947\u672f\u56de\u590dUR\u836f\u738b\u795e\u7bc7.jpg",
    "size": "200X200",
    "sub_type": "icon",
    "uid": "134241984",
    "url": "https://kk3.nosdn.127.net/editor/jpg/2d9f11aebeb1bd5919dc4fce92d90dbe.jpg",
    "version": 1,
    "res_type": "editor_icon",
    "import_export_folder_info": "/code_explorer_custom_root_folder_name/\u6b66\u529f\u56fe\u6807"
}