{
    "134239369": {
        "editor_effect": {
            "aoi_visibility": false,
            "deps_info": {
                "deps": [
                    [
                        "editor_icon",
                        901891
                    ],
                    [
                        "editor_icon",
                        902101
                    ],
                    [
                        "editor_icon",
                        901841
                    ]
                ],
                "sound_id_list": []
            },
            "describe": "\u84dd\u8272\u94fe\u63a5\u5149\u6548",
            "key": 134239369,
            "md5": "b796de3802e65bcfa1faaa60e15a46be",
            "model_id": 134239369,
            "name": "\u6b66\u529f\u5916\u529f\u6fc0\u5149\u5b50\u5f39",
            "res_identify": "all",
            "res_type": "kkres",
            "scale": 1.0,
            "source_effect": [],
            "uid": 134239369,
            "version": 1
        },
        "model": {
            "custom": true,
            "effect_keep": true,
            "effect_max_boundingbox": [
                -1.8212242126464844,
                -1.8212242126464844,
                -1.8212242126464844,
                1.8212242126464844,
                1.8212242126464844,
                10.350000381469727
            ],
            "effect_max_life": -1,
            "effect_path": "Fx_Effect/Effect_Editor/Line/Effect_Editor_link_test_copy",
            "is_beam_effect": true,
            "meshes": [],
            "model_id": 134239369,
            "name": "\u6b66\u529f\u5916\u529f\u6fc0\u5149\u5b50\u5f39"
        }
    },
    "sub_type": null,
    "res_type": "editor_effect",
    "import_export_folder_info": "/code_explorer_custom_root_folder_name/\u6b66\u529f\u7279\u6548"
}