{
    "custom_editor_type": "custom_editor_icon",
    "describe": "",
    "has_upload": false,
    "key": 134236409,
    "md5": "1119f16885d5ed0a8034ce4353556705",
    "name": "\u6b66\u529f\u6b8b\u5377\u6280\u80fd\u56fe\u6807_0000s_0009_\u592a\u7384\u7ecf-",
    "path": "ui/134236409",
    "res_name": "\u6b66\u529f\u6b8b\u5377\u6280\u80fd\u56fe\u6807_0000s_0009_\u592a\u7384\u7ecf-.png",
    "size": "128X128",
    "sub_type": "icon",
    "uid": "134236409",
    "url": "https://kk3.nosdn.127.net/editor/png/6628b6610bd72dc26f2aadb58a114b99.png",
    "version": 1,
    "res_type": "editor_icon",
    "import_export_folder_info": "/code_explorer_custom_root_folder_name/\u6b66\u529f\u56fe\u6807"
}