{
    "custom_editor_type": "custom_editor_icon",
    "describe": "",
    "has_upload": false,
    "key": 134279339,
    "md5": "4eb684aa6eac5c7d53b5bad01844e943",
    "name": "\u5927\u62db\u56fe\u6807_0002s_0003_\u5341\u4e8c\u51b3",
    "path": "ui/134279339",
    "res_name": "\u5927\u62db\u56fe\u6807_0002s_0003_\u5341\u4e8c\u51b3.png",
    "size": "128X128",
    "sub_type": "icon",
    "uid": "134279339",
    "url": "https://kk3.nosdn.127.net/editor/png/1858b5be6e85cd52325f4c3b82dc92a7.png",
    "version": 1,
    "res_type": "editor_icon",
    "import_export_folder_info": "/code_explorer_custom_root_folder_name"
}