{
    "custom_editor_type": "custom_editor_icon",
    "describe": "",
    "has_upload": false,
    "key": 134259938,
    "md5": "cc2f5114814de03a3949c699490ceae6",
    "name": "T_SkillIcon_S72",
    "path": "ui/134259938",
    "res_name": "T_SkillIcon_S72.png",
    "size": "128X128",
    "sub_type": "icon",
    "uid": "134259938",
    "url": "https://kk3.nosdn.127.net/editor/png/21d07c3eb88b8f5f321c8d166c72970a.png",
    "version": 1,
    "res_type": "editor_icon",
    "import_export_folder_info": "/code_explorer_custom_root_folder_name/\u9053\u5177\u56fe\u6807/\u6218\u6cd5\u65e0\u6846/4\u7ea7"
}