{
    "custom_editor_type": "custom_editor_icon",
    "describe": "",
    "has_upload": false,
    "key": 134225772,
    "md5": "f4cc67db4db97d3f98d19247c2dc19bf",
    "name": "Legend_18",
    "path": "ui/134225772",
    "res_name": "Legend_18.png",
    "size": "128X128",
    "sub_type": "icon",
    "uid": "134225772",
    "url": "https://kk3.nosdn.127.net/editor/png/2e6261620ae3998db54906e927442ea3.png",
    "version": 1,
    "res_type": "editor_icon",
    "import_export_folder_info": "/code_explorer_custom_root_folder_name/\u9053\u5177\u56fe\u6807/\u6218\u6cd5\u65e0\u6846/3\u7ea7"
}