{
    "custom_editor_type": "custom_editor_icon",
    "describe": "",
    "has_upload": false,
    "key": 134237550,
    "md5": "c8809f83f2d285ad6565cf0a3e1c3bdb",
    "name": "\u5251\u96e8",
    "path": "ui/134237550",
    "res_name": "\u5251\u96e8.png",
    "size": "256X256",
    "sub_type": "icon",
    "uid": "134237550",
    "url": "https://kk3.nosdn.127.net/editor/png/7665e98d6133e42ae2e052c3da4758aa.png",
    "version": 1,
    "res_type": "editor_icon",
    "import_export_folder_info": "/code_explorer_custom_root_folder_name/\u9053\u5177\u56fe\u6807/\u6218\u6cd5\u65e0\u6846/\u8ffd\u52a0\u6218\u6cd5"
}