{
    "custom_editor_type": "custom_editor_icon",
    "describe": "",
    "has_upload": false,
    "key": 134230827,
    "md5": "604784519e4d9d80bfa5fee9804bd770",
    "name": "\u795e\u9b42_\u51cc\u6ce2\u5fae\u6b65",
    "path": "ui/134230827",
    "res_name": "\u795e\u9b42_\u51cc\u6ce2\u5fae\u6b65.png",
    "size": "128X128",
    "sub_type": "icon",
    "uid": "134230827",
    "url": "https://kk3.nosdn.127.net/editor/png/d6f86956efa78b5dbee5e4dc665019b0.png",
    "version": 1,
    "res_type": "editor_icon",
    "import_export_folder_info": "/code_explorer_custom_root_folder_name/\u9053\u5177\u56fe\u6807/\u6218\u6cd5\u65e0\u6846/2\u7ea7"
}