{
    "custom_editor_type": "custom_editor_icon",
    "describe": "",
    "has_upload": false,
    "key": 134227007,
    "md5": "2446cb22cbe1ca955913fcd324f64f4a",
    "name": "\u5916\u529fUR\u516d\u8109\u795e\u5251",
    "path": "ui/134227007",
    "res_name": "\u5916\u529fUR\u516d\u8109\u795e\u5251.jpg",
    "size": "200X200",
    "sub_type": "icon",
    "uid": "134227007",
    "url": "https://kk3.nosdn.127.net/editor/jpg/85f54cd97576a7d34c632e07146f8dc5.jpg",
    "version": 1,
    "res_type": "editor_icon",
    "import_export_folder_info": "/code_explorer_custom_root_folder_name/\u6b66\u529f\u56fe\u6807"
}