{
    "134275879": {
        "editor_effect": {
            "aoi_visibility": false,
            "deps_info": {
                "deps": [
                    [
                        "editor_icon",
                        902418
                    ],
                    [
                        "editor_icon",
                        902488
                    ],
                    [
                        "editor_icon",
                        900767
                    ],
                    [
                        "editor_icon",
                        900797
                    ],
                    [
                        "editor_icon",
                        902941
                    ],
                    [
                        "editor_icon",
                        900040
                    ],
                    [
                        "editor_icon",
                        902152
                    ],
                    [
                        "editor_icon",
                        901361
                    ],
                    [
                        "editor_icon",
                        900621
                    ],
                    [
                        "editor_icon",
                        900394
                    ],
                    [
                        "editor_icon",
                        901659
                    ],
                    [
                        "editor_icon",
                        900460
                    ],
                    [
                        "editor_icon",
                        901921
                    ],
                    [
                        "editor_icon",
                        901917
                    ],
                    [
                        "editor_icon",
                        900691
                    ],
                    [
                        "editor_icon",
                        902191
                    ]
                ],
                "sound_id_list": []
            },
            "describe": "\u7ea2\u8272\u6fc0\u5149\u55b7\u5c04",
            "key": 134275879,
            "md5": "387a791e1b93593b498576dac6e846e6",
            "model_id": 134275879,
            "name": "\u7ea2\u8272\u6fc0\u5149\u55b7\u5c04_1",
            "res_identify": "all",
            "res_type": "kkres",
            "scale": 1.0,
            "source_effect": 105292,
            "uid": 134275879,
            "version": 1
        },
        "model": {
            "custom": true,
            "effect_keep": true,
            "effect_max_life": -1,
            "effect_path": "Fx_Effect/DM22/Fx_Skill/Fire/Fire_DM22_naixiya_Skill01_v01_copy_copy",
            "is_beam_effect": false,
            "meshes": [],
            "model_id": 134275879,
            "name": "\u7ea2\u8272\u6fc0\u5149\u55b7\u5c04_1"
        }
    },
    "sub_type": null,
    "res_type": "editor_effect",
    "import_export_folder_info": "/code_explorer_custom_root_folder_name"
}