{
    "custom_editor_type": "custom_editor_icon",
    "describe": "",
    "has_upload": false,
    "key": 134260423,
    "md5": "d86e6f10036b98bb526f48a043e8ff0a",
    "name": "\u6b66\u529f\u6b8b\u5377\u6280\u80fd\u56fe\u6807_0006s_0011_\u7389\u8702\u9488",
    "path": "ui/134260423",
    "res_name": "\u6b66\u529f\u6b8b\u5377\u6280\u80fd\u56fe\u6807_0006s_0011_\u7389\u8702\u9488.png",
    "size": "128X128",
    "sub_type": "icon",
    "uid": "134260423",
    "url": "https://kk3.nosdn.127.net/editor/png/08dbf12fb8704b475d3a23a2d369b8cb.png",
    "version": 1,
    "res_type": "editor_icon",
    "import_export_folder_info": "/code_explorer_custom_root_folder_name/\u6b66\u529f\u56fe\u6807"
}