{
    "custom_editor_type": "custom_editor_icon",
    "describe": "",
    "has_upload": false,
    "key": 134280388,
    "md5": "651ee0f859626a70257f569394210644",
    "name": "T_SkillIcon_S17",
    "path": "ui/134280388",
    "res_name": "T_SkillIcon_S17.png",
    "size": "128X128",
    "sub_type": "icon",
    "uid": "134280388",
    "url": "https://kk3.nosdn.127.net/editor/png/f12e35f135f089b3d6922c4370fc2b3e.png",
    "version": 1,
    "res_type": "editor_icon",
    "import_export_folder_info": "/code_explorer_custom_root_folder_name/\u9053\u5177\u56fe\u6807/\u6218\u6cd5\u65e0\u6846/3\u7ea7"
}