{
    "custom_editor_type": "custom_editor_icon",
    "describe": "",
    "has_upload": false,
    "key": 134271286,
    "md5": "2a25fe2825f02b84fdd8697e49c7410c",
    "name": "SkillIcon11104_01",
    "path": "ui/134271286",
    "res_name": "SkillIcon11104_01.png",
    "size": "128X128",
    "sub_type": "icon",
    "uid": "134271286",
    "version": 1,
    "res_type": "editor_icon",
    "import_export_folder_info": "/code_explorer_custom_root_folder_name/\u9053\u5177\u56fe\u6807/\u6218\u6cd5\u65e0\u6846/2\u7ea7"
}