{
    "custom_editor_type": "custom_editor_icon",
    "describe": "",
    "has_upload": false,
    "key": 134260769,
    "md5": "521389d3eae1fa6798ba0beb8fb5f123",
    "name": "\u8861\u6b66\u90538",
    "path": "ui/134260769",
    "res_name": "\u8861\u6b66\u90538.png",
    "size": "128X128",
    "sub_type": "icon",
    "uid": "134260769",
    "url": "https://kk3.nosdn.127.net/editor/png/7ddbde849b8c75ca7b776dcaa9324877.png",
    "version": 1,
    "res_type": "editor_icon",
    "import_export_folder_info": "/code_explorer_custom_root_folder_name/\u9053\u5177\u56fe\u6807/\u6218\u6cd5\u65e0\u6846/4\u7ea7"
}