{
    "custom_editor_type": "custom_editor_icon",
    "describe": "",
    "has_upload": false,
    "key": 134228149,
    "md5": "821f02d07015d09203381285cf8a8771",
    "name": "SkillIcon11105_02",
    "path": "ui/134228149",
    "res_name": "SkillIcon11105_02.png",
    "size": "128X128",
    "sub_type": "icon",
    "uid": "134228149",
    "url": "https://kk3.nosdn.127.net/editor/png/e1077ad5a7e3e05e8efc9a0699e7669a.png",
    "version": 1,
    "res_type": "editor_icon",
    "import_export_folder_info": "/code_explorer_custom_root_folder_name/\u9053\u5177\u56fe\u6807/\u6218\u6cd5\u65e0\u6846/2\u7ea7"
}