{
    "custom_editor_type": "custom_editor_icon",
    "describe": "",
    "has_upload": false,
    "key": 134273980,
    "md5": "1aae23066be1c32ab2d492a25d06f1ba",
    "name": "\u5947\u672f\u56de\u590dSR\u534e\u4f57\u5185\u662d\u6cd5",
    "path": "ui/134273980",
    "res_name": "\u5947\u672f\u56de\u590dSR\u534e\u4f57\u5185\u662d\u6cd5.jpg",
    "size": "200X200",
    "sub_type": "icon",
    "uid": "134273980",
    "url": "https://kk3.nosdn.127.net/editor/jpg/ed78e1e42eb618d67fb1a4a81cadb5c0.jpg",
    "version": 1,
    "res_type": "editor_icon",
    "import_export_folder_info": "/code_explorer_custom_root_folder_name/\u6b66\u529f\u56fe\u6807"
}