{
    "custom_editor_type": "custom_editor_icon",
    "describe": "",
    "has_upload": false,
    "key": 134220146,
    "md5": "a00113634f360bc395553219d2776b86",
    "name": "T_SkillIcon_13",
    "path": "ui/134220146",
    "res_name": "T_SkillIcon_13.png",
    "size": "128X128",
    "sub_type": "icon",
    "uid": "134220146",
    "url": "https://kk3.nosdn.127.net/editor/png/7912ea2ef21a7fca9e4b23a63caf54f2.png",
    "version": 1,
    "res_type": "editor_icon",
    "import_export_folder_info": "/code_explorer_custom_root_folder_name/\u9053\u5177\u56fe\u6807/\u6218\u6cd5\u65e0\u6846/3\u7ea7"
}