{
    "custom_editor_type": "custom_editor_icon",
    "describe": "",
    "has_upload": false,
    "key": 134258396,
    "md5": "331c45cca20b61d45c61bf5ae5aaeeb4",
    "name": "\u5927\u62db\u56fe\u6807_0003s_0006_\u5f39\u6307\u4e00\u6325",
    "path": "ui/134258396",
    "res_name": "\u5927\u62db\u56fe\u6807_0003s_0006_\u5f39\u6307\u4e00\u6325.png",
    "size": "128X128",
    "sub_type": "icon",
    "uid": "134258396",
    "version": 1,
    "res_type": "editor_icon",
    "import_export_folder_info": "/code_explorer_custom_root_folder_name"
}