{
    "custom_editor_type": "custom_editor_icon",
    "describe": "",
    "has_upload": false,
    "key": 134248165,
    "md5": "2a60c974f41b331cc05b71f51422cadb",
    "name": "\u6cd5\u5251\u6280\u80fd-\u62a4\u8eab\u9707\u6c14",
    "path": "ui/134248165",
    "res_name": "\u6cd5\u5251\u6280\u80fd-\u62a4\u8eab\u9707\u6c14.png",
    "size": "128X128",
    "sub_type": "icon",
    "uid": "134248165",
    "url": "https://kk3.nosdn.127.net/editor/png/382aa4c4a91b5cc81a98f2602af69f59.png",
    "version": 1,
    "res_type": "editor_icon",
    "import_export_folder_info": "/code_explorer_custom_root_folder_name/\u9053\u5177\u56fe\u6807/\u6218\u6cd5\u65e0\u6846/2\u7ea7"
}