{
    "custom_editor_type": "custom_editor_icon",
    "describe": "",
    "has_upload": false,
    "key": 134232275,
    "md5": "92f060bae2e3b7f6df0ef33834d2f1f4",
    "name": "SkillIcon11136_01",
    "path": "ui/134232275",
    "res_name": "SkillIcon11136_01.png",
    "size": "128X128",
    "sub_type": "icon",
    "uid": "134232275",
    "url": "https://kk3.nosdn.127.net/editor/png/36bed1295a149a2863a49a4e26d92d1e.png",
    "version": 1,
    "res_type": "editor_icon",
    "import_export_folder_info": "/code_explorer_custom_root_folder_name/\u9053\u5177\u56fe\u6807/\u6218\u6cd5\u65e0\u6846/3\u7ea7"
}