{
    "custom_editor_type": "custom_editor_icon",
    "describe": "",
    "has_upload": false,
    "key": 134240089,
    "md5": "45bdc0c37fabfa8d7a4186b85c0ed4e3",
    "name": "\u6cd5\u5251\u6280\u80fd-\u70bd\u7130\u706b\u5899",
    "path": "ui/134240089",
    "res_name": "\u6cd5\u5251\u6280\u80fd-\u70bd\u7130\u706b\u5899.png",
    "size": "128X128",
    "sub_type": "icon",
    "uid": "134240089",
    "url": "https://kk3.nosdn.127.net/editor/png/04d41a664e9c396be04108fc06c20610.png",
    "version": 1,
    "res_type": "editor_icon",
    "import_export_folder_info": "/code_explorer_custom_root_folder_name/\u9053\u5177\u56fe\u6807/\u6218\u6cd5\u65e0\u6846/2\u7ea7"
}