{
    "custom_editor_type": "custom_editor_icon",
    "describe": "",
    "has_upload": false,
    "key": 134255740,
    "md5": "f151d3f97215e4448efa6087c03e83cb",
    "name": "\u6b66\u529f\u6b8b\u5377\u6280\u80fd\u56fe\u6807_0007s_0001_\u5927\u529b\u91d1\u521a\u638c",
    "path": "ui/134255740",
    "res_name": "\u6b66\u529f\u6b8b\u5377\u6280\u80fd\u56fe\u6807_0007s_0001_\u5927\u529b\u91d1\u521a\u638c.png",
    "size": "128X128",
    "sub_type": "icon",
    "uid": "134255740",
    "url": "https://kk3.nosdn.127.net/editor/png/1adf12b7f9ebf4e593f1136dd1ce9cda.png",
    "version": 1,
    "res_type": "editor_icon",
    "import_export_folder_info": "/code_explorer_custom_root_folder_name/\u6b66\u529f\u56fe\u6807"
}