{
    "custom_editor_type": "custom_editor_icon",
    "describe": "",
    "has_upload": false,
    "key": 134281688,
    "md5": "bdc8c50b5660ae717370e599e7f72c40",
    "name": "\u5927\u62db\u56fe\u6807_0008s_0003_\u6d41\u661f\u98de\u5815",
    "path": "ui/134281688",
    "res_name": "\u5927\u62db\u56fe\u6807_0008s_0003_\u6d41\u661f\u98de\u5815.png",
    "size": "128X128",
    "sub_type": "icon",
    "uid": "134281688",
    "url": "https://kk3.nosdn.127.net/editor/png/65a2104b4e8bf0c047192e6b82546c9b.png",
    "version": 1,
    "res_type": "editor_icon",
    "import_export_folder_info": "/code_explorer_custom_root_folder_name"
}