{
    "custom_editor_type": "custom_editor_icon",
    "describe": "",
    "has_upload": false,
    "key": 134257452,
    "md5": "bed4edd42f53b96c007706399baa9c45",
    "name": "\u673a\u5173\u672f\u673a\u5173\u4eba2\u666e\u653b",
    "path": "ui/134257452",
    "res_name": "\u673a\u5173\u672f\u673a\u5173\u4eba2\u666e\u653b.png",
    "size": "200X200",
    "sub_type": "icon",
    "uid": "134257452",
    "url": "https://kk3.nosdn.127.net/editor/png/25afd16e472dd57ce2cacb9c79a25d4f.png",
    "version": 1,
    "res_type": "editor_icon",
    "import_export_folder_info": "/code_explorer_custom_root_folder_name/\u6b66\u529f\u56fe\u6807"
}