{
    "custom_editor_type": "custom_editor_icon",
    "describe": "",
    "has_upload": false,
    "key": 134245255,
    "md5": "5b4589137b21737999544d73d5a16d80",
    "name": "\u5947\u672f\u5438\u8840SSR\u795e\u6728\u738b\u9f0e",
    "path": "ui/134245255",
    "res_name": "\u5947\u672f\u5438\u8840SSR\u795e\u6728\u738b\u9f0e.jpg",
    "size": "200X200",
    "sub_type": "icon",
    "uid": "134245255",
    "url": "https://kk3.nosdn.127.net/editor/jpg/17ab27dbc264c7342af80b66c0d63387.jpg",
    "version": 1,
    "res_type": "editor_icon",
    "import_export_folder_info": "/code_explorer_custom_root_folder_name/\u6b66\u529f\u56fe\u6807"
}