{
    "custom_editor_type": "custom_editor_icon",
    "describe": "",
    "has_upload": false,
    "key": 134259183,
    "md5": "82587b7263382bc29abbbbbf8689edde",
    "name": "\u653b\u6b66\u905311",
    "path": "ui/134259183",
    "res_name": "\u653b\u6b66\u905311.png",
    "size": "128X128",
    "sub_type": "icon",
    "uid": "134259183",
    "url": "https://kk3.nosdn.127.net/editor/png/218cb7c38c18501a8773b4b8105371f2.png",
    "version": 1,
    "res_type": "editor_icon",
    "import_export_folder_info": "/code_explorer_custom_root_folder_name/\u9053\u5177\u56fe\u6807/\u6218\u6cd5\u65e0\u6846/4\u7ea7"
}