{
    "custom_editor_type": "custom_editor_icon",
    "describe": "",
    "has_upload": false,
    "key": 134274859,
    "md5": "82f27651374a330eb5384edfc3e20f04",
    "name": "\u5927\u62db\u56fe\u6807_0003s_0003_\u5317\u6597\u5927\u6cd5",
    "path": "ui/134274859",
    "res_name": "\u5927\u62db\u56fe\u6807_0003s_0003_\u5317\u6597\u5927\u6cd5.png",
    "size": "128X128",
    "sub_type": "icon",
    "uid": "134274859",
    "version": 1,
    "res_type": "editor_icon",
    "import_export_folder_info": "/code_explorer_custom_root_folder_name"
}