{
    "custom_editor_type": "custom_editor_icon",
    "describe": "",
    "has_upload": false,
    "key": 134235088,
    "md5": "9cf315758f1d92066e7798889859146a",
    "name": "\u5927\u62db\u56fe\u6807_0003s_0007_\u6307\u5316\u795e\u5251",
    "path": "ui/134235088",
    "res_name": "\u5927\u62db\u56fe\u6807_0003s_0007_\u6307\u5316\u795e\u5251.png",
    "size": "128X128",
    "sub_type": "icon",
    "uid": "134235088",
    "version": 1,
    "res_type": "editor_icon",
    "import_export_folder_info": "/code_explorer_custom_root_folder_name"
}