{
    "custom_editor_type": "custom_editor_icon",
    "describe": "",
    "has_upload": false,
    "key": 134276495,
    "md5": "3daefabdf4ff6cc73cfacefee92c5755",
    "name": "\u5927\u62db\u56fe\u6807_0005s_0004_\u91d1\u521a\u4f0f\u9b54",
    "path": "ui/134276495",
    "res_name": "\u5927\u62db\u56fe\u6807_0005s_0004_\u91d1\u521a\u4f0f\u9b54.png",
    "size": "128X128",
    "sub_type": "icon",
    "uid": "134276495",
    "url": "https://kk3.nosdn.127.net/editor/png/af331b1781dc022425e17d08884caaa2.png",
    "version": 1,
    "res_type": "editor_icon",
    "import_export_folder_info": "/code_explorer_custom_root_folder_name"
}