{
    "custom_editor_type": "custom_editor_icon",
    "describe": "",
    "has_upload": false,
    "key": 134245314,
    "md5": "b7279460886655e3581e2a2a867ac93d",
    "name": "\u9690\u533f\u4e4b\u884c",
    "path": "ui/134245314",
    "res_name": "\u9690\u533f\u4e4b\u884c.png",
    "size": "600X600",
    "sub_type": "icon",
    "uid": "134245314",
    "url": "https://kk3.nosdn.127.net/editor/png/315f3a201600a850560b2feeea0bfbff.png",
    "version": 1,
    "res_type": "editor_icon",
    "import_export_folder_info": "/code_explorer_custom_root_folder_name/\u9053\u5177\u56fe\u6807/\u6218\u6cd5\u65e0\u6846/\u8ffd\u52a0\u6218\u6cd5"
}