{
    "134262873": {
        "editor_effect": {
            "model_id": 134262873,
            "name": "\u4e03\u4f24\u62f3",
            "res_type": "kkres",
            "sub_type": "effect",
            "version": 1,
            "describe": "\u6a59\u8272\u706b\u7130\u5f39\u9053\u62d6\u5c3e",
            "key": 134262873,
            "res_identify": "all",
            "scale": 1.0,
            "aoi_visibility": 2,
            "source_effect": [
                103378,
                100515,
                103495
            ],
            "uid": 134262873,
            "md5": "40c7e0235c5c3d5f099fc64be045f197",
            "deps_info": {
                "deps": [
                    [
                        "editor_icon",
                        901392
                    ],
                    [
                        "editor_icon",
                        900351
                    ],
                    [
                        "editor_icon",
                        900872
                    ],
                    [
                        "editor_icon",
                        901858
                    ],
                    [
                        "editor_icon",
                        902656
                    ],
                    [
                        "editor_icon",
                        900668
                    ],
                    [
                        "editor_icon",
                        901990
                    ]
                ],
                "sound_id_list": []
            }
        },
        "model": {
            "name": "\u4e03\u4f24\u62f3",
            "model_id": 134262873,
            "meshes": [],
            "effect_path": "Fx_Effect/Cartoon/Fx_Skill/Ballistic/Ballistic_4005_skill_04_04_copy_copy_1_copy_copy",
            "custom": true,
            "effect_keep": true,
            "effect_max_boundingbox": [
                -4.980751037597656,
                -3.285454511642456,
                -5.244114875793457,
                3.9210827350616455,
                2.719897985458374,
                2.7592642307281494
            ],
            "effect_max_life": -1,
            "is_beam_effect": false
        }
    },
    "sub_type": "effect",
    "res_type": "editor_effect",
    "import_export_folder_info": "/code_explorer_custom_root_folder_name"
}