{
    "custom_editor_type": "custom_editor_icon",
    "describe": "",
    "has_upload": false,
    "key": 134270417,
    "md5": "c079befebefc8e30646c2c9d007dad96",
    "name": "\u5fa1\u6b66\u905312",
    "path": "ui/134270417",
    "res_name": "\u5fa1\u6b66\u905312.png",
    "size": "128X128",
    "sub_type": "icon",
    "uid": "134270417",
    "url": "https://kk3.nosdn.127.net/editor/png/84411f91e1e6813552c4829d99f74caf.png",
    "version": 1,
    "res_type": "editor_icon",
    "import_export_folder_info": "/code_explorer_custom_root_folder_name/\u9053\u5177\u56fe\u6807/\u6218\u6cd5\u65e0\u6846/1\u7ea7"
}