{
    "custom_editor_type": "custom_editor_icon",
    "describe": "",
    "has_upload": false,
    "key": 134270140,
    "md5": "73a22bdf604f08724507dbc11e9678c3",
    "name": "SkillIcon11103_04",
    "path": "ui/134270140",
    "res_name": "SkillIcon11103_04.png",
    "size": "128X128",
    "sub_type": "icon",
    "uid": "134270140",
    "version": 1,
    "res_type": "editor_icon",
    "import_export_folder_info": "/code_explorer_custom_root_folder_name/\u9053\u5177\u56fe\u6807/\u6218\u6cd5\u65e0\u6846/1\u7ea7"
}