{
    "custom_editor_type": "custom_editor_icon",
    "describe": "",
    "has_upload": false,
    "key": 134264082,
    "md5": "d4856ecb2d7c19e4da7bcc845abd83ac",
    "name": "\u5947\u672f\u56de\u590dR\u8f6f\u7ea2\u86db\u7d22",
    "path": "ui/134264082",
    "res_name": "\u5947\u672f\u56de\u590dR\u8f6f\u7ea2\u86db\u7d22.jpg",
    "size": "200X200",
    "sub_type": "icon",
    "uid": "134264082",
    "url": "https://kk3.nosdn.127.net/editor/jpg/66d7ae34be2698083caa3c8b8dbdd285.jpg",
    "version": 1,
    "res_type": "editor_icon",
    "import_export_folder_info": "/code_explorer_custom_root_folder_name"
}