{
    "custom_editor_type": "custom_editor_icon",
    "describe": "",
    "has_upload": false,
    "key": 134251634,
    "md5": "21bc56d997304b83d528cef100e7fe51",
    "name": "SkillIcon11139_02",
    "path": "ui/134251634",
    "res_name": "SkillIcon11139_02.png",
    "size": "128X128",
    "sub_type": "icon",
    "uid": "134251634",
    "url": "https://kk3.nosdn.127.net/editor/png/31e69f5d6698f629bd06fec44aa528c9.png",
    "version": 1,
    "res_type": "editor_icon",
    "import_export_folder_info": "/code_explorer_custom_root_folder_name/\u9053\u5177\u56fe\u6807/\u6218\u6cd5\u65e0\u6846/2\u7ea7"
}