{
    "custom_editor_type": "custom_editor_icon",
    "describe": "",
    "has_upload": false,
    "key": 134251686,
    "md5": "e8047f0deeda8d59503e95969eb7f9c0",
    "name": "\u8fd1\u6218\u5200\u6cd5UR\u80e1\u5bb6\u5200\u6cd5",
    "path": "ui/134251686",
    "res_name": "\u8fd1\u6218\u5200\u6cd5UR\u80e1\u5bb6\u5200\u6cd5.jpg",
    "size": "200X200",
    "sub_type": "icon",
    "uid": "134251686",
    "url": "https://kk3.nosdn.127.net/editor/jpg/7ce498b9c21f7fd7479a817a27ee262b.jpg",
    "version": 1,
    "res_type": "editor_icon",
    "import_export_folder_info": "/code_explorer_custom_root_folder_name/\u6b66\u529f\u56fe\u6807"
}