{
    "custom_editor_type": "custom_editor_icon",
    "describe": "",
    "has_upload": false,
    "key": 134268400,
    "md5": "8b4c52b1556e8f5ed7d3ee99385abcfb",
    "name": "\u6b66\u529f\u6b8b\u5377\u6280\u80fd\u56fe\u6807_0000s_0008_\u91ce\u7403\u62f3",
    "path": "ui/134268400",
    "res_name": "\u6b66\u529f\u6b8b\u5377\u6280\u80fd\u56fe\u6807_0000s_0008_\u91ce\u7403\u62f3.png",
    "size": "128X128",
    "sub_type": "icon",
    "uid": "134268400",
    "url": "https://kk3.nosdn.127.net/editor/png/db3ee16c0f622db1f849176b11ca83cc.png",
    "version": 1,
    "res_type": "editor_icon",
    "import_export_folder_info": "/code_explorer_custom_root_folder_name/\u6b66\u529f\u56fe\u6807"
}