{
    "custom_editor_type": "custom_editor_icon",
    "describe": "",
    "has_upload": false,
    "key": 134241637,
    "md5": "c31e562185b629ec761170afb3324aba",
    "name": "\u9752\u7af9\u53df\u5fc3\u6cd5\u56fe\u6807",
    "path": "ui/134241637",
    "res_name": "\u9752\u7af9\u53df\u5fc3\u6cd5\u56fe\u6807.png",
    "size": "128X128",
    "sub_type": "icon",
    "uid": "134241637",
    "url": "https://kk3.nosdn.127.net/editor/png/2fbdfbfbf44066a63298f8307eb88422.png",
    "version": 1,
    "res_type": "editor_icon",
    "import_export_folder_info": "/code_explorer_custom_root_folder_name/\u9053\u5177\u56fe\u6807/\u6218\u6cd5\u65e0\u6846/3\u7ea7"
}