{
    "custom_editor_type": "custom_editor_icon",
    "describe": "",
    "has_upload": false,
    "key": 134242843,
    "md5": "5a4e0cc83e088f6149d8a3e38ea7d1db",
    "name": "\u8861\u6b66\u90534",
    "path": "ui/134242843",
    "res_name": "\u8861\u6b66\u90534.png",
    "size": "128X128",
    "sub_type": "icon",
    "uid": "134242843",
    "url": "https://kk3.nosdn.127.net/editor/png/9eac1ea9a1dcbfd408cb5070efeb1218.png",
    "version": 1,
    "res_type": "editor_icon",
    "import_export_folder_info": "/code_explorer_custom_root_folder_name/\u9053\u5177\u56fe\u6807/\u6218\u6cd5\u65e0\u6846/1\u7ea7"
}