{
    "custom_editor_type": "custom_editor_icon",
    "describe": "",
    "has_upload": false,
    "key": 134231289,
    "md5": "08de8d185853497786ad4a8912ab953b",
    "name": "SkillIcon11156_05",
    "path": "ui/134231289",
    "res_name": "SkillIcon11156_05.png",
    "size": "128X128",
    "sub_type": "icon",
    "uid": "134231289",
    "url": "https://kk3.nosdn.127.net/editor/png/f0edf008ac3fc544c00f1b754597fe41.png",
    "version": 1,
    "res_type": "editor_icon",
    "import_export_folder_info": "/code_explorer_custom_root_folder_name/\u9053\u5177\u56fe\u6807/\u6218\u6cd5\u65e0\u6846/4\u7ea7"
}