{
    "custom_editor_type": "custom_editor_icon",
    "describe": "",
    "has_upload": false,
    "key": 134245099,
    "md5": "176e2e050d4026dd0e83834e561910b2",
    "name": "\u5927\u62db\u56fe\u6807_0006s_0000_\u7389\u8702\u6bd2\u9488",
    "path": "ui/134245099",
    "res_name": "\u5927\u62db\u56fe\u6807_0006s_0000_\u7389\u8702\u6bd2\u9488.png",
    "size": "128X128",
    "sub_type": "icon",
    "uid": "134245099",
    "url": "https://kk3.nosdn.127.net/editor/png/738505a8bfe7da16ad2b24d872545a31.png",
    "version": 1,
    "res_type": "editor_icon",
    "import_export_folder_info": "/code_explorer_custom_root_folder_name"
}