{
    "custom_editor_type": "custom_editor_icon",
    "describe": "",
    "has_upload": false,
    "key": 134230746,
    "md5": "821d83970faa2daa2b390895963020a8",
    "name": "SkillIcon11162_04",
    "path": "ui/134230746",
    "res_name": "SkillIcon11162_04.png",
    "size": "128X128",
    "sub_type": "icon",
    "uid": "134230746",
    "url": "https://kk3.nosdn.127.net/editor/png/4e17bf6e633ebb70bef45e94977e9382.png",
    "version": 1,
    "res_type": "editor_icon",
    "import_export_folder_info": "/code_explorer_custom_root_folder_name/\u9053\u5177\u56fe\u6807/\u6218\u6cd5\u65e0\u6846/4\u7ea7"
}