{
    "custom_editor_type": "custom_editor_icon",
    "describe": "",
    "has_upload": false,
    "key": 134260875,
    "md5": "806a62a982fc49685ce8efce53dbd9c1",
    "name": "\u5916\u529fR\u9752\u57ce\u5185\u529f",
    "path": "ui/134260875",
    "res_name": "\u5916\u529fR\u9752\u57ce\u5185\u529f.jpg",
    "size": "200X200",
    "sub_type": "icon",
    "uid": "134260875",
    "url": "https://kk3.nosdn.127.net/editor/jpg/6f38d32f6b301c16fe65e295b4895d7b.jpg",
    "version": 1,
    "res_type": "editor_icon",
    "import_export_folder_info": "/code_explorer_custom_root_folder_name/\u6b66\u529f\u56fe\u6807"
}