{
    "custom_editor_type": "custom_editor_icon",
    "describe": "",
    "has_upload": false,
    "key": 134277608,
    "md5": "08aa149df5588b55f718adf818c0c94c",
    "name": "\u6b66\u529f\u6b8b\u5377\u6280\u80fd\u56fe\u6807_0002s_0001_\u5341\u516b\u6ce5\u5076",
    "path": "ui/134277608",
    "res_name": "\u6b66\u529f\u6b8b\u5377\u6280\u80fd\u56fe\u6807_0002s_0001_\u5341\u516b\u6ce5\u5076.png",
    "size": "128X128",
    "sub_type": "icon",
    "uid": "134277608",
    "url": "https://kk3.nosdn.127.net/editor/png/b7c95b2731b3c30e132a5de363d6bb21.png",
    "version": 1,
    "res_type": "editor_icon",
    "import_export_folder_info": "/code_explorer_custom_root_folder_name/\u6b66\u529f\u56fe\u6807"
}