{
    "custom_editor_type": "custom_editor_icon",
    "describe": "",
    "has_upload": false,
    "key": 134260860,
    "md5": "387635c9fb62a0a851c9213fe5d4e5c7",
    "name": "\u6b66\u529f\u6b8b\u5377\u6280\u80fd\u56fe\u6807_0000_\u6280\u80fd\u56fe\u6807_0000_\u7389\u5973\u529f",
    "path": "ui/134260860",
    "res_name": "\u6b66\u529f\u6b8b\u5377\u6280\u80fd\u56fe\u6807_0000_\u6280\u80fd\u56fe\u6807_0000_\u7389\u5973\u529f.png",
    "size": "128X128",
    "sub_type": "icon",
    "uid": "134260860",
    "url": "https://kk3.nosdn.127.net/editor/png/c909ea708f61bb45e72485d8580d63e2.png",
    "version": 1,
    "res_type": "editor_icon",
    "import_export_folder_info": "/code_explorer_custom_root_folder_name/\u6b66\u529f\u56fe\u6807"
}