{
    "custom_editor_type": "custom_editor_icon",
    "describe": "",
    "has_upload": false,
    "key": 134239957,
    "md5": "bd0e24d44d9aa7d8cadf33f6fa7acd0d",
    "name": "\u6c5f\u6f9c\u6b62\u5fc3\u6cd5\u56fe\u6807",
    "path": "ui/134239957",
    "res_name": "\u6c5f\u6f9c\u6b62\u5fc3\u6cd5\u56fe\u6807.png",
    "size": "128X128",
    "sub_type": "icon",
    "uid": "134239957",
    "url": "https://kk3.nosdn.127.net/editor/png/66bed274aace222bf7d455801783007a.png",
    "version": 1,
    "res_type": "editor_icon",
    "import_export_folder_info": "/code_explorer_custom_root_folder_name/\u9053\u5177\u56fe\u6807/\u6218\u6cd5\u65e0\u6846/1\u7ea7"
}