{
    "custom_editor_type": "custom_editor_icon",
    "describe": "",
    "has_upload": false,
    "key": 134219751,
    "md5": "08d779175d2fb9697724a074d19c21e6",
    "name": "\u5fa1\u6b66\u905313",
    "path": "ui/134219751",
    "res_name": "\u5fa1\u6b66\u905313.png",
    "size": "128X128",
    "sub_type": "icon",
    "uid": "134219751",
    "url": "https://kk3.nosdn.127.net/editor/png/4d845ce967f5b4232885cbd14a3e4175.png",
    "version": 1,
    "res_type": "editor_icon",
    "import_export_folder_info": "/code_explorer_custom_root_folder_name/\u9053\u5177\u56fe\u6807/\u6218\u6cd5\u65e0\u6846/1\u7ea7"
}