{
    "custom_editor_type": "custom_editor_icon",
    "describe": "",
    "has_upload": false,
    "key": 134231747,
    "md5": "26a4850861dd63805ae4f7354ef0e728",
    "name": "SkillIcon11102_02",
    "path": "ui/134231747",
    "res_name": "SkillIcon11102_02.png",
    "size": "128X128",
    "sub_type": "icon",
    "uid": "134231747",
    "url": "https://kk3.nosdn.127.net/editor/png/9b3f78f423545eeaabe4b7acbeda3560.png",
    "version": 1,
    "res_type": "editor_icon",
    "import_export_folder_info": "/code_explorer_custom_root_folder_name/\u9053\u5177\u56fe\u6807/\u6218\u6cd5\u65e0\u6846/3\u7ea7"
}