{
    "134278529": {
        "editor_effect": {
            "deps_info": {
                "deps": [
                    [
                        "editor_icon",
                        900242
                    ],
                    [
                        "editor_icon",
                        901254
                    ],
                    [
                        "editor_icon",
                        902225
                    ],
                    [
                        "editor_icon",
                        901188
                    ],
                    [
                        "editor_icon",
                        902123
                    ],
                    [
                        "editor_icon",
                        901921
                    ],
                    [
                        "editor_icon",
                        902171
                    ],
                    [
                        "editor_icon",
                        901917
                    ],
                    [
                        "editor_icon",
                        901901
                    ],
                    [
                        "editor_icon",
                        900691
                    ]
                ],
                "sound_id_list": [
                    108767
                ]
            },
            "describe": "134278529",
            "key": 134278529,
            "md5": "c259b30ffd8ff0c97bfe5d52c93311a2",
            "model_id": 134234272,
            "name": "\u84dd\u8272\u7535\u6d41\u6c34\u6fc0\u5149_2",
            "preview_icon": "",
            "res_identify": "",
            "res_type": "kkres",
            "scale": 1.0,
            "source_effect": [
                100713
            ],
            "uid": "134278529",
            "version": 1
        },
        "model": {
            "custom": true,
            "effect_keep": true,
            "effect_max_life": -1,
            "effect_path": "Fx_Effect/Cartoon/Fx_Skill/Electric/Electric_mf_electric_rays_01_copy",
            "is_beam_effect": false,
            "meshes": [],
            "model_id": 134234272,
            "name": "\u84dd\u8272\u7535\u6d41\u6c34\u6fc0\u5149"
        }
    },
    "sub_type": null,
    "res_type": "editor_effect",
    "import_export_folder_info": "/code_explorer_custom_root_folder_name"
}