{
    "custom_editor_type": "custom_editor_icon",
    "describe": "",
    "has_upload": false,
    "key": 134244602,
    "md5": "4d3e59a0958d82a74576abdcce51c181",
    "name": "SkillIcon11131_01",
    "path": "ui/134244602",
    "res_name": "SkillIcon11131_01.png",
    "size": "128X128",
    "sub_type": "icon",
    "uid": "134244602",
    "url": "https://kk3.nosdn.127.net/editor/png/6f96617cfaee086145e9d3ab9987969a.png",
    "version": 1,
    "res_type": "editor_icon",
    "import_export_folder_info": "/code_explorer_custom_root_folder_name/\u9053\u5177\u56fe\u6807/\u6218\u6cd5\u65e0\u6846/2\u7ea7"
}