{
    "custom_editor_type": "custom_editor_icon",
    "describe": "",
    "has_upload": false,
    "key": 134245869,
    "md5": "ff324b8b29afe755f461c2f3b65dab05",
    "name": "SkillIcon11155_04",
    "path": "ui/134245869",
    "res_name": "SkillIcon11155_04.png",
    "size": "128X128",
    "sub_type": "icon",
    "uid": "134245869",
    "url": "https://kk3.nosdn.127.net/editor/png/6d2077797a625ecf9f9c6456988406df.png",
    "version": 1,
    "res_type": "editor_icon",
    "import_export_folder_info": "/code_explorer_custom_root_folder_name/\u9053\u5177\u56fe\u6807/\u6218\u6cd5\u65e0\u6846/4\u7ea7"
}