{
    "custom_editor_type": "custom_editor_icon",
    "describe": "",
    "has_upload": false,
    "key": 134237129,
    "md5": "95e77295b07d73941a92d15d677da3b2",
    "name": "\u6b66\u529f\u6b8b\u5377\u6280\u80fd\u56fe\u6807_0003s_0006_\u6843\u82b1\u673a\u5173\u672f_1",
    "path": "ui/134237129",
    "res_name": "\u6b66\u529f\u6b8b\u5377\u6280\u80fd\u56fe\u6807_0003s_0006_\u6843\u82b1\u673a\u5173\u672f.png",
    "size": "128X128",
    "sub_type": "icon",
    "uid": "134237129",
    "url": "https://kk3.nosdn.127.net/editor/png/6d229f832101dd25d09d76d46a568762.png",
    "version": 1,
    "res_type": "editor_icon",
    "import_export_folder_info": "/code_explorer_custom_root_folder_name/\u6b66\u529f\u56fe\u6807"
}