{
    "custom_editor_type": "custom_editor_icon",
    "describe": "",
    "has_upload": false,
    "key": 134239761,
    "md5": "a6ef59ede558dfec42709f208cba3973",
    "name": "SkillIcon11131_02",
    "path": "ui/134239761",
    "res_name": "SkillIcon11131_02.png",
    "size": "128X128",
    "sub_type": "icon",
    "uid": "134239761",
    "url": "https://kk3.nosdn.127.net/editor/png/d16f4297cfbb5baaf520a0d908769e0e.png",
    "version": 1,
    "res_type": "editor_icon",
    "import_export_folder_info": "/code_explorer_custom_root_folder_name/\u9053\u5177\u56fe\u6807/\u6218\u6cd5\u65e0\u6846/1\u7ea7"
}