{
    "134240946": {
        "editor_effect": {
            "model_id": 134240946,
            "name": "\u6247\u5f62\u5f69\u8272\u51b2\u51fb\u6ce2_1",
            "res_type": "kkres",
            "sub_type": "effect",
            "version": 1,
            "describe": "\u6247\u5f62\u5f69\u8272\u51b2\u51fb\u6ce2",
            "key": 134240946,
            "res_identify": "all",
            "scale": 1.0,
            "aoi_visibility": 2,
            "source_effect": [],
            "uid": 134240946,
            "md5": "ce6a34f7154f96e36c80f5c89365195b",
            "deps_info": {
                "deps": [
                    [
                        "editor_model",
                        205426
                    ],
                    [
                        "editor_model",
                        206034
                    ],
                    [
                        "editor_model",
                        205384
                    ],
                    [
                        "editor_icon",
                        903059
                    ],
                    [
                        "editor_icon",
                        901055
                    ],
                    [
                        "editor_icon",
                        902469
                    ],
                    [
                        "editor_icon",
                        902685
                    ],
                    [
                        "editor_icon",
                        902725
                    ],
                    [
                        "editor_icon",
                        900877
                    ],
                    [
                        "editor_icon",
                        900059
                    ],
                    [
                        "editor_icon",
                        900889
                    ],
                    [
                        "editor_icon",
                        900918
                    ],
                    [
                        "editor_icon",
                        901100
                    ],
                    [
                        "editor_icon",
                        901092
                    ],
                    [
                        "editor_icon",
                        903042
                    ],
                    [
                        "editor_icon",
                        900129
                    ],
                    [
                        "editor_icon",
                        900555
                    ]
                ],
                "sound_id_list": [
                    112089
                ]
            }
        },
        "model": {
            "name": "\u6247\u5f62\u5f69\u8272\u51b2\u51fb\u6ce2_1",
            "model_id": 134240946,
            "meshes": [],
            "effect_path": "Fx_Effect/Realism/Fx_Skill/Holy/11d05085-2c78-4a39-b5ec-021614dd35ca",
            "custom": true,
            "effect_keep": false,
            "effect_max_boundingbox": [
                -8.879838943481445,
                -8.629837989807129,
                -11.099797248840332,
                8.879838943481445,
                9.129837989807129,
                11.099797248840332
            ],
            "effect_max_life": 0.600000024,
            "is_beam_effect": false
        }
    },
    "sub_type": "effect",
    "res_type": "editor_effect",
    "import_export_folder_info": "/code_explorer_custom_root_folder_name"
}