{
    "custom_editor_type": "custom_editor_icon",
    "describe": "",
    "has_upload": false,
    "key": 134280360,
    "md5": "16cd8546f3da16a33d39381f15ed6d15",
    "name": "S_SkillIcon_3",
    "path": "ui/134280360",
    "res_name": "S_SkillIcon_3.png",
    "size": "128X128",
    "sub_type": "icon",
    "uid": "134280360",
    "version": 1,
    "res_type": "editor_icon",
    "import_export_folder_info": "/code_explorer_custom_root_folder_name/\u9053\u5177\u56fe\u6807/\u6218\u6cd5\u65e0\u6846/1\u7ea7"
}