{
    "134241692": {
        "editor_effect": {
            "deps_info": {
                "deps": [
                    [
                        "editor_icon",
                        902082
                    ],
                    [
                        "editor_icon",
                        900351
                    ],
                    [
                        "editor_icon",
                        901805
                    ],
                    [
                        "editor_icon",
                        901824
                    ],
                    [
                        "editor_icon",
                        901960
                    ],
                    [
                        "editor_icon",
                        901094
                    ],
                    [
                        "editor_icon",
                        901659
                    ],
                    [
                        "editor_icon",
                        901562
                    ],
                    [
                        "editor_icon",
                        901297
                    ],
                    [
                        "editor_icon",
                        902156
                    ],
                    [
                        "editor_icon",
                        900691
                    ]
                ],
                "sound_id_list": []
            },
            "describe": "\u84dd\u8272\u51b0\u5c71",
            "editor_res": false,
            "key": 134241692,
            "md5": "98667686a9667b0e1906264970c8245f",
            "model_id": 134220473,
            "name": "\u84dd\u8272\u51b0\u5c71",
            "offical_tags": [
                "\u5361\u901a",
                "code_Effect_Tag_Magical",
                "code_Effect_Tag_Blue",
                "code_Effect_Tag_Frost",
                "code_Effect_Tag_Iceberg"
            ],
            "preview_icon": "UP1EffectPreview/101241",
            "release_delete": [],
            "res_identify": "all",
            "res_type": "kkres",
            "scale": 1.0,
            "source_effect": [
                101241
            ],
            "uid": "editor_effect_101241",
            "version": 1
        },
        "model": {
            "effect_keep": true,
            "effect_max_boundingbox": [
                -9.0,
                -20.971485137939453,
                -9.0,
                9.0,
                9.149999618530273,
                10.23086166381836
            ],
            "effect_max_life": -1,
            "effect_path": "Fx_Effect/Cartoon/Fx_Skill/Ice/Ice_monster_skill_01_02_02_copy",
            "is_beam_effect": false,
            "meshes": [],
            "model_id": 134220473,
            "name": "\u7279\u65481241"
        }
    },
    "sub_type": null,
    "res_type": "editor_effect",
    "import_export_folder_info": "/code_explorer_custom_root_folder_name"
}