{
    "custom_editor_type": "custom_editor_icon",
    "describe": "",
    "has_upload": false,
    "key": 134270595,
    "md5": "b4fba6bf5d7038e23c95408555e148d1",
    "name": "\u5927\u62db\u56fe\u6807_0005s_0005_\u9ec4\u6c99\u4e07\u91cc",
    "path": "ui/134270595",
    "res_name": "\u5927\u62db\u56fe\u6807_0005s_0005_\u9ec4\u6c99\u4e07\u91cc.png",
    "size": "128X128",
    "sub_type": "icon",
    "uid": "134270595",
    "url": "https://kk3.nosdn.127.net/editor/png/6d0a39fbec46e333c254b58d5a75cf27.png",
    "version": 1,
    "res_type": "editor_icon",
    "import_export_folder_info": "/code_explorer_custom_root_folder_name"
}