{
    "custom_editor_type": "custom_editor_icon",
    "describe": "",
    "has_upload": false,
    "key": 134232745,
    "md5": "a88631ec055e1d03f3035c0ec8cd5523",
    "name": "\u6b66\u529f\u6b8b\u5377\u6280\u80fd\u56fe\u6807_0000s_0007_\u4e7e\u5764\u5927\u632a\u79fb",
    "path": "ui/134232745",
    "res_name": "\u6b66\u529f\u6b8b\u5377\u6280\u80fd\u56fe\u6807_0000s_0007_\u4e7e\u5764\u5927\u632a\u79fb.png",
    "size": "128X128",
    "sub_type": "icon",
    "uid": "134232745",
    "url": "https://kk3.nosdn.127.net/editor/png/17eb45bf25d2a44cf90432317e8392c2.png",
    "version": 1,
    "res_type": "editor_icon",
    "import_export_folder_info": "/code_explorer_custom_root_folder_name/\u6b66\u529f\u56fe\u6807"
}