{
    "custom_editor_type": "custom_editor_icon",
    "describe": "",
    "has_upload": false,
    "key": 134282366,
    "md5": "c05c8687bb1eaa183258746778aa82d8",
    "name": "\u6b66\u529f\u6b8b\u5377\u6280\u80fd\u56fe\u6807_0007s_0012_\u9634\u98ce\u5200\u6cd5",
    "path": "ui/134282366",
    "res_name": "\u6b66\u529f\u6b8b\u5377\u6280\u80fd\u56fe\u6807_0007s_0012_\u9634\u98ce\u5200\u6cd5.png",
    "size": "128X128",
    "sub_type": "icon",
    "uid": "134282366",
    "url": "https://kk3.nosdn.127.net/editor/png/d0f8f120251cad13ec38cf581edbcacc.png",
    "version": 1,
    "res_type": "editor_icon",
    "import_export_folder_info": "/code_explorer_custom_root_folder_name/\u6b66\u529f\u56fe\u6807"
}