{
    "custom_editor_type": "custom_editor_icon",
    "describe": "",
    "has_upload": false,
    "key": 134253703,
    "md5": "7c5ebadeb51ddcf8526338f4325b1a00",
    "name": "\u673a\u5173\u672f\u673a\u5173\u4eba1\u666e\u653b",
    "path": "ui/134253703",
    "res_name": "\u673a\u5173\u672f\u673a\u5173\u4eba1\u666e\u653b.png",
    "size": "200X200",
    "sub_type": "icon",
    "uid": "134253703",
    "url": "https://kk3.nosdn.127.net/editor/png/c7de033a2298eda384bbef3d1c13ca99.png",
    "version": 1,
    "res_type": "editor_icon",
    "import_export_folder_info": "/code_explorer_custom_root_folder_name/\u6b66\u529f\u56fe\u6807"
}