{
    "custom_editor_type": "custom_editor_icon",
    "describe": "",
    "has_upload": false,
    "key": 134231781,
    "md5": "4edb6480da7406365e425238bdab17dd",
    "name": "\u5947\u529fR\u5bd2\u51b0\u6cd5",
    "path": "ui/134231781",
    "res_name": "\u5947\u529fR\u5bd2\u51b0\u6cd5.jpg",
    "size": "200X200",
    "sub_type": "icon",
    "uid": "134231781",
    "url": "https://kk3.nosdn.127.net/editor/jpg/11f9189bc9452a1f6c1299891201f8df.jpg",
    "version": 1,
    "res_type": "editor_icon",
    "import_export_folder_info": "/code_explorer_custom_root_folder_name/\u6b66\u529f\u56fe\u6807"
}