{
    "custom_editor_type": "custom_editor_icon",
    "describe": "",
    "has_upload": false,
    "key": 134222000,
    "md5": "19d30128cd4a6a8a893d881e5985b35d",
    "name": "\u6b66\u529f\u6b8b\u5377\u6280\u80fd\u56fe\u6807_0007s_0013_\u8840\u5200\u6cd5",
    "path": "ui/134222000",
    "res_name": "\u6b66\u529f\u6b8b\u5377\u6280\u80fd\u56fe\u6807_0007s_0013_\u8840\u5200\u6cd5.png",
    "size": "128X128",
    "sub_type": "icon",
    "uid": "134222000",
    "url": "https://kk3.nosdn.127.net/editor/png/4c7fea1df695be4e9badfd88a1ced297.png",
    "version": 1,
    "res_type": "editor_icon",
    "import_export_folder_info": "/code_explorer_custom_root_folder_name/\u6b66\u529f\u56fe\u6807"
}