{
    "custom_editor_type": "custom_editor_icon",
    "describe": "",
    "has_upload": false,
    "key": 134251638,
    "md5": "92d7431e72c94fc9b9199234640ea30f",
    "name": "\u8fdc\u7a0b\u97ad\u6cd5SR\u767d\u87d2\u97ad\u6cd5",
    "path": "ui/134251638",
    "res_name": "\u8fdc\u7a0b\u97ad\u6cd5SR\u767d\u87d2\u97ad\u6cd5.jpg",
    "size": "200X200",
    "sub_type": "icon",
    "uid": "134251638",
    "url": "https://kk3.nosdn.127.net/editor/jpg/9a75dadd7557f93928d623f2c4fd3383.jpg",
    "version": 1,
    "res_type": "editor_icon",
    "import_export_folder_info": "/code_explorer_custom_root_folder_name/\u6b66\u529f\u56fe\u6807"
}