{
    "custom_editor_type": "custom_editor_icon",
    "describe": "",
    "has_upload": false,
    "key": 134218233,
    "md5": "0570a6863836e6644b915781834e5a11",
    "name": "\u8861\u6b66\u905310",
    "path": "ui/134218233",
    "res_name": "\u8861\u6b66\u905310.png",
    "size": "128X128",
    "sub_type": "icon",
    "uid": "134218233",
    "url": "https://kk3.nosdn.127.net/editor/png/ed097e7f50407444c1f7f6c8e4a21904.png",
    "version": 1,
    "res_type": "editor_icon",
    "import_export_folder_info": "/code_explorer_custom_root_folder_name/\u9053\u5177\u56fe\u6807/\u6218\u6cd5\u65e0\u6846/4\u7ea7"
}