{
    "custom_editor_type": "custom_editor_icon",
    "describe": "",
    "has_upload": false,
    "key": 134259949,
    "md5": "1395467ae03afa3d318a07b41918fa1c",
    "name": "\u8fdc\u7a0b\u6697\u5668UR\u751f\u6b7b\u7b26",
    "path": "ui/134259949",
    "res_name": "\u8fdc\u7a0b\u6697\u5668UR\u751f\u6b7b\u7b26.jpg",
    "size": "200X200",
    "sub_type": "icon",
    "uid": "134259949",
    "url": "https://kk3.nosdn.127.net/editor/jpg/83a5dd0c87501367a95aaaab7a9abd59.jpg",
    "version": 1,
    "res_type": "editor_icon",
    "import_export_folder_info": "/code_explorer_custom_root_folder_name/\u6b66\u529f\u56fe\u6807"
}