{
    "custom_editor_type": "custom_editor_icon",
    "describe": "",
    "has_upload": false,
    "key": 134279266,
    "md5": "568ac8eddf32fc03456cd17d1b23153d",
    "name": "\u6b66\u529f\u6b8b\u5377\u6280\u80fd\u56fe\u6807_0007s_0014_\u4e09\u624d\u5200\u6cd5",
    "path": "ui/134279266",
    "res_name": "\u6b66\u529f\u6b8b\u5377\u6280\u80fd\u56fe\u6807_0007s_0014_\u4e09\u624d\u5200\u6cd5.png",
    "size": "128X128",
    "sub_type": "icon",
    "uid": "134279266",
    "url": "https://kk3.nosdn.127.net/editor/png/99a125d939d2256f0aa94f7402a25fa7.png",
    "version": 1,
    "res_type": "editor_icon",
    "import_export_folder_info": "/code_explorer_custom_root_folder_name/\u6b66\u529f\u56fe\u6807"
}