{
    "custom_editor_type": "custom_editor_icon",
    "describe": "",
    "has_upload": false,
    "key": 134253330,
    "md5": "b460c408247b7dcc5a638a223869b726",
    "name": "Legend_1",
    "path": "ui/134253330",
    "res_name": "Legend_1.png",
    "size": "128X128",
    "sub_type": "icon",
    "uid": "134253330",
    "url": "https://kk3.nosdn.127.net/editor/png/05a067ae5ac268f481a8dc55d3356081.png",
    "version": 1,
    "res_type": "editor_icon",
    "import_export_folder_info": "/code_explorer_custom_root_folder_name/\u9053\u5177\u56fe\u6807/\u6218\u6cd5\u65e0\u6846/3\u7ea7"
}