{
    "custom_editor_type": "custom_editor_icon",
    "describe": "",
    "has_upload": false,
    "key": 134220932,
    "md5": "85912a6d1745ee58f62a558ee8a32255",
    "name": "\u9e70\u5973\u5fc3\u6cd5\u56fe\u6807",
    "path": "ui/134220932",
    "res_name": "\u9e70\u5973\u5fc3\u6cd5\u56fe\u6807.png",
    "size": "128X128",
    "sub_type": "icon",
    "uid": "134220932",
    "url": "https://kk3.nosdn.127.net/editor/png/e58b01453f4e53b7bd15990727a068a0.png",
    "version": 1,
    "res_type": "editor_icon",
    "import_export_folder_info": "/code_explorer_custom_root_folder_name/\u9053\u5177\u56fe\u6807/\u6218\u6cd5\u65e0\u6846/1\u7ea7"
}