{
    "custom_editor_type": "custom_editor_icon",
    "describe": "",
    "has_upload": false,
    "key": 134224020,
    "md5": "77a5a48f9b8370c3404535758b993717",
    "name": "SkillIcon11139_04",
    "path": "ui/134224020",
    "res_name": "SkillIcon11139_04.png",
    "size": "128X128",
    "sub_type": "icon",
    "uid": "134224020",
    "version": 1,
    "res_type": "editor_icon",
    "import_export_folder_info": "/code_explorer_custom_root_folder_name/\u9053\u5177\u56fe\u6807/\u6218\u6cd5\u65e0\u6846/4\u7ea7"
}