{
    "134229845": {
        "editor_effect": {
            "deps_info": {
                "deps": [
                    [
                        "editor_icon",
                        901392
                    ],
                    [
                        "editor_icon",
                        903081
                    ],
                    [
                        "editor_icon",
                        900351
                    ],
                    [
                        "editor_icon",
                        900872
                    ],
                    [
                        "editor_icon",
                        901858
                    ],
                    [
                        "editor_icon",
                        900668
                    ],
                    [
                        "editor_icon",
                        901990
                    ]
                ],
                "sound_id_list": []
            },
            "describe": "\u6a59\u8272\u706b\u7130\u5f39\u9053\u62d6\u5c3e",
            "editor_res": false,
            "key": 134229845,
            "md5": "d5b25d830ed9f79cbbe48266ab20031f",
            "model_id": 134238232,
            "name": "\u964d\u9f99\u5341\u516b\u638c\u4fee\u6539\u7279\u6548",
            "offical_tags": [
                "\u5361\u901a",
                "code_Effect_Tag_Magical",
                "code_Effect_Tag_Orange",
                "code_Effect_Tag_Flame",
                "code_Effect_Tag_Ballistic trail",
                "code_Effect_Tag_Feather",
                "code_Effect_Tag_Magical"
            ],
            "preview_icon": "UP1EffectPreview/100515",
            "release_delete": [],
            "res_identify": "all",
            "res_type": "kkres",
            "scale": 1.0,
            "source_effect": [
                103378,
                100515,
                103495
            ],
            "uid": "editor_effect_100515",
            "version": 1
        },
        "model": {
            "effect_keep": true,
            "effect_max_boundingbox": [
                -4.980751037597656,
                -3.285454511642456,
                -5.244114875793457,
                3.9210827350616455,
                2.719897985458374,
                2.7592642307281494
            ],
            "effect_max_life": -1,
            "effect_path": "Fx_Effect/Cartoon/Fx_Skill/Ballistic/Ballistic_4005_skill_04_04_copy_copy",
            "is_beam_effect": false,
            "meshes": [],
            "model_id": 134238232,
            "name": "\u7279\u6548515"
        }
    },
    "sub_type": null,
    "res_type": "editor_effect",
    "import_export_folder_info": "/code_explorer_custom_root_folder_name"
}