{
    "custom_editor_type": "custom_editor_icon",
    "describe": "",
    "has_upload": false,
    "key": 134231885,
    "md5": "31a15cfe676f0537fa1d784b5b300d7d",
    "name": "T_SkillIcon_32",
    "path": "ui/134231885",
    "res_name": "T_SkillIcon_32.png",
    "size": "128X128",
    "sub_type": "icon",
    "uid": "134231885",
    "url": "https://kk3.nosdn.127.net/editor/png/62f4c5a554229b56e4421446f609ca78.png",
    "version": 1,
    "res_type": "editor_icon",
    "import_export_folder_info": "/code_explorer_custom_root_folder_name/\u9053\u5177\u56fe\u6807/\u6218\u6cd5\u65e0\u6846/4\u7ea7"
}