{
    "custom_editor_type": "custom_editor_icon",
    "describe": "",
    "has_upload": false,
    "key": 134229830,
    "md5": "ed874e919afbee7de0efe89cede9995d",
    "name": "\u6b66\u529f\u6b8b\u5377\u6280\u80fd\u56fe\u6807_0006s_0009_\u91d1\u521a\u4f0f\u9b54\u97ad\u6cd5",
    "path": "ui/134229830",
    "res_name": "\u6b66\u529f\u6b8b\u5377\u6280\u80fd\u56fe\u6807_0006s_0009_\u91d1\u521a\u4f0f\u9b54\u97ad\u6cd5.png",
    "size": "128X128",
    "sub_type": "icon",
    "uid": "134229830",
    "url": "https://kk3.nosdn.127.net/editor/png/c9d5f0f777ec16dbf05414180eca88c6.png",
    "version": 1,
    "res_type": "editor_icon",
    "import_export_folder_info": "/code_explorer_custom_root_folder_name/\u6b66\u529f\u56fe\u6807"
}