{
    "custom_editor_type": "custom_editor_icon",
    "describe": "",
    "has_upload": false,
    "key": 134230722,
    "md5": "d3a3adaaf4507b51e72b4ca9de1797bd",
    "name": "\u6b66\u529f\u6b8b\u5377\u6280\u80fd\u56fe\u6807_0005s_0007_\u516d\u8109\u795e\u5251",
    "path": "ui/134230722",
    "res_name": "\u6b66\u529f\u6b8b\u5377\u6280\u80fd\u56fe\u6807_0005s_0007_\u516d\u8109\u795e\u5251.png",
    "size": "128X128",
    "sub_type": "icon",
    "uid": "134230722",
    "url": "https://kk3.nosdn.127.net/editor/png/d9c1eaf534a9dadf188e05ecbc4491e9.png",
    "version": 1,
    "res_type": "editor_icon",
    "import_export_folder_info": "/code_explorer_custom_root_folder_name/\u6b66\u529f\u56fe\u6807"
}