{
    "custom_editor_type": "custom_editor_icon",
    "describe": "",
    "has_upload": false,
    "key": 134256025,
    "md5": "dfac45204148c7bb4fc225a59a031dde",
    "name": "SkillIcon11122_05",
    "path": "ui/134256025",
    "res_name": "SkillIcon11122_05.png",
    "size": "128X128",
    "sub_type": "icon",
    "uid": "134256025",
    "url": "https://kk3.nosdn.127.net/editor/png/8b0963473e5ec675e7ecfd0e32bc31cc.png",
    "version": 1,
    "res_type": "editor_icon",
    "import_export_folder_info": "/code_explorer_custom_root_folder_name/\u9053\u5177\u56fe\u6807/\u6218\u6cd5\u65e0\u6846/2\u7ea7"
}