{
    "custom_editor_type": "custom_editor_icon",
    "describe": "",
    "has_upload": false,
    "key": 134263368,
    "md5": "ca9e1f83c4084ff8210ba1e29647532f",
    "name": "\u8fdc\u7a0b\u5f13\u7badUR\u5927\u6f20\u7bad\u6cd5",
    "path": "ui/134263368",
    "res_name": "\u8fdc\u7a0b\u5f13\u7badUR\u5927\u6f20\u7bad\u6cd5.jpg",
    "size": "200X200",
    "sub_type": "icon",
    "uid": "134263368",
    "url": "https://kk3.nosdn.127.net/editor/jpg/195881801d2101ed223233ab7c6cbaac.jpg",
    "version": 1,
    "res_type": "editor_icon",
    "import_export_folder_info": "/code_explorer_custom_root_folder_name/\u6b66\u529f\u56fe\u6807"
}