{
    "custom_editor_type": "custom_editor_icon",
    "describe": "",
    "has_upload": false,
    "key": 134226336,
    "md5": "932319fd8b8b1d4275b6aab05440cf8e",
    "name": "\u5916\u529fSSR\u7d2b\u971e\u795e\u529f",
    "path": "ui/134226336",
    "res_name": "\u5916\u529fSSR\u7d2b\u971e\u795e\u529f.jpg",
    "size": "200X200",
    "sub_type": "icon",
    "uid": "134226336",
    "url": "https://kk3.nosdn.127.net/editor/jpg/544aee957ff2d1d38e6db0fc64836bf9.jpg",
    "version": 1,
    "res_type": "editor_icon",
    "import_export_folder_info": "/code_explorer_custom_root_folder_name/\u6b66\u529f\u56fe\u6807"
}