{
    "custom_editor_type": "custom_editor_icon",
    "describe": "",
    "has_upload": false,
    "key": 134242558,
    "md5": "7e60614f874f714adfc89e62126f5f7c",
    "name": "\u8fd1\u6218\u62f3\u638cSR\u822c\u82e5\u638c",
    "path": "ui/134242558",
    "res_name": "\u8fd1\u6218\u62f3\u638cSR\u822c\u82e5\u638c.jpg",
    "size": "200X200",
    "sub_type": "icon",
    "uid": "134242558",
    "url": "https://kk3.nosdn.127.net/editor/jpg/0d61a440f4e485367ba8b0428ad920d3.jpg",
    "version": 1,
    "res_type": "editor_icon",
    "import_export_folder_info": "/code_explorer_custom_root_folder_name/\u6b66\u529f\u56fe\u6807"
}