{
    "custom_editor_type": "custom_editor_icon",
    "describe": "",
    "has_upload": false,
    "key": 134245617,
    "md5": "a3a68a8aa934e5f3beaea053d04488f6",
    "name": "\u653b\u6b66\u90534",
    "path": "ui/134245617",
    "res_name": "\u653b\u6b66\u90534.png",
    "size": "128X128",
    "sub_type": "icon",
    "uid": "134245617",
    "url": "https://kk3.nosdn.127.net/editor/png/060e97814e6ce4a2d219d40105e1d60e.png",
    "version": 1,
    "res_type": "editor_icon",
    "import_export_folder_info": "/code_explorer_custom_root_folder_name/\u9053\u5177\u56fe\u6807/\u6218\u6cd5\u65e0\u6846/2\u7ea7"
}