{
    "custom_editor_type": "custom_editor_icon",
    "describe": "",
    "has_upload": false,
    "key": 134238511,
    "md5": "a01f9757b72c405ef8fe3db1a9589c6e",
    "name": "\u6b66\u529f\u6b8b\u5377\u6280\u80fd\u56fe\u6807_0003s_0002_\u673a\u5173\u672f",
    "path": "ui/134238511",
    "res_name": "\u6b66\u529f\u6b8b\u5377\u6280\u80fd\u56fe\u6807_0003s_0002_\u673a\u5173\u672f.png",
    "size": "128X128",
    "sub_type": "icon",
    "uid": "134238511",
    "url": "https://kk3.nosdn.127.net/editor/png/69ee67e8deebc0cfc7e0d5d2c22f88ea.png",
    "version": 1,
    "res_type": "editor_icon",
    "import_export_folder_info": "/code_explorer_custom_root_folder_name/\u6b66\u529f\u56fe\u6807"
}