{
    "custom_editor_type": "custom_editor_icon",
    "describe": "",
    "has_upload": false,
    "key": 134228854,
    "md5": "7292dee18d430f1d0ffbd38b4a4c98c1",
    "name": "\u5947\u672f\u5438\u8840N\u9f9f\u7532\u795e\u529f",
    "path": "ui/134228854",
    "res_name": "\u5947\u672f\u5438\u8840N\u9f9f\u7532\u795e\u529f.jpg",
    "size": "200X200",
    "sub_type": "icon",
    "uid": "134228854",
    "url": "https://kk3.nosdn.127.net/editor/jpg/5a7bc54cd10acc4a319ada9e9801b2ab.jpg",
    "version": 1,
    "res_type": "editor_icon",
    "import_export_folder_info": "/code_explorer_custom_root_folder_name/\u6b66\u529f\u56fe\u6807"
}