{
    "custom_editor_type": "custom_editor_icon",
    "describe": "",
    "has_upload": false,
    "key": 134256797,
    "md5": "c29fd557d45001ae524936e24e785446",
    "name": "SkillIcon11111_05",
    "path": "ui/134256797",
    "res_name": "SkillIcon11111_05.png",
    "size": "128X128",
    "sub_type": "icon",
    "uid": "134256797",
    "version": 1,
    "res_type": "editor_icon",
    "import_export_folder_info": "/code_explorer_custom_root_folder_name/\u9053\u5177\u56fe\u6807/\u6218\u6cd5\u65e0\u6846/3\u7ea7"
}