{
    "custom_editor_type": "custom_editor_icon",
    "describe": "",
    "has_upload": false,
    "key": 134236906,
    "md5": "ba116ec0babeff5a4c64a720e314e058",
    "name": "SkillIcon11162_05",
    "path": "ui/134236906",
    "res_name": "SkillIcon11162_05.png",
    "size": "128X128",
    "sub_type": "icon",
    "uid": "134236906",
    "url": "https://kk3.nosdn.127.net/editor/png/cdaa67a2c4b7e2eb54e860ff14b6e3f1.png",
    "version": 1,
    "res_type": "editor_icon",
    "import_export_folder_info": "/code_explorer_custom_root_folder_name/\u9053\u5177\u56fe\u6807/\u6218\u6cd5\u65e0\u6846/4\u7ea7"
}