{
    "custom_editor_type": "custom_editor_icon",
    "describe": "",
    "has_upload": false,
    "key": 134250456,
    "md5": "ea535795f0973c3cbfe151fa7fc6c279",
    "name": "SkillIcon11150_04",
    "path": "ui/134250456",
    "res_name": "SkillIcon11150_04.png",
    "size": "128X128",
    "sub_type": "icon",
    "uid": "134250456",
    "url": "https://kk3.nosdn.127.net/editor/png/786bb2e1cdfac0c21384adf17490e7a2.png",
    "version": 1,
    "res_type": "editor_icon",
    "import_export_folder_info": "/code_explorer_custom_root_folder_name/\u9053\u5177\u56fe\u6807/\u6218\u6cd5\u65e0\u6846/2\u7ea7"
}