{
    "custom_editor_type": "custom_editor_icon",
    "describe": "",
    "has_upload": false,
    "key": 134273379,
    "md5": "38921578968bcce559cd5b3d39138ceb",
    "name": "\u6b66\u529f\u6b8b\u5377\u6280\u80fd\u56fe\u6807_0002s_0006_\u6d17\u9ad3\u7ecf",
    "path": "ui/134273379",
    "res_name": "\u6b66\u529f\u6b8b\u5377\u6280\u80fd\u56fe\u6807_0002s_0006_\u6d17\u9ad3\u7ecf.png",
    "size": "128X128",
    "sub_type": "icon",
    "uid": "134273379",
    "url": "https://kk3.nosdn.127.net/editor/png/7886a5449d3c86379f1ee5a198c1831c.png",
    "version": 1,
    "res_type": "editor_icon",
    "import_export_folder_info": "/code_explorer_custom_root_folder_name/\u6b66\u529f\u56fe\u6807"
}