{
    "custom_editor_type": "custom_editor_icon",
    "describe": "",
    "has_upload": false,
    "key": 134241672,
    "md5": "ef14f9f6335c764cae6b91ce8c60b9e1",
    "name": "\u6b66\u529f\u6b8b\u5377\u6280\u80fd\u56fe\u6807_0003s_0003_\u516b\u5366\u9635",
    "path": "ui/134241672",
    "res_name": "\u6b66\u529f\u6b8b\u5377\u6280\u80fd\u56fe\u6807_0003s_0003_\u516b\u5366\u9635.png",
    "size": "128X128",
    "sub_type": "icon",
    "uid": "134241672",
    "url": "https://kk3.nosdn.127.net/editor/png/430230a56b39e5b57d9b8dcf427ca880.png",
    "version": 1,
    "res_type": "editor_icon",
    "import_export_folder_info": "/code_explorer_custom_root_folder_name/\u6b66\u529f\u56fe\u6807"
}