{
    "custom_editor_type": "custom_editor_icon",
    "describe": "",
    "has_upload": false,
    "key": 134220546,
    "md5": "b8705e0b392bd862732c7c05254f34cd",
    "name": "\u6b66\u529f\u6b8b\u5377\u6280\u80fd\u56fe\u6807_0004s_0005_\u86e4\u87c6\u529f",
    "path": "ui/134220546",
    "res_name": "\u6b66\u529f\u6b8b\u5377\u6280\u80fd\u56fe\u6807_0004s_0005_\u86e4\u87c6\u529f.png",
    "size": "128X128",
    "sub_type": "icon",
    "uid": "134220546",
    "url": "https://kk3.nosdn.127.net/editor/png/6be8b8e1a09fb9a5754d170e559f02ee.png",
    "version": 1,
    "res_type": "editor_icon",
    "import_export_folder_info": "/code_explorer_custom_root_folder_name/\u6b66\u529f\u56fe\u6807"
}