{
    "custom_editor_type": "custom_editor_icon",
    "describe": "",
    "has_upload": false,
    "key": 134242072,
    "md5": "2bef0b7f5653fe39538552fbf0345f40",
    "name": "S_SkillIcon_19",
    "path": "ui/134242072",
    "res_name": "S_SkillIcon_19.png",
    "size": "128X128",
    "sub_type": "icon",
    "uid": "134242072",
    "version": 1,
    "res_type": "editor_icon",
    "import_export_folder_info": "/code_explorer_custom_root_folder_name/\u9053\u5177\u56fe\u6807/\u6218\u6cd5\u65e0\u6846/2\u7ea7"
}