{
    "134271101": {
        "editor_effect": {
            "aoi_visibility": false,
            "deps_info": {
                "deps": [
                    [
                        "editor_model",
                        206817
                    ],
                    [
                        "editor_icon",
                        900311
                    ],
                    [
                        "editor_icon",
                        900253
                    ],
                    [
                        "editor_icon",
                        901142
                    ],
                    [
                        "editor_icon",
                        900560
                    ],
                    [
                        "editor_icon",
                        901647
                    ],
                    [
                        "editor_icon",
                        901780
                    ]
                ],
                "sound_id_list": []
            },
            "describe": "\u91d1\u8272\u9632\u5fa1\u62a4\u76fe",
            "key": 134271101,
            "md5": "007d0daf205e69c6412dfdc6e2af0aa5",
            "model_id": 134271101,
            "name": "\u6b66\u529f\u4e03\u4f24\u62f3\u5b50\u5f39",
            "res_identify": "all",
            "res_type": "kkres",
            "scale": 1.0,
            "source_effect": [
                102881,
                104651,
                100521,
                105086
            ],
            "uid": 134271101,
            "version": 1
        },
        "model": {
            "custom": true,
            "effect_keep": true,
            "effect_max_boundingbox": [
                -1.0500000715255737,
                -1.0500000715255737,
                -1.0500000715255737,
                1.0500000715255737,
                1.0500000715255737,
                1.0500000715255737
            ],
            "effect_max_life": -1,
            "effect_path": "Fx_Effect/OtherType/Fx_Common/Buff/Buff_JiuGuan_shengdun_a_copy_copy_copy",
            "is_beam_effect": false,
            "meshes": [],
            "model_id": 134271101,
            "name": "\u6b66\u529f\u4e03\u4f24\u62f3\u5b50\u5f39"
        }
    },
    "sub_type": null,
    "res_type": "editor_effect",
    "import_export_folder_info": "/code_explorer_custom_root_folder_name/\u6b66\u529f\u7279\u6548"
}