{
    "custom_editor_type": "custom_editor_icon",
    "describe": "",
    "has_upload": false,
    "key": 134221639,
    "md5": "a28ca22fef1fed5835c660aa261b4079",
    "name": "SkillIcon11138_05",
    "path": "ui/134221639",
    "res_name": "SkillIcon11138_05.png",
    "size": "128X128",
    "sub_type": "icon",
    "uid": "134221639",
    "url": "https://kk3.nosdn.127.net/editor/png/a31d310435b28853572fe59e84ecce9d.png",
    "version": 1,
    "res_type": "editor_icon",
    "import_export_folder_info": "/code_explorer_custom_root_folder_name/\u9053\u5177\u56fe\u6807/\u6218\u6cd5\u65e0\u6846/3\u7ea7"
}