<?xml version="1.0" encoding="utf-8"?>
<Resource>
	<Version>2</Version>
	<SMaterialData>
		<Root>
			<Sub/>
			<Entity type="SMaterialData">
				<name/>
				<info>
					<Layers count="1" ordered="true">
						<Element index="0">
							<LayerName>2f05a03d-bf8b-4505-ba35-8555423aa8b5</LayerName>
							<ShaderName>c5c7cfa0-a62d-416d-b1fc-4a598ee8732e</ShaderName>
							<Parameters count="3" ordered="true">
								<Element index="0">
									<Name>tBaseMap</Name>
									<Value>0ea473a6-0ce5-4bd7-b636-88cc977539cd</Value>
								</Element>
								<Element index="1">
									<Name>tNormalMap</Name>
									<Value>d0db56da-f06a-496b-840f-e3b92317dea4</Value>
								</Element>
								<Element index="2">
									<Name>tMixMap</Name>
									<Value>6389db13-2396-47b3-a401-fad88a9e1a45</Value>
								</Element>
							</Parameters>
							<MultiPassMaterials count="0" ordered="true"/>
							<MaterialTrans count="0" ordered="true"/>
						</Element>
					</Layers>
					<ExtTech>1</ExtTech>
				</info>
				<flags count="1" ordered="true">
					<Element index="0">262161</Element>
				</flags>
				<customRenderset count="1" ordered="true">
					<Element index="0">0</Element>
				</customRenderset>
			</Entity>
		</Root>
	</SMaterialData>
</Resource>
