{
    "custom_editor_type": "custom_editor_icon",
    "describe": "",
    "has_upload": false,
    "key": 134270814,
    "md5": "42a48eaf5e828e82be34bf7ab5a2e6df",
    "name": "\u8fdc\u7a0b\u5f13\u7badSR\u98ce\u9a70\u7535\u63a3",
    "path": "ui/134270814",
    "res_name": "\u8fdc\u7a0b\u5f13\u7badSR\u98ce\u9a70\u7535\u63a3.jpg",
    "size": "200X200",
    "sub_type": "icon",
    "uid": "134270814",
    "url": "https://kk3.nosdn.127.net/editor/jpg/51ed0e4cb89e6c699b67cd3ff7f5f069.jpg",
    "version": 1,
    "res_type": "editor_icon",
    "import_export_folder_info": "/code_explorer_custom_root_folder_name/\u6b66\u529f\u56fe\u6807"
}