{
    "custom_editor_type": "custom_editor_icon",
    "describe": "",
    "has_upload": false,
    "key": 134219255,
    "md5": "fea7cf3870bff6084df4d59fff90df8c",
    "name": "SkillIcon11136_03",
    "path": "ui/134219255",
    "res_name": "SkillIcon11136_03.png",
    "size": "128X128",
    "sub_type": "icon",
    "uid": "134219255",
    "url": "https://kk3.nosdn.127.net/editor/png/26d9631b10a2918ebfcb022cc415862a.png",
    "version": 1,
    "res_type": "editor_icon",
    "import_export_folder_info": "/code_explorer_custom_root_folder_name/\u9053\u5177\u56fe\u6807/\u6218\u6cd5\u65e0\u6846/1\u7ea7"
}