{
    "custom_editor_type": "custom_editor_icon",
    "describe": "",
    "has_upload": false,
    "key": 134245509,
    "md5": "6d4009fc2924b84cf3b8bb3249202608",
    "name": "T_MasterSkill_8",
    "path": "ui/134245509",
    "res_name": "T_MasterSkill_8.png",
    "size": "128X128",
    "sub_type": "icon",
    "uid": "134245509",
    "url": "https://kk3.nosdn.127.net/editor/png/2be75df0bb4b15430c2b5088b6791d38.png",
    "version": 1,
    "res_type": "editor_icon",
    "import_export_folder_info": "/code_explorer_custom_root_folder_name/\u9053\u5177\u56fe\u6807/\u6218\u6cd5\u65e0\u6846/2\u7ea7"
}