{
    "custom_editor_type": "custom_editor_icon",
    "describe": "",
    "has_upload": false,
    "key": 134274954,
    "md5": "f336c22be6425723fa29fb78614338d8",
    "name": "GlobalPVP_LoadingIcon1",
    "path": "ui/134274954",
    "res_name": "GlobalPVP_LoadingIcon1.png",
    "size": "128X128",
    "sub_type": "icon",
    "uid": "134274954",
    "url": "https://kk3.nosdn.127.net/editor/png/f482ed32b4e099b981e4c8ef6c800a00.png",
    "version": 1,
    "res_type": "editor_icon",
    "import_export_folder_info": "/code_explorer_custom_root_folder_name/\u9053\u5177\u56fe\u6807/\u6218\u6cd5\u65e0\u6846/3\u7ea7"
}