{
    "custom_editor_type": "custom_editor_icon",
    "describe": "",
    "has_upload": false,
    "key": 134244670,
    "md5": "694c8b0fa51cbf091cc619714559860d",
    "name": "\u5f02\u672fSR\u673a\u5173\u672f",
    "path": "ui/134244670",
    "res_name": "\u5f02\u672fSR\u673a\u5173\u672f.jpg",
    "size": "200X200",
    "sub_type": "icon",
    "uid": "134244670",
    "version": 1,
    "res_type": "editor_icon",
    "import_export_folder_info": "/code_explorer_custom_root_folder_name/\u6b66\u529f\u56fe\u6807"
}