{
    "custom_editor_type": "custom_editor_icon",
    "describe": "",
    "has_upload": false,
    "key": 134218170,
    "md5": "e1e78258b4b7c73096d3357d26a9780d",
    "name": "\u5916\u529fSR\u9f99\u8c61\u822c\u82e5\u529f",
    "path": "ui/134218170",
    "res_name": "\u5916\u529fSR\u9f99\u8c61\u822c\u82e5\u529f.jpg",
    "size": "200X200",
    "sub_type": "icon",
    "uid": "134218170",
    "url": "https://kk3.nosdn.127.net/editor/jpg/f46af4ee8adc8441f7e4043853970894.jpg",
    "version": 1,
    "res_type": "editor_icon",
    "import_export_folder_info": "/code_explorer_custom_root_folder_name/\u6b66\u529f\u56fe\u6807"
}