{
    "custom_editor_type": "custom_editor_icon",
    "describe": "",
    "has_upload": false,
    "key": 134267883,
    "md5": "cae43b92b4c6435d1f6c400abfa33215",
    "name": "\u795e\u4e10\u5fc3\u6cd5\u56fe\u6807",
    "path": "ui/134267883",
    "res_name": "\u795e\u4e10\u5fc3\u6cd5\u56fe\u6807.png",
    "size": "128X128",
    "sub_type": "icon",
    "uid": "134267883",
    "url": "https://kk3.nosdn.127.net/editor/png/3d514f6027ad99ab32e56e151ca1caa7.png",
    "version": 1,
    "res_type": "editor_icon",
    "import_export_folder_info": "/code_explorer_custom_root_folder_name/\u9053\u5177\u56fe\u6807/\u6218\u6cd5\u65e0\u6846/1\u7ea7"
}