{
    "custom_editor_type": "custom_editor_icon",
    "describe": "",
    "has_upload": false,
    "key": 134268843,
    "md5": "6c07ffa71787ef9527e0bd4698e933a8",
    "name": "\u8fdc\u7a0b\u5f13\u7badUR\u65e0\u5f71\u795e\u7bad",
    "path": "ui/134268843",
    "res_name": "\u8fdc\u7a0b\u5f13\u7badUR\u65e0\u5f71\u795e\u7bad.jpg",
    "size": "200X200",
    "sub_type": "icon",
    "uid": "134268843",
    "url": "https://kk3.nosdn.127.net/editor/jpg/a0811c98d6e3a15dbe1ebe055335ff8f.jpg",
    "version": 1,
    "res_type": "editor_icon",
    "import_export_folder_info": "/code_explorer_custom_root_folder_name/\u6b66\u529f\u56fe\u6807"
}