{
    "custom_editor_type": "custom_editor_icon",
    "describe": "",
    "has_upload": false,
    "key": 134266655,
    "md5": "a3f0c990b2ac2fc2638dbc6cd840cb96",
    "name": "T_SkillIcon_S26",
    "path": "ui/134266655",
    "res_name": "T_SkillIcon_S26.png",
    "size": "128X128",
    "sub_type": "icon",
    "uid": "134266655",
    "url": "https://kk3.nosdn.127.net/editor/png/e80b2612822751877cce20155ac3c27a.png",
    "version": 1,
    "res_type": "editor_icon",
    "import_export_folder_info": "/code_explorer_custom_root_folder_name/\u9053\u5177\u56fe\u6807/\u6218\u6cd5\u65e0\u6846/1\u7ea7"
}