{
    "custom_editor_type": "custom_editor_icon",
    "describe": "",
    "has_upload": false,
    "key": 134269831,
    "md5": "2c7d05803a074c9f0af85cfeecb0f0bd",
    "name": "\u6b66\u529f\u6b8b\u5377\u6280\u80fd\u56fe\u6807_0005s_0002_\u9f99\u8c61\u822c\u82e5\u529f",
    "path": "ui/134269831",
    "res_name": "\u6b66\u529f\u6b8b\u5377\u6280\u80fd\u56fe\u6807_0005s_0002_\u9f99\u8c61\u822c\u82e5\u529f.png",
    "size": "128X128",
    "sub_type": "icon",
    "uid": "134269831",
    "url": "https://kk3.nosdn.127.net/editor/png/65728763f73860091d2c2382a7bede3d.png",
    "version": 1,
    "res_type": "editor_icon",
    "import_export_folder_info": "/code_explorer_custom_root_folder_name/\u6b66\u529f\u56fe\u6807"
}