{
    "custom_editor_type": "custom_editor_icon",
    "describe": "",
    "has_upload": false,
    "key": 134271344,
    "md5": "3e3b9ca35708f082b8c5da3c02885f54",
    "name": "Legend_11",
    "path": "ui/134271344",
    "res_name": "Legend_11.png",
    "size": "128X128",
    "sub_type": "icon",
    "uid": "134271344",
    "url": "https://kk3.nosdn.127.net/editor/png/2b8c2d83b7ee94d20cd643476fcb3d0a.png",
    "version": 1,
    "res_type": "editor_icon",
    "import_export_folder_info": "/code_explorer_custom_root_folder_name/\u9053\u5177\u56fe\u6807/\u6218\u6cd5\u65e0\u6846/1\u7ea7"
}