{
    "custom_editor_type": "custom_editor_icon",
    "describe": "",
    "has_upload": false,
    "key": 134242167,
    "md5": "185b54e8dd79128c26378cec35c8b554",
    "name": "SkillIcon11120_01",
    "path": "ui/134242167",
    "res_name": "SkillIcon11120_01.png",
    "size": "128X128",
    "sub_type": "icon",
    "uid": "134242167",
    "url": "https://kk3.nosdn.127.net/editor/png/4f1e4fdd3e4bd8bf2c1f40560ad8c337.png",
    "version": 1,
    "res_type": "editor_icon",
    "import_export_folder_info": "/code_explorer_custom_root_folder_name/\u9053\u5177\u56fe\u6807/\u6218\u6cd5\u65e0\u6846/2\u7ea7"
}