{
    "custom_editor_type": "custom_editor_icon",
    "describe": "",
    "has_upload": false,
    "key": 134250665,
    "md5": "e5ed3890e7a21fbdb38aa57eb0e208b8",
    "name": "SkillIcon11125_03",
    "path": "ui/134250665",
    "res_name": "SkillIcon11125_03.png",
    "size": "128X128",
    "sub_type": "icon",
    "uid": "134250665",
    "url": "https://kk3.nosdn.127.net/editor/png/da57b4962d93feb459b89e8f8a42499d.png",
    "version": 1,
    "res_type": "editor_icon",
    "import_export_folder_info": "/code_explorer_custom_root_folder_name/\u9053\u5177\u56fe\u6807/\u6218\u6cd5\u65e0\u6846/3\u7ea7"
}