{
    "custom_editor_type": "custom_editor_icon",
    "describe": "",
    "has_upload": false,
    "key": 134269911,
    "md5": "b551ec799a8aa9c1480313d827b227ff",
    "name": "T_SkillIcon_S25",
    "path": "ui/134269911",
    "res_name": "T_SkillIcon_S25.png",
    "size": "128X128",
    "sub_type": "icon",
    "uid": "134269911",
    "url": "https://kk3.nosdn.127.net/editor/png/40276e7e9326337f52cd138736c2a1d6.png",
    "version": 1,
    "res_type": "editor_icon",
    "import_export_folder_info": "/code_explorer_custom_root_folder_name/\u9053\u5177\u56fe\u6807/\u6218\u6cd5\u65e0\u6846/3\u7ea7"
}