{
    "custom_editor_type": "custom_editor_icon",
    "describe": "",
    "has_upload": false,
    "key": 134222441,
    "md5": "193be0d11947c037f690bc1ffd148e18",
    "name": "\u5927\u62db\u56fe\u6807_0006s_0005_\u51b0\u9b44\u5bd2\u6bd2",
    "path": "ui/134222441",
    "res_name": "\u5927\u62db\u56fe\u6807_0006s_0005_\u51b0\u9b44\u5bd2\u6bd2.png",
    "size": "128X128",
    "sub_type": "icon",
    "uid": "134222441",
    "url": "https://kk3.nosdn.127.net/editor/png/e1f9feace0c66a27c9acd2c1fb00a4a2.png",
    "version": 1,
    "res_type": "editor_icon",
    "import_export_folder_info": "/code_explorer_custom_root_folder_name"
}