{
    "custom_editor_type": "custom_editor_icon",
    "describe": "",
    "has_upload": false,
    "key": 134239867,
    "md5": "065e6423f19d65e7bc3965866ab629e8",
    "name": "\u67aa\u7537\u6280\u80fd-\u8fc5\u96f7\u65a9",
    "path": "ui/134239867",
    "res_name": "\u67aa\u7537\u6280\u80fd-\u8fc5\u96f7\u65a9.png",
    "size": "128X128",
    "sub_type": "icon",
    "uid": "134239867",
    "url": "https://kk3.nosdn.127.net/editor/png/f9c999f873fc2ceba0e4d965f69f4133.png",
    "version": 1,
    "res_type": "editor_icon",
    "import_export_folder_info": "/code_explorer_custom_root_folder_name/\u9053\u5177\u56fe\u6807/\u6218\u6cd5\u65e0\u6846/1\u7ea7"
}