{
    "custom_editor_type": "custom_editor_icon",
    "describe": "",
    "has_upload": false,
    "key": 134240764,
    "md5": "d37291d71647d4b72ee06c28e1dab961",
    "name": "\u6b66\u529f\u6b8b\u5377\u6280\u80fd\u56fe\u6807_0006s_0000_\u4e94\u884c\u7bad\u6cd5",
    "path": "ui/134240764",
    "res_name": "\u6b66\u529f\u6b8b\u5377\u6280\u80fd\u56fe\u6807_0006s_0000_\u4e94\u884c\u7bad\u6cd5.png",
    "size": "128X128",
    "sub_type": "icon",
    "uid": "134240764",
    "url": "https://kk3.nosdn.127.net/editor/png/41ed624e3b9637a35799f463d6f7b45b.png",
    "version": 1,
    "res_type": "editor_icon",
    "import_export_folder_info": "/code_explorer_custom_root_folder_name/\u6b66\u529f\u56fe\u6807"
}