{
    "custom_editor_type": "custom_editor_icon",
    "describe": "",
    "has_upload": false,
    "key": 134257277,
    "md5": "c8131695262c41dd1fcebb8944cdc7a1",
    "name": "\u673a\u5173\u672f\u673a\u5173\u4eba2\u6280\u80fd",
    "path": "ui/134257277",
    "res_name": "\u673a\u5173\u672f\u673a\u5173\u4eba2\u6280\u80fd.png",
    "size": "200X200",
    "sub_type": "icon",
    "uid": "134257277",
    "url": "https://kk3.nosdn.127.net/editor/png/5527b0137bcfa16423be8d262f2a8c48.png",
    "version": 1,
    "res_type": "editor_icon",
    "import_export_folder_info": "/code_explorer_custom_root_folder_name/\u6b66\u529f\u56fe\u6807"
}