{
    "custom_editor_type": "custom_editor_icon",
    "describe": "",
    "has_upload": false,
    "key": 134249576,
    "md5": "9abcd33ffc4cabcfa4698607653a6315",
    "name": "\u5f02\u672fN\u7075\u9e6b\u7cbe\u7075",
    "path": "ui/134249576",
    "res_name": "\u5f02\u672fN\u7075\u9e6b\u7cbe\u7075.jpg",
    "size": "200X200",
    "sub_type": "icon",
    "uid": "134249576",
    "version": 1,
    "res_type": "editor_icon",
    "import_export_folder_info": "/code_explorer_custom_root_folder_name/\u6b66\u529f\u56fe\u6807"
}