{
    "134220591": {
        "editor_effect": {
            "deps_info": {
                "deps": [
                    [
                        "editor_icon",
                        901857
                    ],
                    [
                        "editor_icon",
                        902624
                    ],
                    [
                        "editor_icon",
                        900560
                    ],
                    [
                        "editor_icon",
                        901910
                    ],
                    [
                        "editor_icon",
                        901554
                    ],
                    [
                        "editor_icon",
                        902637
                    ],
                    [
                        "editor_icon",
                        902750
                    ],
                    [
                        "editor_icon",
                        902119
                    ],
                    [
                        "editor_icon",
                        903083
                    ],
                    [
                        "editor_icon",
                        902156
                    ],
                    [
                        "editor_icon",
                        900253
                    ],
                    [
                        "editor_icon",
                        901102
                    ]
                ],
                "sound_id_list": []
            },
            "describe": "\u6a59\u8272\u706b\u7130\u707c\u70e7Buff",
            "editor_res": false,
            "key": 134220591,
            "md5": "e836723aa808ab41b13fe32f22a35e1e",
            "model_id": 134256829,
            "name": "\u6a59\u8272\u706b\u7130\u707c\u70e7Buff",
            "offical_tags": [
                "\u5199\u5b9e",
                "\u9b54\u5e7b",
                "\u7384\u5e7b",
                "\u6a59\u8272",
                "\u706b\u7130",
                "\u573a\u666f",
                "\u707c\u70e7",
                "Buff",
                "\u9b54\u6cd5"
            ],
            "preview_icon": "UP1EffectPreview/104675",
            "release_delete": [],
            "res_group": 29,
            "res_identify": "all",
            "res_type": "kkres",
            "scale": 1.0,
            "source_effect": [
                104675
            ],
            "uid": "editor_effect_104675",
            "version": 1
        },
        "model": {
            "effect_keep": true,
            "effect_max_boundingbox": [
                -3.9454169273376465,
                -2.9697206020355225,
                -3.346733570098877,
                3.9454169273376465,
                3.799948215484619,
                3.346733570098877
            ],
            "effect_max_life": -1,
            "effect_path": "Fx_Effect/Overseas/Fx_Skill/Fire/Fire_overseas_900081_passive_a0001_copy",
            "is_beam_effect": false,
            "meshes": [],
            "model_id": 134256829,
            "name": "Fire_overseas_900081_passive_a0001"
        }
    },
    "sub_type": null,
    "res_type": "editor_effect",
    "import_export_folder_info": "/code_explorer_custom_root_folder_name"
}