{
    "custom_editor_type": "custom_editor_icon",
    "describe": "",
    "has_upload": false,
    "key": 134274181,
    "md5": "6f436d016f13f2ca3e4b1d74f327f0f5",
    "name": "S_SkillIcon_13",
    "path": "ui/134274181",
    "res_name": "S_SkillIcon_13.png",
    "size": "128X128",
    "sub_type": "icon",
    "uid": "134274181",
    "url": "https://kk3.nosdn.127.net/editor/png/a650ee2256ea5e6e39af97b9cff247fc.png",
    "version": 1,
    "res_type": "editor_icon",
    "import_export_folder_info": "/code_explorer_custom_root_folder_name/\u9053\u5177\u56fe\u6807/\u6218\u6cd5\u65e0\u6846/3\u7ea7"
}