{
    "custom_editor_type": "custom_editor_icon",
    "describe": "",
    "has_upload": false,
    "key": 134243957,
    "md5": "cd57a4d45b5a7896c9a09c3f25fa1144",
    "name": "T_SkillIcon_S10",
    "path": "ui/134243957",
    "res_name": "T_SkillIcon_S10.png",
    "size": "128X128",
    "sub_type": "icon",
    "uid": "134243957",
    "url": "https://kk3.nosdn.127.net/editor/png/b6f3c94ee9360ba47c6ea5fb8b2699ef.png",
    "version": 1,
    "res_type": "editor_icon",
    "import_export_folder_info": "/code_explorer_custom_root_folder_name/\u9053\u5177\u56fe\u6807/\u6218\u6cd5\u65e0\u6846/2\u7ea7"
}