{
    "custom_editor_type": "custom_editor_icon",
    "describe": "",
    "has_upload": false,
    "key": 134273673,
    "md5": "fdf0dbf32d1abf8fde506edb4b5b353f",
    "name": "\u795e\u9b42_\u5f52\u5bc2",
    "path": "ui/134273673",
    "res_name": "\u795e\u9b42_\u5f52\u5bc2.png",
    "size": "128X128",
    "sub_type": "icon",
    "uid": "134273673",
    "url": "https://kk3.nosdn.127.net/editor/png/e0b32d99469c1e226ce1f401053b2518.png",
    "version": 1,
    "res_type": "editor_icon",
    "import_export_folder_info": "/code_explorer_custom_root_folder_name/\u9053\u5177\u56fe\u6807/\u6218\u6cd5\u65e0\u6846/3\u7ea7"
}