{
    "custom_editor_type": "custom_editor_icon",
    "describe": "",
    "has_upload": false,
    "key": 134265640,
    "md5": "dbd2902c014699f16d416f60dc658600",
    "name": "SkillIcon11156_01",
    "path": "ui/134265640",
    "res_name": "SkillIcon11156_01.png",
    "size": "128X128",
    "sub_type": "icon",
    "uid": "134265640",
    "url": "https://kk3.nosdn.127.net/editor/png/f71570802f01508ca8294573ebe70d56.png",
    "version": 1,
    "res_type": "editor_icon",
    "import_export_folder_info": "/code_explorer_custom_root_folder_name/\u9053\u5177\u56fe\u6807/\u6218\u6cd5\u65e0\u6846/3\u7ea7"
}