<?xml version="1.0" encoding="utf-8"?>
<Resource>
	<Version>2</Version>
	<SMaterialData>
		<Root>
			<Sub/>
			<Entity type="SMaterialData">
				<name>_material</name>
				<info>
					<Layers count="9" ordered="true">
						<Element index="0">
							<LayerName>glow_submat</LayerName>
							<ShaderName>Particle</ShaderName>
							<Parameters count="18" ordered="true">
								<Element index="0">
									<Name>DepthBuffer</Name>
									<Value>00000000-0000-0000-0000-000000000000</Value>
								</Element>
								<Element index="1">
									<Name>DiffuseTexture</Name>
									<Value>43e8a83c-bf1f-424d-a5f7-81641a2ae182</Value>
								</Element>
								<Element index="2">
									<Name>SSProfilesTextureGlobel</Name>
									<Value>00000000-0000-0000-0000-000000000000</Value>
								</Element>
								<Element index="3">
									<Name>ScreenTexture</Name>
									<Value>00000000-0000-0000-0000-000000000000</Value>
								</Element>
								<Element index="4">
									<Name>tIRVDayTextureA</Name>
									<Value>00000000-0000-0000-0000-000000000000</Value>
								</Element>
								<Element index="5">
									<Name>tIRVNightTextureA</Name>
									<Value>00000000-0000-0000-0000-000000000000</Value>
								</Element>
								<Element index="6">
									<Name>tScatteringAndTransmittanceVolume</Name>
									<Value>00000000-0000-0000-0000-000000000000</Value>
								</Element>
								<Element index="7">
									<Name>tShadowMapArray</Name>
									<Value>00000000-0000-0000-0000-000000000000</Value>
								</Element>
								<Element index="8">
									<Name>InvFadeDistance</Name>
									<Value>0</Value>
								</Element>
								<Element index="9">
									<Name>ModulateColor</Name>
									<Value>(1, 1, 1, 4)</Value>
								</Element>
								<Element index="10">
									<Name>Soft</Name>
									<Value>0</Value>
								</Element>
								<Element index="11">
									<Name>HDRScale</Name>
									<Value>2</Value>
								</Element>
								<Element index="12">
									<Name>UVScale</Name>
									<Value>(1, 1)</Value>
								</Element>
								<Element index="13">
									<Name>Local</Name>
									<Value>1</Value>
								</Element>
								<Element index="14">
									<Name>BloomScale</Name>
									<Value>0.5</Value>
								</Element>
								<Element index="15">
									<Name>FogStrength</Name>
									<Value>0</Value>
								</Element>
								<Element index="16">
									<Name>DepthBias</Name>
									<Value>0</Value>
								</Element>
								<Element index="17">
									<Name>Distortion</Name>
									<Value>0</Value>
								</Element>
							</Parameters>
							<InactiveParameters count="0" ordered="true"/>
							<MultiPassMaterials count="0" ordered="true"/>
						</Element>
						<Element index="1">
							<LayerName>andi01_submat</LayerName>
							<ShaderName>Effect/Panner</ShaderName>
							<Parameters count="21" ordered="true">
								<Element index="0">
									<Name>DepthBuffer</Name>
									<Value>00000000-0000-0000-0000-000000000000</Value>
								</Element>
								<Element index="1">
									<Name>DiffuseTexture</Name>
									<Value>1b00b916-a26a-471a-8d4b-9af1661f4e5c</Value>
								</Element>
								<Element index="2">
									<Name>MaskTexture</Name>
									<Value>5bdaad9c-d670-439d-9d09-3f08106286b7</Value>
								</Element>
								<Element index="3">
									<Name>SSProfilesTextureGlobel</Name>
									<Value>00000000-0000-0000-0000-000000000000</Value>
								</Element>
								<Element index="4">
									<Name>TwistTexture</Name>
									<Value>00000000-0000-0000-0000-000000000000</Value>
								</Element>
								<Element index="5">
									<Name>tIRVDayTextureA</Name>
									<Value>00000000-0000-0000-0000-000000000000</Value>
								</Element>
								<Element index="6">
									<Name>tIRVNightTextureA</Name>
									<Value>00000000-0000-0000-0000-000000000000</Value>
								</Element>
								<Element index="7">
									<Name>tScatteringAndTransmittanceVolume</Name>
									<Value>00000000-0000-0000-0000-000000000000</Value>
								</Element>
								<Element index="8">
									<Name>tShadowMapArray</Name>
									<Value>00000000-0000-0000-0000-000000000000</Value>
								</Element>
								<Element index="9">
									<Name>ModulateColor</Name>
									<Value>(1, 1, 1, 2)</Value>
								</Element>
								<Element index="10">
									<Name>InvFadeDistance</Name>
									<Value>0</Value>
								</Element>
								<Element index="11">
									<Name>DiffuseUVOffset</Name>
									<Value>(0, 0)</Value>
								</Element>
								<Element index="12">
									<Name>TwistStrength</Name>
									<Value>(0, 0)</Value>
								</Element>
								<Element index="13">
									<Name>DiffuseUVScolling</Name>
									<Value>(1, 1, 1, 0)</Value>
								</Element>
								<Element index="14">
									<Name>DepthBias</Name>
									<Value>0</Value>
								</Element>
								<Element index="15">
									<Name>FogStrength</Name>
									<Value>0</Value>
								</Element>
								<Element index="16">
									<Name>BloomScale</Name>
									<Value>0.5</Value>
								</Element>
								<Element index="17">
									<Name>TwistUVScolling</Name>
									<Value>(1, 1, 0, 0)</Value>
								</Element>
								<Element index="18">
									<Name>HDRScale</Name>
									<Value>2</Value>
								</Element>
								<Element index="19">
									<Name>MaskUVTransform</Name>
									<Value>(1, 1, 0, 0)</Value>
								</Element>
								<Element index="20">
									<Name>Soft</Name>
									<Value>0</Value>
								</Element>
							</Parameters>
							<InactiveParameters count="0" ordered="true"/>
							<MultiPassMaterials count="0" ordered="true"/>
						</Element>
						<Element index="2">
							<LayerName>andi02_submat</LayerName>
							<ShaderName>Effect/Panner</ShaderName>
							<Parameters count="21" ordered="true">
								<Element index="0">
									<Name>DepthBuffer</Name>
									<Value>00000000-0000-0000-0000-000000000000</Value>
								</Element>
								<Element index="1">
									<Name>DiffuseTexture</Name>
									<Value>0a8fd5db-e167-4ee9-83c0-c342777bf1a0</Value>
								</Element>
								<Element index="2">
									<Name>MaskTexture</Name>
									<Value>34e0a9f4-3195-4134-aebc-8f46b859dbc1</Value>
								</Element>
								<Element index="3">
									<Name>SSProfilesTextureGlobel</Name>
									<Value>00000000-0000-0000-0000-000000000000</Value>
								</Element>
								<Element index="4">
									<Name>TwistTexture</Name>
									<Value>3fe716b4-1b5b-4d47-a754-f2e5ea57b82d</Value>
								</Element>
								<Element index="5">
									<Name>tIRVDayTextureA</Name>
									<Value>00000000-0000-0000-0000-000000000000</Value>
								</Element>
								<Element index="6">
									<Name>tIRVNightTextureA</Name>
									<Value>00000000-0000-0000-0000-000000000000</Value>
								</Element>
								<Element index="7">
									<Name>tScatteringAndTransmittanceVolume</Name>
									<Value>00000000-0000-0000-0000-000000000000</Value>
								</Element>
								<Element index="8">
									<Name>tShadowMapArray</Name>
									<Value>00000000-0000-0000-0000-000000000000</Value>
								</Element>
								<Element index="9">
									<Name>ModulateColor</Name>
									<Value>(1, 1, 1, 2)</Value>
								</Element>
								<Element index="10">
									<Name>InvFadeDistance</Name>
									<Value>0</Value>
								</Element>
								<Element index="11">
									<Name>DiffuseUVOffset</Name>
									<Value>(0, 0)</Value>
								</Element>
								<Element index="12">
									<Name>TwistStrength</Name>
									<Value>(0.1, 0.1)</Value>
								</Element>
								<Element index="13">
									<Name>DiffuseUVScolling</Name>
									<Value>(0.8, 1, 0.5, 0)</Value>
								</Element>
								<Element index="14">
									<Name>DepthBias</Name>
									<Value>0</Value>
								</Element>
								<Element index="15">
									<Name>FogStrength</Name>
									<Value>0</Value>
								</Element>
								<Element index="16">
									<Name>BloomScale</Name>
									<Value>0.5</Value>
								</Element>
								<Element index="17">
									<Name>TwistUVScolling</Name>
									<Value>(1, 2, 0.1, 0.1)</Value>
								</Element>
								<Element index="18">
									<Name>HDRScale</Name>
									<Value>2</Value>
								</Element>
								<Element index="19">
									<Name>MaskUVTransform</Name>
									<Value>(1, 1, 0, 0)</Value>
								</Element>
								<Element index="20">
									<Name>Soft</Name>
									<Value>0</Value>
								</Element>
							</Parameters>
							<InactiveParameters count="0" ordered="true"/>
							<MultiPassMaterials count="0" ordered="true"/>
						</Element>
						<Element index="3">
							<LayerName>andi03_submat</LayerName>
							<ShaderName>Effect/Panner</ShaderName>
							<Parameters count="21" ordered="true">
								<Element index="0">
									<Name>DepthBuffer</Name>
									<Value>00000000-0000-0000-0000-000000000000</Value>
								</Element>
								<Element index="1">
									<Name>DiffuseTexture</Name>
									<Value>1b00b916-a26a-471a-8d4b-9af1661f4e5c</Value>
								</Element>
								<Element index="2">
									<Name>MaskTexture</Name>
									<Value>6625ec57-53f3-45a7-865f-e355fbac8414</Value>
								</Element>
								<Element index="3">
									<Name>SSProfilesTextureGlobel</Name>
									<Value>00000000-0000-0000-0000-000000000000</Value>
								</Element>
								<Element index="4">
									<Name>TwistTexture</Name>
									<Value>00000000-0000-0000-0000-000000000000</Value>
								</Element>
								<Element index="5">
									<Name>tIRVDayTextureA</Name>
									<Value>00000000-0000-0000-0000-000000000000</Value>
								</Element>
								<Element index="6">
									<Name>tIRVNightTextureA</Name>
									<Value>00000000-0000-0000-0000-000000000000</Value>
								</Element>
								<Element index="7">
									<Name>tScatteringAndTransmittanceVolume</Name>
									<Value>00000000-0000-0000-0000-000000000000</Value>
								</Element>
								<Element index="8">
									<Name>tShadowMapArray</Name>
									<Value>00000000-0000-0000-0000-000000000000</Value>
								</Element>
								<Element index="9">
									<Name>ModulateColor</Name>
									<Value>(1, 1, 1, 0.5)</Value>
								</Element>
								<Element index="10">
									<Name>InvFadeDistance</Name>
									<Value>0</Value>
								</Element>
								<Element index="11">
									<Name>DiffuseUVOffset</Name>
									<Value>(0, 0)</Value>
								</Element>
								<Element index="12">
									<Name>TwistStrength</Name>
									<Value>(0, 0)</Value>
								</Element>
								<Element index="13">
									<Name>DiffuseUVScolling</Name>
									<Value>(1, 1, 1, 0)</Value>
								</Element>
								<Element index="14">
									<Name>DepthBias</Name>
									<Value>0</Value>
								</Element>
								<Element index="15">
									<Name>FogStrength</Name>
									<Value>0</Value>
								</Element>
								<Element index="16">
									<Name>BloomScale</Name>
									<Value>0.5</Value>
								</Element>
								<Element index="17">
									<Name>TwistUVScolling</Name>
									<Value>(1, 1, 0, 0)</Value>
								</Element>
								<Element index="18">
									<Name>HDRScale</Name>
									<Value>2</Value>
								</Element>
								<Element index="19">
									<Name>MaskUVTransform</Name>
									<Value>(1, 1, 0, 0)</Value>
								</Element>
								<Element index="20">
									<Name>Soft</Name>
									<Value>0</Value>
								</Element>
							</Parameters>
							<InactiveParameters count="0" ordered="true"/>
							<MultiPassMaterials count="0" ordered="true"/>
						</Element>
						<Element index="4">
							<LayerName>wenli01_submat</LayerName>
							<ShaderName>Effect/Panner</ShaderName>
							<Parameters count="21" ordered="true">
								<Element index="0">
									<Name>DepthBuffer</Name>
									<Value>00000000-0000-0000-0000-000000000000</Value>
								</Element>
								<Element index="1">
									<Name>DiffuseTexture</Name>
									<Value>39834c36-6564-49ca-8fe3-ac038dde9402</Value>
								</Element>
								<Element index="2">
									<Name>MaskTexture</Name>
									<Value>34e0a9f4-3195-4134-aebc-8f46b859dbc1</Value>
								</Element>
								<Element index="3">
									<Name>SSProfilesTextureGlobel</Name>
									<Value>00000000-0000-0000-0000-000000000000</Value>
								</Element>
								<Element index="4">
									<Name>TwistTexture</Name>
									<Value>00000000-0000-0000-0000-000000000000</Value>
								</Element>
								<Element index="5">
									<Name>tIRVDayTextureA</Name>
									<Value>00000000-0000-0000-0000-000000000000</Value>
								</Element>
								<Element index="6">
									<Name>tIRVNightTextureA</Name>
									<Value>00000000-0000-0000-0000-000000000000</Value>
								</Element>
								<Element index="7">
									<Name>tScatteringAndTransmittanceVolume</Name>
									<Value>00000000-0000-0000-0000-000000000000</Value>
								</Element>
								<Element index="8">
									<Name>tShadowMapArray</Name>
									<Value>00000000-0000-0000-0000-000000000000</Value>
								</Element>
								<Element index="9">
									<Name>ModulateColor</Name>
									<Value>(1, 1, 1, 3)</Value>
								</Element>
								<Element index="10">
									<Name>InvFadeDistance</Name>
									<Value>0</Value>
								</Element>
								<Element index="11">
									<Name>DiffuseUVOffset</Name>
									<Value>(0, 0)</Value>
								</Element>
								<Element index="12">
									<Name>TwistStrength</Name>
									<Value>(0, 0)</Value>
								</Element>
								<Element index="13">
									<Name>DiffuseUVScolling</Name>
									<Value>(1, 1, 1, 0)</Value>
								</Element>
								<Element index="14">
									<Name>DepthBias</Name>
									<Value>0</Value>
								</Element>
								<Element index="15">
									<Name>FogStrength</Name>
									<Value>0</Value>
								</Element>
								<Element index="16">
									<Name>BloomScale</Name>
									<Value>0.5</Value>
								</Element>
								<Element index="17">
									<Name>TwistUVScolling</Name>
									<Value>(1, 1, 0, 0)</Value>
								</Element>
								<Element index="18">
									<Name>HDRScale</Name>
									<Value>2</Value>
								</Element>
								<Element index="19">
									<Name>MaskUVTransform</Name>
									<Value>(1, 1, 0, 0)</Value>
								</Element>
								<Element index="20">
									<Name>Soft</Name>
									<Value>0</Value>
								</Element>
							</Parameters>
							<InactiveParameters count="0" ordered="true"/>
							<MultiPassMaterials count="0" ordered="true"/>
						</Element>
						<Element index="5">
							<LayerName>wenli02_submat</LayerName>
							<ShaderName>Effect/Panner</ShaderName>
							<Parameters count="21" ordered="true">
								<Element index="0">
									<Name>DepthBuffer</Name>
									<Value>00000000-0000-0000-0000-000000000000</Value>
								</Element>
								<Element index="1">
									<Name>DiffuseTexture</Name>
									<Value>3b6be0a1-0081-4a5a-a0b7-79d22e49a26c</Value>
								</Element>
								<Element index="2">
									<Name>MaskTexture</Name>
									<Value>34e0a9f4-3195-4134-aebc-8f46b859dbc1</Value>
								</Element>
								<Element index="3">
									<Name>SSProfilesTextureGlobel</Name>
									<Value>00000000-0000-0000-0000-000000000000</Value>
								</Element>
								<Element index="4">
									<Name>TwistTexture</Name>
									<Value>62f72bb9-d4b6-4515-9aeb-5fdb7a78fa92</Value>
								</Element>
								<Element index="5">
									<Name>tIRVDayTextureA</Name>
									<Value>00000000-0000-0000-0000-000000000000</Value>
								</Element>
								<Element index="6">
									<Name>tIRVNightTextureA</Name>
									<Value>00000000-0000-0000-0000-000000000000</Value>
								</Element>
								<Element index="7">
									<Name>tScatteringAndTransmittanceVolume</Name>
									<Value>00000000-0000-0000-0000-000000000000</Value>
								</Element>
								<Element index="8">
									<Name>tShadowMapArray</Name>
									<Value>00000000-0000-0000-0000-000000000000</Value>
								</Element>
								<Element index="9">
									<Name>ModulateColor</Name>
									<Value>(3, 3, 3, 3)</Value>
								</Element>
								<Element index="10">
									<Name>InvFadeDistance</Name>
									<Value>0</Value>
								</Element>
								<Element index="11">
									<Name>DiffuseUVOffset</Name>
									<Value>(0, 0)</Value>
								</Element>
								<Element index="12">
									<Name>TwistStrength</Name>
									<Value>(0.5, 0.5)</Value>
								</Element>
								<Element index="13">
									<Name>DiffuseUVScolling</Name>
									<Value>(1, 1, 1, 0)</Value>
								</Element>
								<Element index="14">
									<Name>DepthBias</Name>
									<Value>0</Value>
								</Element>
								<Element index="15">
									<Name>FogStrength</Name>
									<Value>0</Value>
								</Element>
								<Element index="16">
									<Name>BloomScale</Name>
									<Value>0.5</Value>
								</Element>
								<Element index="17">
									<Name>TwistUVScolling</Name>
									<Value>(1, 1, 1, -1)</Value>
								</Element>
								<Element index="18">
									<Name>HDRScale</Name>
									<Value>4</Value>
								</Element>
								<Element index="19">
									<Name>MaskUVTransform</Name>
									<Value>(1, 1, 0, 0)</Value>
								</Element>
								<Element index="20">
									<Name>Soft</Name>
									<Value>0</Value>
								</Element>
							</Parameters>
							<InactiveParameters count="0" ordered="true"/>
							<MultiPassMaterials count="0" ordered="true"/>
						</Element>
						<Element index="6">
							<LayerName>wenli03_submat</LayerName>
							<ShaderName>Effect/Panner</ShaderName>
							<Parameters count="21" ordered="true">
								<Element index="0">
									<Name>DepthBuffer</Name>
									<Value>00000000-0000-0000-0000-000000000000</Value>
								</Element>
								<Element index="1">
									<Name>DiffuseTexture</Name>
									<Value>3b6be0a1-0081-4a5a-a0b7-79d22e49a26c</Value>
								</Element>
								<Element index="2">
									<Name>MaskTexture</Name>
									<Value>34e0a9f4-3195-4134-aebc-8f46b859dbc1</Value>
								</Element>
								<Element index="3">
									<Name>SSProfilesTextureGlobel</Name>
									<Value>00000000-0000-0000-0000-000000000000</Value>
								</Element>
								<Element index="4">
									<Name>TwistTexture</Name>
									<Value>62f72bb9-d4b6-4515-9aeb-5fdb7a78fa92</Value>
								</Element>
								<Element index="5">
									<Name>tIRVDayTextureA</Name>
									<Value>00000000-0000-0000-0000-000000000000</Value>
								</Element>
								<Element index="6">
									<Name>tIRVNightTextureA</Name>
									<Value>00000000-0000-0000-0000-000000000000</Value>
								</Element>
								<Element index="7">
									<Name>tScatteringAndTransmittanceVolume</Name>
									<Value>00000000-0000-0000-0000-000000000000</Value>
								</Element>
								<Element index="8">
									<Name>tShadowMapArray</Name>
									<Value>00000000-0000-0000-0000-000000000000</Value>
								</Element>
								<Element index="9">
									<Name>ModulateColor</Name>
									<Value>(3, 3, 3, 3)</Value>
								</Element>
								<Element index="10">
									<Name>InvFadeDistance</Name>
									<Value>0</Value>
								</Element>
								<Element index="11">
									<Name>DiffuseUVOffset</Name>
									<Value>(0, 0)</Value>
								</Element>
								<Element index="12">
									<Name>TwistStrength</Name>
									<Value>(1, 0.5)</Value>
								</Element>
								<Element index="13">
									<Name>DiffuseUVScolling</Name>
									<Value>(1, 0.7, 1, 0)</Value>
								</Element>
								<Element index="14">
									<Name>DepthBias</Name>
									<Value>0</Value>
								</Element>
								<Element index="15">
									<Name>FogStrength</Name>
									<Value>0</Value>
								</Element>
								<Element index="16">
									<Name>BloomScale</Name>
									<Value>0.5</Value>
								</Element>
								<Element index="17">
									<Name>TwistUVScolling</Name>
									<Value>(-1.5, 1, 0, -1.5)</Value>
								</Element>
								<Element index="18">
									<Name>HDRScale</Name>
									<Value>4</Value>
								</Element>
								<Element index="19">
									<Name>MaskUVTransform</Name>
									<Value>(1, 1, 0, 0)</Value>
								</Element>
								<Element index="20">
									<Name>Soft</Name>
									<Value>0</Value>
								</Element>
							</Parameters>
							<InactiveParameters count="0" ordered="true"/>
							<MultiPassMaterials count="0" ordered="true"/>
						</Element>
						<Element index="7">
							<LayerName>niuqu_submat</LayerName>
							<ShaderName>Particle</ShaderName>
							<Parameters count="18" ordered="true">
								<Element index="0">
									<Name>DepthBuffer</Name>
									<Value>00000000-0000-0000-0000-000000000000</Value>
								</Element>
								<Element index="1">
									<Name>DiffuseTexture</Name>
									<Value>158cc044-c062-4309-aa66-3e83ac0a4a3f</Value>
								</Element>
								<Element index="2">
									<Name>SSProfilesTextureGlobel</Name>
									<Value>00000000-0000-0000-0000-000000000000</Value>
								</Element>
								<Element index="3">
									<Name>ScreenTexture</Name>
									<Value>00000000-0000-0000-0000-000000000000</Value>
								</Element>
								<Element index="4">
									<Name>tIRVDayTextureA</Name>
									<Value>00000000-0000-0000-0000-000000000000</Value>
								</Element>
								<Element index="5">
									<Name>tIRVNightTextureA</Name>
									<Value>00000000-0000-0000-0000-000000000000</Value>
								</Element>
								<Element index="6">
									<Name>tScatteringAndTransmittanceVolume</Name>
									<Value>00000000-0000-0000-0000-000000000000</Value>
								</Element>
								<Element index="7">
									<Name>tShadowMapArray</Name>
									<Value>00000000-0000-0000-0000-000000000000</Value>
								</Element>
								<Element index="8">
									<Name>InvFadeDistance</Name>
									<Value>0</Value>
								</Element>
								<Element index="9">
									<Name>ModulateColor</Name>
									<Value>(1.0, 1.0, 1.0, 1.0)</Value>
								</Element>
								<Element index="10">
									<Name>Soft</Name>
									<Value>0</Value>
								</Element>
								<Element index="11">
									<Name>HDRScale</Name>
									<Value>2</Value>
								</Element>
								<Element index="12">
									<Name>UVScale</Name>
									<Value>(1, 1)</Value>
								</Element>
								<Element index="13">
									<Name>Local</Name>
									<Value>1</Value>
								</Element>
								<Element index="14">
									<Name>BloomScale</Name>
									<Value>0.5</Value>
								</Element>
								<Element index="15">
									<Name>FogStrength</Name>
									<Value>0</Value>
								</Element>
								<Element index="16">
									<Name>DepthBias</Name>
									<Value>0</Value>
								</Element>
								<Element index="17">
									<Name>Distortion</Name>
									<Value>true</Value>
								</Element>
							</Parameters>
							<InactiveParameters count="0" ordered="true"/>
							<MultiPassMaterials count="0" ordered="true"/>
						</Element>
						<Element index="8">
							<LayerName>yanjiang_submat</LayerName>
							<ShaderName>Particle</ShaderName>
							<Parameters count="18" ordered="true">
								<Element index="0">
									<Name>DepthBuffer</Name>
									<Value>00000000-0000-0000-0000-000000000000</Value>
								</Element>
								<Element index="1">
									<Name>DiffuseTexture</Name>
									<Value>5706cceb-7647-4e07-b331-30c09a89421e</Value>
								</Element>
								<Element index="2">
									<Name>SSProfilesTextureGlobel</Name>
									<Value>00000000-0000-0000-0000-000000000000</Value>
								</Element>
								<Element index="3">
									<Name>ScreenTexture</Name>
									<Value>00000000-0000-0000-0000-000000000000</Value>
								</Element>
								<Element index="4">
									<Name>tIRVDayTextureA</Name>
									<Value>00000000-0000-0000-0000-000000000000</Value>
								</Element>
								<Element index="5">
									<Name>tIRVNightTextureA</Name>
									<Value>00000000-0000-0000-0000-000000000000</Value>
								</Element>
								<Element index="6">
									<Name>tScatteringAndTransmittanceVolume</Name>
									<Value>00000000-0000-0000-0000-000000000000</Value>
								</Element>
								<Element index="7">
									<Name>tShadowMapArray</Name>
									<Value>00000000-0000-0000-0000-000000000000</Value>
								</Element>
								<Element index="8">
									<Name>InvFadeDistance</Name>
									<Value>0</Value>
								</Element>
								<Element index="9">
									<Name>ModulateColor</Name>
									<Value>(5, 4, 3, 1)</Value>
								</Element>
								<Element index="10">
									<Name>Soft</Name>
									<Value>0</Value>
								</Element>
								<Element index="11">
									<Name>HDRScale</Name>
									<Value>4</Value>
								</Element>
								<Element index="12">
									<Name>UVScale</Name>
									<Value>(1, 1)</Value>
								</Element>
								<Element index="13">
									<Name>Local</Name>
									<Value>false</Value>
								</Element>
								<Element index="14">
									<Name>BloomScale</Name>
									<Value>0.5</Value>
								</Element>
								<Element index="15">
									<Name>FogStrength</Name>
									<Value>0</Value>
								</Element>
								<Element index="16">
									<Name>DepthBias</Name>
									<Value>0</Value>
								</Element>
								<Element index="17">
									<Name>Distortion</Name>
									<Value>0</Value>
								</Element>
							</Parameters>
							<InactiveParameters count="0" ordered="true"/>
							<MultiPassMaterials count="0" ordered="true"/>
						</Element>
					</Layers>
				</info>
				<flags count="9" ordered="true">
					<Element index="0">1048608</Element>
					<Element index="1">1048608</Element>
					<Element index="2">1048608</Element>
					<Element index="3">1048608</Element>
					<Element index="4">1048608</Element>
					<Element index="5">1048608</Element>
					<Element index="6">1048608</Element>
					<Element index="7">1048608</Element>
					<Element index="8">1048608</Element>
				</flags>
				<CustomRenderset count="1" ordered="true">
					<Element index="0">0</Element>
				</CustomRenderset>
			</Entity>
		</Root>
	</SMaterialData>
</Resource>

