{
    "custom_editor_type": "custom_editor_icon",
    "describe": "",
    "has_upload": false,
    "key": 134232354,
    "md5": "7ffd4d55e0b72f9e7dbe08e74a4ecf65",
    "name": "\u6b66\u529f\u6b8b\u5377\u6280\u80fd\u56fe\u6807_0006s_0012_\u542b\u6c99\u5c04\u5f71",
    "path": "ui/134232354",
    "res_name": "\u6b66\u529f\u6b8b\u5377\u6280\u80fd\u56fe\u6807_0006s_0012_\u542b\u6c99\u5c04\u5f71.png",
    "size": "128X128",
    "sub_type": "icon",
    "uid": "134232354",
    "url": "https://kk3.nosdn.127.net/editor/png/87396d1f6e2baa8eba8188aed1aa77cc.png",
    "version": 1,
    "res_type": "editor_icon",
    "import_export_folder_info": "/code_explorer_custom_root_folder_name/\u6b66\u529f\u56fe\u6807"
}