{
    "custom_editor_type": "custom_editor_icon",
    "describe": "",
    "has_upload": false,
    "key": 134256107,
    "md5": "699f35b72e97a40523b9b6fc28bcb12b",
    "name": "\u6b66\u529f\u6b8b\u5377\u6280\u80fd\u56fe\u6807_0000s_0002_\u5bd2\u51b0\u6cd5",
    "path": "ui/134256107",
    "res_name": "\u6b66\u529f\u6b8b\u5377\u6280\u80fd\u56fe\u6807_0000s_0002_\u5bd2\u51b0\u6cd5.png",
    "size": "128X128",
    "sub_type": "icon",
    "uid": "134256107",
    "url": "https://kk3.nosdn.127.net/editor/png/e762933dd37de08515b90e258f844d1a.png",
    "version": 1,
    "res_type": "editor_icon",
    "import_export_folder_info": "/code_explorer_custom_root_folder_name/\u6b66\u529f\u56fe\u6807"
}