{
    "custom_editor_type": "custom_editor_icon",
    "describe": "",
    "has_upload": false,
    "key": 134225066,
    "md5": "63bb5bcc5317b7c71008c45abdc5f7fb",
    "name": "\u6b66\u529f\u6b8b\u5377\u6280\u80fd\u56fe\u6807_0007s_0002_\u7384\u51a5\u795e\u638c_1",
    "path": "ui/134225066",
    "res_name": "\u6b66\u529f\u6b8b\u5377\u6280\u80fd\u56fe\u6807_0007s_0002_\u7384\u51a5\u795e\u638c.png",
    "size": "128X128",
    "sub_type": "icon",
    "uid": "134225066",
    "url": "https://kk3.nosdn.127.net/editor/png/ce03c26aa6b4e774c8cba4a44443ebe3.png",
    "version": 1,
    "res_type": "editor_icon",
    "import_export_folder_info": "/code_explorer_custom_root_folder_name/\u6b66\u529f\u56fe\u6807"
}