{
    "custom_editor_type": "custom_editor_icon",
    "describe": "",
    "has_upload": false,
    "key": 134250103,
    "md5": "99f4ede443aec1d34bb1b4ce21dfbf7f",
    "name": "\u653b\u6b66\u90538",
    "path": "ui/134250103",
    "res_name": "\u653b\u6b66\u90538.png",
    "size": "128X128",
    "sub_type": "icon",
    "uid": "134250103",
    "url": "https://kk3.nosdn.127.net/editor/png/d556a67cc74921c5323b573a86db8228.png",
    "version": 1,
    "res_type": "editor_icon",
    "import_export_folder_info": "/code_explorer_custom_root_folder_name/\u9053\u5177\u56fe\u6807/\u6218\u6cd5\u65e0\u6846/2\u7ea7"
}