<?xml version="1.0" encoding="utf-8"?>
<Resource>
	<Version>2</Version>
	<SMaterialData>
		<Root>
			<Sub/>
			<Entity type="SMaterialData">
				<name>_material</name>
				<info>
					<Layers count="5" ordered="true">
						<Element index="0">
							<LayerName>Spark01_submat</LayerName>
							<ShaderName>Particle</ShaderName>
							<Parameters count="18" ordered="true">
								<Element index="0">
									<Name>DepthBuffer</Name>
									<Value>00000000-0000-0000-0000-000000000000</Value>
								</Element>
								<Element index="1">
									<Name>DiffuseTexture</Name>
									<Value>299b51da-8260-4e59-9a78-86500b57c86b</Value>
								</Element>
								<Element index="2">
									<Name>SSProfilesTextureGlobel</Name>
									<Value>00000000-0000-0000-0000-000000000000</Value>
								</Element>
								<Element index="3">
									<Name>ScreenTexture</Name>
									<Value>00000000-0000-0000-0000-000000000000</Value>
								</Element>
								<Element index="4">
									<Name>tIRVDayTextureA</Name>
									<Value>00000000-0000-0000-0000-000000000000</Value>
								</Element>
								<Element index="5">
									<Name>tIRVNightTextureA</Name>
									<Value>00000000-0000-0000-0000-000000000000</Value>
								</Element>
								<Element index="6">
									<Name>tScatteringAndTransmittanceVolume</Name>
									<Value>00000000-0000-0000-0000-000000000000</Value>
								</Element>
								<Element index="7">
									<Name>tShadowMapArray</Name>
									<Value>00000000-0000-0000-0000-000000000000</Value>
								</Element>
								<Element index="8">
									<Name>InvFadeDistance</Name>
									<Value>20</Value>
								</Element>
								<Element index="9">
									<Name>ModulateColor</Name>
									<Value>(2, 2, 2, 4)</Value>
								</Element>
								<Element index="10">
									<Name>Soft</Name>
									<Value>true</Value>
								</Element>
								<Element index="11">
									<Name>HDRScale</Name>
									<Value>2</Value>
								</Element>
								<Element index="12">
									<Name>UVScale</Name>
									<Value>(1, 1)</Value>
								</Element>
								<Element index="13">
									<Name>Local</Name>
									<Value>1</Value>
								</Element>
								<Element index="14">
									<Name>BloomScale</Name>
									<Value>0.5</Value>
								</Element>
								<Element index="15">
									<Name>FogStrength</Name>
									<Value>0</Value>
								</Element>
								<Element index="16">
									<Name>DepthBias</Name>
									<Value>0</Value>
								</Element>
								<Element index="17">
									<Name>Distortion</Name>
									<Value>0</Value>
								</Element>
							</Parameters>
							<InactiveParameters count="0" ordered="true"/>
							<MultiPassMaterials count="0" ordered="true"/>
						</Element>
						<Element index="1">
							<LayerName>Spark02_submat</LayerName>
							<ShaderName>Particle</ShaderName>
							<Parameters count="18" ordered="true">
								<Element index="0">
									<Name>DepthBuffer</Name>
									<Value>00000000-0000-0000-0000-000000000000</Value>
								</Element>
								<Element index="1">
									<Name>DiffuseTexture</Name>
									<Value>fd0c33d9-5a79-4ef6-98a9-9885fc7036e6</Value>
								</Element>
								<Element index="2">
									<Name>SSProfilesTextureGlobel</Name>
									<Value>00000000-0000-0000-0000-000000000000</Value>
								</Element>
								<Element index="3">
									<Name>ScreenTexture</Name>
									<Value>00000000-0000-0000-0000-000000000000</Value>
								</Element>
								<Element index="4">
									<Name>tIRVDayTextureA</Name>
									<Value>00000000-0000-0000-0000-000000000000</Value>
								</Element>
								<Element index="5">
									<Name>tIRVNightTextureA</Name>
									<Value>00000000-0000-0000-0000-000000000000</Value>
								</Element>
								<Element index="6">
									<Name>tScatteringAndTransmittanceVolume</Name>
									<Value>00000000-0000-0000-0000-000000000000</Value>
								</Element>
								<Element index="7">
									<Name>tShadowMapArray</Name>
									<Value>00000000-0000-0000-0000-000000000000</Value>
								</Element>
								<Element index="8">
									<Name>InvFadeDistance</Name>
									<Value>20</Value>
								</Element>
								<Element index="9">
									<Name>ModulateColor</Name>
									<Value>(2, 2, 2, 2)</Value>
								</Element>
								<Element index="10">
									<Name>Soft</Name>
									<Value>true</Value>
								</Element>
								<Element index="11">
									<Name>HDRScale</Name>
									<Value>2</Value>
								</Element>
								<Element index="12">
									<Name>UVScale</Name>
									<Value>(1, 1)</Value>
								</Element>
								<Element index="13">
									<Name>Local</Name>
									<Value>1</Value>
								</Element>
								<Element index="14">
									<Name>BloomScale</Name>
									<Value>0.5</Value>
								</Element>
								<Element index="15">
									<Name>FogStrength</Name>
									<Value>0</Value>
								</Element>
								<Element index="16">
									<Name>DepthBias</Name>
									<Value>0</Value>
								</Element>
								<Element index="17">
									<Name>Distortion</Name>
									<Value>0</Value>
								</Element>
							</Parameters>
							<InactiveParameters count="0" ordered="true"/>
							<MultiPassMaterials count="0" ordered="true"/>
						</Element>
						<Element index="2">
							<LayerName>Glow02_submat</LayerName>
							<ShaderName>Particle</ShaderName>
							<Parameters count="18" ordered="true">
								<Element index="0">
									<Name>DepthBuffer</Name>
									<Value>00000000-0000-0000-0000-000000000000</Value>
								</Element>
								<Element index="1">
									<Name>DiffuseTexture</Name>
									<Value>0a01a7e1-7948-4fcd-8e49-4b11946355bf</Value>
								</Element>
								<Element index="2">
									<Name>SSProfilesTextureGlobel</Name>
									<Value>00000000-0000-0000-0000-000000000000</Value>
								</Element>
								<Element index="3">
									<Name>ScreenTexture</Name>
									<Value>00000000-0000-0000-0000-000000000000</Value>
								</Element>
								<Element index="4">
									<Name>tIRVDayTextureA</Name>
									<Value>00000000-0000-0000-0000-000000000000</Value>
								</Element>
								<Element index="5">
									<Name>tIRVNightTextureA</Name>
									<Value>00000000-0000-0000-0000-000000000000</Value>
								</Element>
								<Element index="6">
									<Name>tScatteringAndTransmittanceVolume</Name>
									<Value>00000000-0000-0000-0000-000000000000</Value>
								</Element>
								<Element index="7">
									<Name>tShadowMapArray</Name>
									<Value>00000000-0000-0000-0000-000000000000</Value>
								</Element>
								<Element index="8">
									<Name>InvFadeDistance</Name>
									<Value>0</Value>
								</Element>
								<Element index="9">
									<Name>ModulateColor</Name>
									<Value>(0.5, 0.5, 0.5, 0.8)</Value>
								</Element>
								<Element index="10">
									<Name>Soft</Name>
									<Value>0</Value>
								</Element>
								<Element index="11">
									<Name>HDRScale</Name>
									<Value>2</Value>
								</Element>
								<Element index="12">
									<Name>UVScale</Name>
									<Value>(1, 1)</Value>
								</Element>
								<Element index="13">
									<Name>Local</Name>
									<Value>1</Value>
								</Element>
								<Element index="14">
									<Name>BloomScale</Name>
									<Value>0.5</Value>
								</Element>
								<Element index="15">
									<Name>FogStrength</Name>
									<Value>0</Value>
								</Element>
								<Element index="16">
									<Name>DepthBias</Name>
									<Value>0</Value>
								</Element>
								<Element index="17">
									<Name>Distortion</Name>
									<Value>0</Value>
								</Element>
							</Parameters>
							<InactiveParameters count="0" ordered="true"/>
							<MultiPassMaterials count="0" ordered="true"/>
						</Element>
						<Element index="3">
							<LayerName>Pattern02_submat</LayerName>
							<ShaderName>Particle</ShaderName>
							<Parameters count="18" ordered="true">
								<Element index="0">
									<Name>DepthBuffer</Name>
									<Value>00000000-0000-0000-0000-000000000000</Value>
								</Element>
								<Element index="1">
									<Name>DiffuseTexture</Name>
									<Value>0675b065-88ea-4516-b96a-616003fca758</Value>
								</Element>
								<Element index="2">
									<Name>SSProfilesTextureGlobel</Name>
									<Value>00000000-0000-0000-0000-000000000000</Value>
								</Element>
								<Element index="3">
									<Name>ScreenTexture</Name>
									<Value>00000000-0000-0000-0000-000000000000</Value>
								</Element>
								<Element index="4">
									<Name>tIRVDayTextureA</Name>
									<Value>00000000-0000-0000-0000-000000000000</Value>
								</Element>
								<Element index="5">
									<Name>tIRVNightTextureA</Name>
									<Value>00000000-0000-0000-0000-000000000000</Value>
								</Element>
								<Element index="6">
									<Name>tScatteringAndTransmittanceVolume</Name>
									<Value>00000000-0000-0000-0000-000000000000</Value>
								</Element>
								<Element index="7">
									<Name>tShadowMapArray</Name>
									<Value>00000000-0000-0000-0000-000000000000</Value>
								</Element>
								<Element index="8">
									<Name>InvFadeDistance</Name>
									<Value>0</Value>
								</Element>
								<Element index="9">
									<Name>ModulateColor</Name>
									<Value>(0.5, 0.5, 0.5, 10)</Value>
								</Element>
								<Element index="10">
									<Name>Soft</Name>
									<Value>0</Value>
								</Element>
								<Element index="11">
									<Name>HDRScale</Name>
									<Value>2</Value>
								</Element>
								<Element index="12">
									<Name>UVScale</Name>
									<Value>(1, 1)</Value>
								</Element>
								<Element index="13">
									<Name>Local</Name>
									<Value>1</Value>
								</Element>
								<Element index="14">
									<Name>BloomScale</Name>
									<Value>0.5</Value>
								</Element>
								<Element index="15">
									<Name>FogStrength</Name>
									<Value>0</Value>
								</Element>
								<Element index="16">
									<Name>DepthBias</Name>
									<Value>0</Value>
								</Element>
								<Element index="17">
									<Name>Distortion</Name>
									<Value>0</Value>
								</Element>
							</Parameters>
							<InactiveParameters count="0" ordered="true"/>
							<MultiPassMaterials count="0" ordered="true"/>
						</Element>
						<Element index="4">
							<LayerName>mesh_submat</LayerName>
							<ShaderName>Effect/Fresnel</ShaderName>
							<Parameters count="15" ordered="true">
								<Element index="0">
									<Name>DiffuseTexture</Name>
									<Value>1c90aaa7-9f61-4107-b503-33b2271ff337</Value>
								</Element>
								<Element index="1">
									<Name>MaskTexture</Name>
									<Value>5c09fd9b-7cf7-51b4-b064-bf1e353df7a7</Value>
								</Element>
								<Element index="2">
									<Name>TwistTexture</Name>
									<Value>00000000-0000-0000-0000-000000000000</Value>
								</Element>
								<Element index="3">
									<Name>DepthBias</Name>
									<Value>0</Value>
								</Element>
								<Element index="4">
									<Name>FresnelPower</Name>
									<Value>1</Value>
								</Element>
								<Element index="5">
									<Name>TwistUVScolling</Name>
									<Value>(1, 1, 0, 0)</Value>
								</Element>
								<Element index="6">
									<Name>FresnelAlpha</Name>
									<Value>1</Value>
								</Element>
								<Element index="7">
									<Name>TwistStrength</Name>
									<Value>(0.1, 0.1)</Value>
								</Element>
								<Element index="8">
									<Name>HDRScale</Name>
									<Value>2</Value>
								</Element>
								<Element index="9">
									<Name>InvFadeDistance</Name>
									<Value>0</Value>
								</Element>
								<Element index="10">
									<Name>ModulateColor</Name>
									<Value>(1.0, 1.0, 1.0, 1.0)</Value>
								</Element>
								<Element index="11">
									<Name>DiffuseUVScolling</Name>
									<Value>(1.0, 1.0, 0.0, 0.1)</Value>
								</Element>
								<Element index="12">
									<Name>Soft</Name>
									<Value>0</Value>
								</Element>
								<Element index="13">
									<Name>FogStrength</Name>
									<Value>0</Value>
								</Element>
								<Element index="14">
									<Name>BloomScale</Name>
									<Value>0.5</Value>
								</Element>
							</Parameters>
							<InactiveParameters count="0" ordered="true"/>
							<MultiPassMaterials count="0" ordered="true"/>
						</Element>
					</Layers>
				</info>
				<flags count="5" ordered="true">
					<Element index="0">1048608</Element>
					<Element index="1">1048608</Element>
					<Element index="2">1048608</Element>
					<Element index="3">1048608</Element>
					<Element index="4">1048608</Element>
				</flags>
				<CustomRenderset count="1" ordered="true">
					<Element index="0">0</Element>
				</CustomRenderset>
			</Entity>
		</Root>
	</SMaterialData>
</Resource>

