{
    "custom_editor_type": "custom_editor_icon",
    "describe": "",
    "has_upload": false,
    "key": 134248056,
    "md5": "f3557e55621d9a089ca8a6c16276dd54",
    "name": "\u5927\u62db\u56fe\u6807_0001s_0006_\u9634\u9633\u517c\u5177",
    "path": "ui/134248056",
    "res_name": "\u5927\u62db\u56fe\u6807_0001s_0006_\u9634\u9633\u517c\u5177.png",
    "size": "128X128",
    "sub_type": "icon",
    "uid": "134248056",
    "url": "https://kk3.nosdn.127.net/editor/png/0b2687276e0b0b7da84d518614b88826.png",
    "version": 1,
    "res_type": "editor_icon",
    "import_export_folder_info": "/code_explorer_custom_root_folder_name"
}