{
    "custom_editor_type": "custom_editor_icon",
    "describe": "",
    "has_upload": false,
    "key": 134227440,
    "md5": "7c905b37bcedf5cb7455afa42b2364f6",
    "name": "\u5f29\u5973\u6280\u80fd-\u5b54\u96c0\u7fce",
    "path": "ui/134227440",
    "res_name": "\u5f29\u5973\u6280\u80fd-\u5b54\u96c0\u7fce.png",
    "size": "128X128",
    "sub_type": "icon",
    "uid": "134227440",
    "url": "https://kk3.nosdn.127.net/editor/png/a9b290d6b7e6719ef6d70e7b45070f7c.png",
    "version": 1,
    "res_type": "editor_icon",
    "import_export_folder_info": "/code_explorer_custom_root_folder_name/\u9053\u5177\u56fe\u6807/\u6218\u6cd5\u65e0\u6846/3\u7ea7"
}