{
    "custom_editor_type": "custom_editor_icon",
    "describe": "",
    "has_upload": false,
    "key": 134273044,
    "md5": "f636ed5f75acc79fcb799ddbcd445257",
    "name": "\u653b\u6b66\u90535",
    "path": "ui/134273044",
    "res_name": "\u653b\u6b66\u90535.png",
    "size": "128X128",
    "sub_type": "icon",
    "uid": "134273044",
    "url": "https://kk3.nosdn.127.net/editor/png/bc4c0312ea416b5d1c64db31241aa4b4.png",
    "version": 1,
    "res_type": "editor_icon",
    "import_export_folder_info": "/code_explorer_custom_root_folder_name/\u9053\u5177\u56fe\u6807/\u6218\u6cd5\u65e0\u6846/2\u7ea7"
}