{
    "custom_editor_type": "custom_editor_icon",
    "describe": "",
    "has_upload": false,
    "key": 134242074,
    "md5": "1ec9c792422fa41a3d63194dab930649",
    "name": "T_MasterSkill_3",
    "path": "ui/134242074",
    "res_name": "T_MasterSkill_3.png",
    "size": "128X128",
    "sub_type": "icon",
    "uid": "134242074",
    "url": "https://kk3.nosdn.127.net/editor/png/be593bcfe0f79bb528793f2d57e74d52.png",
    "version": 1,
    "res_type": "editor_icon",
    "import_export_folder_info": "/code_explorer_custom_root_folder_name/\u9053\u5177\u56fe\u6807/\u6218\u6cd5\u65e0\u6846/1\u7ea7"
}