{
    "custom_editor_type": "custom_editor_icon",
    "describe": "",
    "has_upload": false,
    "key": 134259487,
    "md5": "9e9ec2f1b0384fb63bb89620e881daf9",
    "name": "\u8fd1\u6218\u5251\u6cd5R\u4e03\u661f\u5251\u8c31",
    "path": "ui/134259487",
    "res_name": "\u8fd1\u6218\u5251\u6cd5R\u4e03\u661f\u5251\u8c31.jpg",
    "size": "200X200",
    "sub_type": "icon",
    "uid": "134259487",
    "url": "https://kk3.nosdn.127.net/editor/jpg/f2a9a89e37a4dc61723435ba7c65d150.jpg",
    "version": 1,
    "res_type": "editor_icon",
    "import_export_folder_info": "/code_explorer_custom_root_folder_name/\u6b66\u529f\u56fe\u6807"
}