{
    "custom_editor_type": "custom_editor_icon",
    "describe": "",
    "has_upload": false,
    "key": 134260349,
    "md5": "49cbe893880be743781f317d291b9ce9",
    "name": "SkillIcon11102_03",
    "path": "ui/134260349",
    "res_name": "SkillIcon11102_03.png",
    "size": "128X128",
    "sub_type": "icon",
    "uid": "134260349",
    "version": 1,
    "res_type": "editor_icon",
    "import_export_folder_info": "/code_explorer_custom_root_folder_name/\u9053\u5177\u56fe\u6807/\u6218\u6cd5\u65e0\u6846/1\u7ea7"
}