{
    "custom_editor_type": "custom_editor_icon",
    "describe": "",
    "has_upload": false,
    "key": 134272021,
    "md5": "da44b6c22f2e8539ceb1474b73202c09",
    "name": "SkillIcon12495_02",
    "path": "ui/134272021",
    "res_name": "SkillIcon12495_02.png",
    "size": "128X128",
    "sub_type": "icon",
    "uid": "134272021",
    "url": "https://kk3.nosdn.127.net/editor/png/926152a02c7ebc3881398d53009a3b8a.png",
    "version": 1,
    "res_type": "editor_icon",
    "import_export_folder_info": "/code_explorer_custom_root_folder_name/\u9053\u5177\u56fe\u6807/\u6218\u6cd5\u65e0\u6846/3\u7ea7"
}