{
    "custom_editor_type": "custom_editor_icon",
    "describe": "",
    "has_upload": false,
    "key": 134250200,
    "md5": "e183485e2a1915209350ba5700a2c609",
    "name": "\u6b66\u529f\u6b8b\u5377\u6280\u80fd\u56fe\u6807_0006s_0002_\u98ce\u9a70\u7535\u63a3",
    "path": "ui/134250200",
    "res_name": "\u6b66\u529f\u6b8b\u5377\u6280\u80fd\u56fe\u6807_0006s_0002_\u98ce\u9a70\u7535\u63a3.png",
    "size": "128X128",
    "sub_type": "icon",
    "uid": "134250200",
    "url": "https://kk3.nosdn.127.net/editor/png/738a0f8d37585a2d0a27c1fdb1f6e7d7.png",
    "version": 1,
    "res_type": "editor_icon",
    "import_export_folder_info": "/code_explorer_custom_root_folder_name/\u6b66\u529f\u56fe\u6807"
}