{
    "custom_editor_type": "custom_editor_icon",
    "describe": "",
    "has_upload": false,
    "key": 134283092,
    "md5": "0a4b8d5025e3b9e7861bf6210d930e8d",
    "name": "N 1",
    "path": "ui/134283092",
    "res_name": "N 1.png",
    "size": "100X62",
    "sub_type": "icon",
    "uid": "134283092",
    "url": "https://kk3.nosdn.127.net/editor/png/51cc76905c4617a6dc613065ea14243b.png",
    "version": 1,
    "res_type": "editor_icon",
    "import_export_folder_info": "/code_explorer_custom_root_folder_name/\u7d20\u6750"
}