{
    "custom_editor_type": "custom_editor_icon",
    "describe": "",
    "has_upload": false,
    "key": 134229006,
    "md5": "9b7f2673da9d49bf7c87fa89e6df509d",
    "name": "SkillIcon11166_03",
    "path": "ui/134229006",
    "res_name": "SkillIcon11166_03.png",
    "size": "128X128",
    "sub_type": "icon",
    "uid": "134229006",
    "url": "https://kk3.nosdn.127.net/editor/png/4a640b01891330819570fa1edb3ce9a2.png",
    "version": 1,
    "res_type": "editor_icon",
    "import_export_folder_info": "/code_explorer_custom_root_folder_name/\u9053\u5177\u56fe\u6807/\u6218\u6cd5\u65e0\u6846/2\u7ea7"
}