<?xml version="1.0" encoding="utf-8"?>
<Resource>
	<Version>8</Version>
	<SRenderMeshData>
		<Root>
			<Sub/>
			<Entity type="SRenderMeshData">
				<VertexFormat count="4">
					<Element index="0">P3F_N4B_T2F</Element>
					<Element index="1">T4H_B4H</Element>
					<Element index="2">W4B_I4B</Element>
					<Element index="3">None</Element>
				</VertexFormat>
				<VertexCount>26395</VertexCount>
				<IndexCount>29976</IndexCount>
				<StreamingMask>0</StreamingMask>
				<PrimTopology>Tri_List</PrimTopology>
				<KeepData>false</KeepData>
				<BoundingVolume rawdata="AAAAAC9ulz9hdm+9GnM7P2MQmD9Pr+g+YxAYQA==">(0,1.1830500550568106,-0.05846250534057618,0.73222503662109373,1.18800005480647086,0.45446249008178707,2.37600010961294172)</BoundingVolume>
				<BoundingBox rawdata="GnM7v5wzorsNTwO/GnM7P0m/F0CDwMo+">(-0.73222503662109373,-0.00494999974966048,-0.51292499542236325,0.73222503662109373,2.37105010986328146,0.3959999847412109)</BoundingBox>
				<Streams count="4">
					<Element index="0">
						<StreamSize>633480</StreamSize>
					</Element>
					<Element index="1">
						<StreamSize>422320</StreamSize>
					</Element>
					<Element index="2">
						<StreamSize>211160</StreamSize>
					</Element>
					<Element index="3">
						<StreamSize>0</StreamSize>
					</Element>
				</Streams>
				<Indices>
					<StreamSize>59952</StreamSize>
				</Indices>
				<Groups count="1" ordered="true">
					<Element index="0">
						<StartIndex>0</StartIndex>
						<IndicesCount>29976</IndicesCount>
						<StartVertex>0</StartVertex>
						<VerticesCount>26395</VerticesCount>
						<BoundingVolume rawdata="AAAAAC9ulz9hdm+9GnM7P2MQmD9Pr+g+YxAYQA==">(0,1.1830500550568106,-0.05846250534057618,0.73222503662109373,1.18800005480647086,0.45446249008178707,2.37600010961294172)</BoundingVolume>
						<BoundingBox rawdata="GnM7v5wzorsNTwO/GnM7P0m/F0CDwMo+">(-0.73222503662109373,-0.00494999974966048,-0.51292499542236325,0.73222503662109373,2.37105010986328146,0.3959999847412109)</BoundingBox>
					</Element>
				</Groups>
			</Entity>
		</Root>
	</SRenderMeshData>
</Resource>
