{
    "custom_editor_type": "custom_editor_icon",
    "describe": "",
    "has_upload": false,
    "key": 134238514,
    "md5": "0faa0a47b704108cce2e9f20e00227d9",
    "name": "\u6b66\u529f\u6b8b\u5377\u6280\u80fd\u56fe\u6807_0006s_0005_\u6b66\u5f53\u97ad\u6cd5",
    "path": "ui/134238514",
    "res_name": "\u6b66\u529f\u6b8b\u5377\u6280\u80fd\u56fe\u6807_0006s_0005_\u6b66\u5f53\u97ad\u6cd5.png",
    "size": "128X128",
    "sub_type": "icon",
    "uid": "134238514",
    "url": "https://kk3.nosdn.127.net/editor/png/720a34b449969bd3cd13ccbc6856d4e4.png",
    "version": 1,
    "res_type": "editor_icon",
    "import_export_folder_info": "/code_explorer_custom_root_folder_name/\u6b66\u529f\u56fe\u6807"
}