{
    "custom_editor_type": "custom_editor_icon",
    "describe": "",
    "has_upload": false,
    "key": 134242162,
    "md5": "544a32b44f5141068aa161c528d212f8",
    "name": "SkillIcon11103_03",
    "path": "ui/134242162",
    "res_name": "SkillIcon11103_03.png",
    "size": "128X128",
    "sub_type": "icon",
    "uid": "134242162",
    "url": "https://kk3.nosdn.127.net/editor/png/3af1769bb1e8aadba302daba5e768ed1.png",
    "version": 1,
    "res_type": "editor_icon",
    "import_export_folder_info": "/code_explorer_custom_root_folder_name/\u9053\u5177\u56fe\u6807/\u6218\u6cd5\u65e0\u6846/3\u7ea7"
}