{
    "custom_editor_type": "custom_editor_icon",
    "describe": "",
    "has_upload": false,
    "key": 134263292,
    "md5": "c238dfe1fa0983c2f760ca11d144d924",
    "name": "\u6b66\u529f\u6b8b\u5377\u6280\u80fd\u56fe\u6807_0004s_0001_\u5316\u529f\u5927\u6cd5",
    "path": "ui/134263292",
    "res_name": "\u6b66\u529f\u6b8b\u5377\u6280\u80fd\u56fe\u6807_0004s_0001_\u5316\u529f\u5927\u6cd5.png",
    "size": "128X128",
    "sub_type": "icon",
    "uid": "134263292",
    "url": "https://kk3.nosdn.127.net/editor/png/260d60c9ebcbabb90ee658c3cc2fdfa0.png",
    "version": 1,
    "res_type": "editor_icon",
    "import_export_folder_info": "/code_explorer_custom_root_folder_name/\u6b66\u529f\u56fe\u6807"
}