{
    "custom_editor_type": "custom_editor_icon",
    "describe": "",
    "has_upload": false,
    "key": 134239660,
    "md5": "9c07c8ddc58e1797e303da85151a4c13",
    "name": "\u5947\u529fR\u708e\u6cd5\u529f",
    "path": "ui/134239660",
    "res_name": "\u5947\u529fR\u708e\u6cd5\u529f.jpg",
    "size": "200X200",
    "sub_type": "icon",
    "uid": "134239660",
    "url": "https://kk3.nosdn.127.net/editor/jpg/cff477a2673b283fd4693114c8719f00.jpg",
    "version": 1,
    "res_type": "editor_icon",
    "import_export_folder_info": "/code_explorer_custom_root_folder_name/\u6b66\u529f\u56fe\u6807"
}