{
    "custom_editor_type": "custom_editor_icon",
    "describe": "",
    "has_upload": false,
    "key": 134234669,
    "md5": "1c31280bb8e497f27dc22266567b7cd8",
    "name": "SkillIcon11142_05",
    "path": "ui/134234669",
    "res_name": "SkillIcon11142_05.png",
    "size": "128X128",
    "sub_type": "icon",
    "uid": "134234669",
    "url": "https://kk3.nosdn.127.net/editor/png/97d046a7f3bbaa9c6fa0889ddea23e47.png",
    "version": 1,
    "res_type": "editor_icon",
    "import_export_folder_info": "/code_explorer_custom_root_folder_name/\u9053\u5177\u56fe\u6807/\u6218\u6cd5\u65e0\u6846/1\u7ea7"
}