{
    "custom_editor_type": "custom_editor_icon",
    "describe": "",
    "has_upload": false,
    "key": 134272419,
    "md5": "2e6d374c7ce6aa23ac12347a4f65dce1",
    "name": "\u6b66\u529f\u6b8b\u5377\u6280\u80fd\u56fe\u6807_0004s_0010_\u5b50\u5348\u9488\u7078\u7ecf",
    "path": "ui/134272419",
    "res_name": "\u6b66\u529f\u6b8b\u5377\u6280\u80fd\u56fe\u6807_0004s_0010_\u5b50\u5348\u9488\u7078\u7ecf.png",
    "size": "128X128",
    "sub_type": "icon",
    "uid": "134272419",
    "url": "https://kk3.nosdn.127.net/editor/png/713aa6ddee10af91795f6359c637729c.png",
    "version": 1,
    "res_type": "editor_icon",
    "import_export_folder_info": "/code_explorer_custom_root_folder_name/\u6b66\u529f\u56fe\u6807"
}