{
    "custom_editor_type": "custom_editor_icon",
    "describe": "",
    "has_upload": false,
    "key": 134265381,
    "md5": "b0f4df2db3a2d4229a3675d616178962",
    "name": "SkillIcon11105_05",
    "path": "ui/134265381",
    "res_name": "SkillIcon11105_05.png",
    "size": "128X128",
    "sub_type": "icon",
    "uid": "134265381",
    "version": 1,
    "res_type": "editor_icon",
    "import_export_folder_info": "/code_explorer_custom_root_folder_name/\u9053\u5177\u56fe\u6807/\u6218\u6cd5\u65e0\u6846/4\u7ea7"
}