{
    "custom_editor_type": "custom_editor_icon",
    "describe": "",
    "has_upload": false,
    "key": 134262068,
    "md5": "b7aaa02a5c00f6af7a76718104c3991a",
    "name": "T_MasterSkill_17",
    "path": "ui/134262068",
    "res_name": "T_MasterSkill_17.png",
    "size": "128X128",
    "sub_type": "icon",
    "uid": "134262068",
    "url": "https://kk3.nosdn.127.net/editor/png/e98b3c86d58980df051d4449222756dd.png",
    "version": 1,
    "res_type": "editor_icon",
    "import_export_folder_info": "/code_explorer_custom_root_folder_name/\u9053\u5177\u56fe\u6807/\u6218\u6cd5\u65e0\u6846/3\u7ea7"
}