{
    "custom_editor_type": "custom_editor_icon",
    "describe": "",
    "has_upload": false,
    "key": 134273388,
    "md5": "208007d6f040a40071bfaeebe5b64bf3",
    "name": "\u5927\u62db\u56fe\u6807_0004s_0000_\u7384\u865a\u4e4b\u7bad",
    "path": "ui/134273388",
    "res_name": "\u5927\u62db\u56fe\u6807_0004s_0000_\u7384\u865a\u4e4b\u7bad.png",
    "size": "128X128",
    "sub_type": "icon",
    "uid": "134273388",
    "version": 1,
    "res_type": "editor_icon",
    "import_export_folder_info": "/code_explorer_custom_root_folder_name"
}