{
    "custom_editor_type": "custom_editor_icon",
    "describe": "",
    "has_upload": false,
    "key": 134273001,
    "md5": "870b7dd1cdf50277049b11d4b4e201e7",
    "name": "T_SkillIcon_S75",
    "path": "ui/134273001",
    "res_name": "T_SkillIcon_S75.png",
    "size": "128X128",
    "sub_type": "icon",
    "uid": "134273001",
    "url": "https://kk3.nosdn.127.net/editor/png/9c185a8f409cdf7bc1c2d0749240dc95.png",
    "version": 1,
    "res_type": "editor_icon",
    "import_export_folder_info": "/code_explorer_custom_root_folder_name/\u9053\u5177\u56fe\u6807/\u6218\u6cd5\u65e0\u6846/2\u7ea7"
}