{
    "custom_editor_type": "custom_editor_icon",
    "describe": "",
    "has_upload": false,
    "key": 134264884,
    "md5": "8c1635b98537137a41ae9a72fada35e7",
    "name": "SkillIcon11115_04",
    "path": "ui/134264884",
    "res_name": "SkillIcon11115_04.png",
    "size": "128X128",
    "sub_type": "icon",
    "uid": "134264884",
    "version": 1,
    "res_type": "editor_icon",
    "import_export_folder_info": "/code_explorer_custom_root_folder_name/\u9053\u5177\u56fe\u6807/\u6218\u6cd5\u65e0\u6846/3\u7ea7"
}