{
    "custom_editor_type": "custom_editor_icon",
    "describe": "",
    "has_upload": false,
    "key": 134273417,
    "md5": "074aba1894f71be30574482d8b16b0a4",
    "name": "T_SkillIcon_S14",
    "path": "ui/134273417",
    "res_name": "T_SkillIcon_S14.png",
    "size": "128X128",
    "sub_type": "icon",
    "uid": "134273417",
    "url": "https://kk3.nosdn.127.net/editor/png/52203f5201bcd5cb63d4f84f6849d060.png",
    "version": 1,
    "res_type": "editor_icon",
    "import_export_folder_info": "/code_explorer_custom_root_folder_name/\u9053\u5177\u56fe\u6807/\u6218\u6cd5\u65e0\u6846/2\u7ea7"
}