{
    "custom_editor_type": "custom_editor_icon",
    "describe": "",
    "has_upload": false,
    "key": 134277244,
    "md5": "516247a025342f4915fd5d08e419a492",
    "name": "\u5947\u529fSR\u5343\u86db\u4e07\u6bd2\u624b",
    "path": "ui/134277244",
    "res_name": "\u5947\u529fSR\u5343\u86db\u4e07\u6bd2\u624b.jpg",
    "size": "200X200",
    "sub_type": "icon",
    "uid": "134277244",
    "version": 1,
    "res_type": "editor_icon",
    "import_export_folder_info": "/code_explorer_custom_root_folder_name/\u6b66\u529f\u56fe\u6807"
}