{
    "custom_editor_type": "custom_editor_icon",
    "describe": "",
    "has_upload": false,
    "key": 134241485,
    "md5": "c5796205b8e1ab7e6dd130ca6b2a2263",
    "name": "\u6b66\u529f\u6b8b\u5377\u6280\u80fd\u56fe\u6807_0006s_0010_\u9ec4\u6c99\u4e07\u91cc\u97ad\u6cd5",
    "path": "ui/134241485",
    "res_name": "\u6b66\u529f\u6b8b\u5377\u6280\u80fd\u56fe\u6807_0006s_0010_\u9ec4\u6c99\u4e07\u91cc\u97ad\u6cd5.png",
    "size": "128X128",
    "sub_type": "icon",
    "uid": "134241485",
    "url": "https://kk3.nosdn.127.net/editor/png/03e859097568371c32b1593ed2fadd8e.png",
    "version": 1,
    "res_type": "editor_icon",
    "import_export_folder_info": "/code_explorer_custom_root_folder_name/\u6b66\u529f\u56fe\u6807"
}