{
    "custom_editor_type": "custom_editor_icon",
    "describe": "",
    "has_upload": false,
    "key": 134250469,
    "md5": "b39f6664655ec1bc144e69f9f3fc23ba",
    "name": "SkillIcon11115_02",
    "path": "ui/134250469",
    "res_name": "SkillIcon11115_02.png",
    "size": "128X128",
    "sub_type": "icon",
    "uid": "134250469",
    "version": 1,
    "res_type": "editor_icon",
    "import_export_folder_info": "/code_explorer_custom_root_folder_name/\u9053\u5177\u56fe\u6807/\u6218\u6cd5\u65e0\u6846/1\u7ea7"
}