{
    "custom_editor_type": "custom_editor_icon",
    "describe": "",
    "has_upload": false,
    "key": 134218750,
    "md5": "1a4b6cf2a2244103dfa74b689b5040c1",
    "name": "T_MasterSkill_10",
    "path": "ui/134218750",
    "res_name": "T_MasterSkill_10.png",
    "size": "128X128",
    "sub_type": "icon",
    "uid": "134218750",
    "url": "https://kk3.nosdn.127.net/editor/png/6bfc1f9a130fa71059a424a66c918d99.png",
    "version": 1,
    "res_type": "editor_icon",
    "import_export_folder_info": "/code_explorer_custom_root_folder_name/\u9053\u5177\u56fe\u6807/\u6218\u6cd5\u65e0\u6846/1\u7ea7"
}