{
    "custom_editor_type": "custom_editor_icon",
    "describe": "",
    "has_upload": false,
    "key": 134255332,
    "md5": "43b5235ce5069fb194f534ac42aedaed",
    "name": "\u8fdc\u7a0b\u6697\u5668R\u542b\u6c99\u5c04\u5f71",
    "path": "ui/134255332",
    "res_name": "\u8fdc\u7a0b\u6697\u5668R\u542b\u6c99\u5c04\u5f71.jpg",
    "size": "200X200",
    "sub_type": "icon",
    "uid": "134255332",
    "url": "https://kk3.nosdn.127.net/editor/jpg/08663cbe57ddad06c7572065213966f8.jpg",
    "version": 1,
    "res_type": "editor_icon",
    "import_export_folder_info": "/code_explorer_custom_root_folder_name/\u6b66\u529f\u56fe\u6807"
}