{
    "custom_editor_type": "custom_editor_icon",
    "describe": "",
    "has_upload": false,
    "key": 134274643,
    "md5": "e2d60b1cf7e52b6fa4fff55dc0d16d47",
    "name": "SkillIcon11161_01",
    "path": "ui/134274643",
    "res_name": "SkillIcon11161_01.png",
    "size": "128X128",
    "sub_type": "icon",
    "uid": "134274643",
    "url": "https://kk3.nosdn.127.net/editor/png/bcf565f821d5b97de8ba06dc04626a2b.png",
    "version": 1,
    "res_type": "editor_icon",
    "import_export_folder_info": "/code_explorer_custom_root_folder_name/\u9053\u5177\u56fe\u6807/\u6218\u6cd5\u65e0\u6846/4\u7ea7"
}