{
    "custom_editor_type": "custom_editor_icon",
    "describe": "",
    "has_upload": false,
    "key": 134245995,
    "md5": "ab2a5f972db5a0e93f46b21829156601",
    "name": "\u8fd1\u6218\u62f3\u638cUR\u964d\u9f99\u5341\u516b\u638c",
    "path": "ui/134245995",
    "res_name": "\u8fd1\u6218\u62f3\u638cUR\u964d\u9f99\u5341\u516b\u638c.jpg",
    "size": "200X200",
    "sub_type": "icon",
    "uid": "134245995",
    "url": "https://kk3.nosdn.127.net/editor/jpg/1ff9cd8b9748c0a173a59de9021dcc3f.jpg",
    "version": 1,
    "res_type": "editor_icon",
    "import_export_folder_info": "/code_explorer_custom_root_folder_name/\u6b66\u529f\u56fe\u6807"
}