{
    "custom_editor_type": "custom_editor_icon",
    "describe": "",
    "has_upload": false,
    "key": 134241265,
    "md5": "443e6f6f30412f99343052d56af9e0ad",
    "name": "\u5927\u62db\u56fe\u6807_0008s_0006_\u7834\u5251\u5f0f",
    "path": "ui/134241265",
    "res_name": "\u5927\u62db\u56fe\u6807_0008s_0006_\u7834\u5251\u5f0f.png",
    "size": "128X128",
    "sub_type": "icon",
    "uid": "134241265",
    "url": "https://kk3.nosdn.127.net/editor/png/391deeaa10f6adf01ce01f57535cff38.png",
    "version": 1,
    "res_type": "editor_icon",
    "import_export_folder_info": "/code_explorer_custom_root_folder_name"
}