{
    "custom_editor_type": "custom_editor_icon",
    "describe": "",
    "has_upload": false,
    "key": 134244890,
    "md5": "65b6e90bd998c434392a30b664fa2f6c",
    "name": "T_SkillIcon_S102",
    "path": "ui/134244890",
    "res_name": "T_SkillIcon_S102.png",
    "size": "128X128",
    "sub_type": "icon",
    "uid": "134244890",
    "url": "https://kk3.nosdn.127.net/editor/png/5537174a9f01c63d486bb7ca84e7ecd5.png",
    "version": 1,
    "res_type": "editor_icon",
    "import_export_folder_info": "/code_explorer_custom_root_folder_name/\u9053\u5177\u56fe\u6807/\u6218\u6cd5\u65e0\u6846/1\u7ea7"
}