{
    "custom_editor_type": "custom_editor_icon",
    "describe": "",
    "has_upload": false,
    "key": 134259390,
    "md5": "74887078adcdf7d72f0676ed7f495876",
    "name": "\u5927\u62db\u56fe\u6807_0008s_0005_\u91cd\u5251\u65e0\u950b",
    "path": "ui/134259390",
    "res_name": "\u5927\u62db\u56fe\u6807_0008s_0005_\u91cd\u5251\u65e0\u950b.png",
    "size": "128X128",
    "sub_type": "icon",
    "uid": "134259390",
    "url": "https://kk3.nosdn.127.net/editor/png/a9c88c8a39d059eb1278da15bdae946f.png",
    "version": 1,
    "res_type": "editor_icon",
    "import_export_folder_info": "/code_explorer_custom_root_folder_name"
}