{
    "custom_editor_type": "custom_editor_icon",
    "describe": "",
    "has_upload": false,
    "key": 134227925,
    "md5": "c97cf7dc8feb80960abee9a549b3bf85",
    "name": "\u5947\u529fUR\u592a\u7384\u7ecf",
    "path": "ui/134227925",
    "res_name": "\u5947\u529fUR\u592a\u7384\u7ecf.jpg",
    "size": "200X200",
    "sub_type": "icon",
    "uid": "134227925",
    "url": "https://kk3.nosdn.127.net/editor/jpg/eb3b48211a070995fffd23a37498d8f0.jpg",
    "version": 1,
    "res_type": "editor_icon",
    "import_export_folder_info": "/code_explorer_custom_root_folder_name/\u6b66\u529f\u56fe\u6807"
}