{
    "custom_editor_type": "custom_editor_icon",
    "describe": "",
    "has_upload": false,
    "key": 134267290,
    "md5": "b621099660cfa0c332d2ddac9197f5a2",
    "name": "\u795e\u9b42_\u953b\u9aa8\u8bc0",
    "path": "ui/134267290",
    "res_name": "\u795e\u9b42_\u953b\u9aa8\u8bc0.png",
    "size": "128X128",
    "sub_type": "icon",
    "uid": "134267290",
    "url": "https://kk3.nosdn.127.net/editor/png/e415b9164463da84b107ac7d068947b5.png",
    "version": 1,
    "res_type": "editor_icon",
    "import_export_folder_info": "/code_explorer_custom_root_folder_name/\u9053\u5177\u56fe\u6807/\u6218\u6cd5\u65e0\u6846/1\u7ea7"
}