{
    "custom_editor_type": "custom_editor_icon",
    "describe": "",
    "has_upload": false,
    "key": 134243079,
    "md5": "77727db21d16a36fd4166496c9801e57",
    "name": "\u5fa1\u6b66\u90532",
    "path": "ui/134243079",
    "res_name": "\u5fa1\u6b66\u90532.png",
    "size": "128X128",
    "sub_type": "icon",
    "uid": "134243079",
    "url": "https://kk3.nosdn.127.net/editor/png/5a9a10fe6e600b2ea9996f5a3b40ab0b.png",
    "version": 1,
    "res_type": "editor_icon",
    "import_export_folder_info": "/code_explorer_custom_root_folder_name/\u9053\u5177\u56fe\u6807/\u6218\u6cd5\u65e0\u6846/4\u7ea7"
}