{
    "custom_editor_type": "custom_editor_icon",
    "describe": "",
    "has_upload": false,
    "key": 134263123,
    "md5": "960b93c03a89beb82fa9c59db34cae3a",
    "name": "\u5730\u523a",
    "path": "ui/134263123",
    "res_name": "\u5730\u523a.png",
    "size": "256X256",
    "sub_type": "icon",
    "uid": "134263123",
    "url": "https://kk3.nosdn.127.net/editor/png/a891d31c71ee3c3bf2ad39e430c14863.png",
    "version": 1,
    "res_type": "editor_icon",
    "import_export_folder_info": "/code_explorer_custom_root_folder_name/\u9053\u5177\u56fe\u6807/\u6218\u6cd5\u65e0\u6846/\u8ffd\u52a0\u6218\u6cd5"
}