{
    "custom_editor_type": "custom_editor_icon",
    "describe": "",
    "has_upload": false,
    "key": 134232099,
    "md5": "be1f9211dd9cec0a85041d1aaab3d362",
    "name": "\u7a7a\u865a\u9053\u957f\u5fc3\u6cd5\u56fe\u6807",
    "path": "ui/134232099",
    "res_name": "\u7a7a\u865a\u9053\u957f\u5fc3\u6cd5\u56fe\u6807.png",
    "size": "128X128",
    "sub_type": "icon",
    "uid": "134232099",
    "url": "https://kk3.nosdn.127.net/editor/png/dd32b911e257708e2465949fd4c6c3b9.png",
    "version": 1,
    "res_type": "editor_icon",
    "import_export_folder_info": "/code_explorer_custom_root_folder_name/\u9053\u5177\u56fe\u6807/\u6218\u6cd5\u65e0\u6846/1\u7ea7"
}