{
    "custom_editor_type": "custom_editor_icon",
    "describe": "",
    "has_upload": false,
    "key": 134234461,
    "md5": "2c757cfe9939c618e61a619c4aa0dcb8",
    "name": "\u795e\u5a01\u964d\u4e34",
    "path": "ui/134234461",
    "res_name": "\u795e\u5a01\u964d\u4e34.png",
    "size": "600X600",
    "sub_type": "icon",
    "uid": "134234461",
    "url": "https://kk3.nosdn.127.net/editor/png/5313d0bd09d1fa864efe30356f95ce34.png",
    "version": 1,
    "res_type": "editor_icon",
    "import_export_folder_info": "/code_explorer_custom_root_folder_name/\u9053\u5177\u56fe\u6807/\u6218\u6cd5\u65e0\u6846/\u8ffd\u52a0\u6218\u6cd5"
}