{
    "custom_editor_type": "custom_editor_icon",
    "describe": "",
    "has_upload": false,
    "key": 134257870,
    "md5": "96480ffda1fad3ef9755d49e489f72f2",
    "name": "Legend_17",
    "path": "ui/134257870",
    "res_name": "Legend_17.png",
    "size": "128X128",
    "sub_type": "icon",
    "uid": "134257870",
    "version": 1,
    "res_type": "editor_icon",
    "import_export_folder_info": "/code_explorer_custom_root_folder_name/\u9053\u5177\u56fe\u6807/\u6218\u6cd5\u65e0\u6846/2\u7ea7"
}