{
    "custom_editor_type": "custom_editor_icon",
    "describe": "",
    "has_upload": false,
    "key": 134267325,
    "md5": "8e4e3b9d9031d0ab88a171a48dd7262b",
    "name": "\u62f3\u5e08\u6280\u80fd-\u4e09\u79f0\u4f5b\u540d",
    "path": "ui/134267325",
    "res_name": "\u62f3\u5e08\u6280\u80fd-\u4e09\u79f0\u4f5b\u540d.png",
    "size": "128X128",
    "sub_type": "icon",
    "uid": "134267325",
    "url": "https://kk3.nosdn.127.net/editor/png/c365e5bcdceb38af441813442ddd63e8.png",
    "version": 1,
    "res_type": "editor_icon",
    "import_export_folder_info": "/code_explorer_custom_root_folder_name/\u9053\u5177\u56fe\u6807/\u6218\u6cd5\u65e0\u6846/2\u7ea7"
}