{
    "custom_editor_type": "custom_editor_icon",
    "describe": "",
    "has_upload": false,
    "key": 134233890,
    "md5": "a0ef05d78aca17f4b20b1e927b7d0853",
    "name": "\u80fd\u91cf\u5377\u8f74",
    "path": "ui/134233890",
    "res_name": "\u80fd\u91cf\u5377\u8f74.png",
    "size": "600X600",
    "sub_type": "icon",
    "uid": "134233890",
    "url": "https://kk3.nosdn.127.net/editor/png/53fcdb66dffbfa2e32ffa1d6236c6e6b.png",
    "version": 1,
    "res_type": "editor_icon",
    "import_export_folder_info": "/code_explorer_custom_root_folder_name/\u9053\u5177\u56fe\u6807/\u6218\u6cd5\u65e0\u6846/\u8ffd\u52a0\u6218\u6cd5"
}