{
    "custom_editor_type": "custom_editor_icon",
    "describe": "",
    "has_upload": false,
    "key": 134271750,
    "md5": "b8f0f2cc64dbf442d1b849e943c56a88",
    "name": "\u8fd1\u6218\u5200\u6cd5N\u7384\u865a\u5200\u6cd5",
    "path": "ui/134271750",
    "res_name": "\u8fd1\u6218\u5200\u6cd5N\u7384\u865a\u5200\u6cd5.jpg",
    "size": "200X200",
    "sub_type": "icon",
    "uid": "134271750",
    "url": "https://kk3.nosdn.127.net/editor/jpg/b9107667d032810e465336bd9832facc.jpg",
    "version": 1,
    "res_type": "editor_icon",
    "import_export_folder_info": "/code_explorer_custom_root_folder_name/\u6b66\u529f\u56fe\u6807"
}