{
    "custom_editor_type": "custom_editor_icon",
    "describe": "",
    "has_upload": false,
    "key": 134268381,
    "md5": "f26e58ce2a3c26c01f1c1fa7179600d4",
    "name": "\u5927\u62db\u56fe\u6807_0003s_0001_\u5929\u5c71\u516d\u9633\u638c",
    "path": "ui/134268381",
    "res_name": "\u5927\u62db\u56fe\u6807_0003s_0001_\u5929\u5c71\u516d\u9633\u638c.png",
    "size": "128X128",
    "sub_type": "icon",
    "uid": "134268381",
    "version": 1,
    "res_type": "editor_icon",
    "import_export_folder_info": "/code_explorer_custom_root_folder_name"
}