{
    "custom_editor_type": "custom_editor_icon",
    "describe": "",
    "has_upload": false,
    "key": 134265347,
    "md5": "897d88d39ebfc8fc6ed049c09d129256",
    "name": "\u6b66\u529f\u6b8b\u5377\u6280\u80fd\u56fe\u6807_0004s_0003_\u795e\u6728\u738b\u9f0e",
    "path": "ui/134265347",
    "res_name": "\u6b66\u529f\u6b8b\u5377\u6280\u80fd\u56fe\u6807_0004s_0003_\u795e\u6728\u738b\u9f0e.png",
    "size": "128X128",
    "sub_type": "icon",
    "uid": "134265347",
    "url": "https://kk3.nosdn.127.net/editor/png/2e890467fdf27f75105d111966e66604.png",
    "version": 1,
    "res_type": "editor_icon",
    "import_export_folder_info": "/code_explorer_custom_root_folder_name/\u6b66\u529f\u56fe\u6807"
}