{
    "custom_editor_type": "custom_editor_icon",
    "describe": "",
    "has_upload": false,
    "key": 134277171,
    "md5": "e84978ea242e210e756aeb7c96aeca49",
    "name": "Legend_4",
    "path": "ui/134277171",
    "res_name": "Legend_4.png",
    "size": "128X128",
    "sub_type": "icon",
    "uid": "134277171",
    "version": 1,
    "res_type": "editor_icon",
    "import_export_folder_info": "/code_explorer_custom_root_folder_name/\u9053\u5177\u56fe\u6807/\u6218\u6cd5\u65e0\u6846/2\u7ea7"
}