{
    "custom_editor_type": "custom_editor_icon",
    "describe": "",
    "has_upload": false,
    "key": 134275716,
    "md5": "759fcb0924311babbef33dc2b9989048",
    "name": "SkillIcon12492_05",
    "path": "ui/134275716",
    "res_name": "SkillIcon12492_05.png",
    "size": "128X128",
    "sub_type": "icon",
    "uid": "134275716",
    "url": "https://kk3.nosdn.127.net/editor/png/cd1da24e7ecacda2d1209fa5467ae155.png",
    "version": 1,
    "res_type": "editor_icon",
    "import_export_folder_info": "/code_explorer_custom_root_folder_name/\u9053\u5177\u56fe\u6807/\u6218\u6cd5\u65e0\u6846/4\u7ea7"
}