{
    "custom_editor_type": "custom_editor_icon",
    "describe": "",
    "has_upload": false,
    "key": 134239875,
    "md5": "5ffdf7c2f94467d0e23dafc90a0600f4",
    "name": "\u5927\u62db\u56fe\u6807_0007s_0004_\u5288\u7a7a\u795e\u638c",
    "path": "ui/134239875",
    "res_name": "\u5927\u62db\u56fe\u6807_0007s_0004_\u5288\u7a7a\u795e\u638c.png",
    "size": "128X128",
    "sub_type": "icon",
    "uid": "134239875",
    "url": "https://kk3.nosdn.127.net/editor/png/1dd7010e5857774ca3e6e71c937e875e.png",
    "version": 1,
    "res_type": "editor_icon",
    "import_export_folder_info": "/code_explorer_custom_root_folder_name"
}