{
    "custom_editor_type": "custom_editor_icon",
    "describe": "",
    "has_upload": false,
    "key": 134259731,
    "md5": "bc8bcee57462fbf1b2efd5457e6229dd",
    "name": "SkillIcon11138_03",
    "path": "ui/134259731",
    "res_name": "SkillIcon11138_03.png",
    "size": "128X128",
    "sub_type": "icon",
    "uid": "134259731",
    "url": "https://kk3.nosdn.127.net/editor/png/0dabeab1eb1d02188e76b96d081071ea.png",
    "version": 1,
    "res_type": "editor_icon",
    "import_export_folder_info": "/code_explorer_custom_root_folder_name/\u9053\u5177\u56fe\u6807/\u6218\u6cd5\u65e0\u6846/3\u7ea7"
}