{
    "custom_editor_type": "custom_editor_icon",
    "describe": "",
    "has_upload": false,
    "key": 134255833,
    "md5": "d4c78af65c6cfbe5bed313da86f56636",
    "name": "T_SkillIcon_S15",
    "path": "ui/134255833",
    "res_name": "T_SkillIcon_S15.png",
    "size": "128X128",
    "sub_type": "icon",
    "uid": "134255833",
    "url": "https://kk3.nosdn.127.net/editor/png/72606c2e60ee617da8b1b32837066d60.png",
    "version": 1,
    "res_type": "editor_icon",
    "import_export_folder_info": "/code_explorer_custom_root_folder_name/\u9053\u5177\u56fe\u6807/\u6218\u6cd5\u65e0\u6846/2\u7ea7"
}