{
    "134228982": {
        "editor_effect": {
            "deps_info": {
                "deps": [
                    [
                        "editor_icon",
                        901392
                    ],
                    [
                        "editor_icon",
                        901073
                    ],
                    [
                        "editor_icon",
                        900797
                    ],
                    [
                        "editor_icon",
                        900427
                    ],
                    [
                        "editor_icon",
                        900914
                    ],
                    [
                        "editor_icon",
                        900255
                    ],
                    [
                        "editor_icon",
                        900934
                    ],
                    [
                        "editor_icon",
                        900460
                    ],
                    [
                        "editor_icon",
                        901142
                    ],
                    [
                        "editor_icon",
                        900222
                    ],
                    [
                        "editor_icon",
                        900220
                    ],
                    [
                        "editor_icon",
                        900989
                    ],
                    [
                        "editor_icon",
                        900691
                    ],
                    [
                        "editor_icon",
                        900665
                    ]
                ],
                "sound_id_list": []
            },
            "describe": "\u7eff\u8272\u690d\u7269\u7fa4\u4f53\u589e\u76ca",
            "editor_res": false,
            "key": 134228982,
            "md5": "0e79f6efd1706b1edc59743c47b03ae3",
            "model_id": 134234576,
            "name": "\u7eff\u8272\u690d\u7269\u7fa4\u4f53\u589e\u76ca",
            "offical_tags": [
                "\u5361\u901a",
                "code_Effect_Tag_Magical",
                "code_Effect_Tag_Healing",
                "code_Effect_Tag_Green",
                "code_Effect_Tag_Magic circle runes",
                "code_Effect_Tag_Buff",
                "code_Effect_Tag_Group",
                "code_Effect_Tag_Plants",
                "code_Effect_Tag_Ripples",
                "code_Effect_Tag_Magical",
                "code_Effect_Tag_Spreading"
            ],
            "preview_icon": "UP1EffectPreview/100302",
            "release_delete": [],
            "res_identify": "all",
            "res_type": "kkres",
            "scale": 1.0,
            "source_effect": [
                100302,
                100688,
                104611,
                102542
            ],
            "uid": "editor_effect_100302",
            "version": 1
        },
        "model": {
            "effect_keep": true,
            "effect_max_boundingbox": [
                -6.703126907348633,
                -6.4031267166137695,
                -6.703126907348633,
                6.703126907348633,
                7.566932678222656,
                6.703126907348633
            ],
            "effect_max_life": -1,
            "effect_path": "Fx_Effect/Cartoon/Fx_Skill/Cure/Cure_1201_skill_a_03_01_copy",
            "is_beam_effect": false,
            "meshes": [],
            "model_id": 134234576,
            "name": "\u7279\u6548302"
        }
    },
    "sub_type": null,
    "res_type": "editor_effect",
    "import_export_folder_info": "/code_explorer_custom_root_folder_name"
}