{
    "custom_editor_type": "custom_editor_icon",
    "describe": "",
    "has_upload": false,
    "key": 134258420,
    "md5": "2ac658ed0fabebf40dd487a81b984a05",
    "name": "\u8fdc\u7a0b\u5f13\u7badSSR\u53cc\u9f99\u51fa\u6d77",
    "path": "ui/134258420",
    "res_name": "\u8fdc\u7a0b\u5f13\u7badSSR\u53cc\u9f99\u51fa\u6d77.jpg",
    "size": "200X200",
    "sub_type": "icon",
    "uid": "134258420",
    "url": "https://kk3.nosdn.127.net/editor/jpg/a632adc3989c8085cd4ff98a336e1acb.jpg",
    "version": 1,
    "res_type": "editor_icon",
    "import_export_folder_info": "/code_explorer_custom_root_folder_name/\u6b66\u529f\u56fe\u6807"
}