{
    "custom_editor_type": "custom_editor_icon",
    "describe": "",
    "has_upload": false,
    "key": 134232605,
    "md5": "71d455cd5c7451bf533908a680e34151",
    "name": "\u5fa1\u6b66\u90531",
    "path": "ui/134232605",
    "res_name": "\u5fa1\u6b66\u90531.png",
    "size": "128X128",
    "sub_type": "icon",
    "uid": "134232605",
    "url": "https://kk3.nosdn.127.net/editor/png/e6aa1e78e80fc84655cc3e2256c9238e.png",
    "version": 1,
    "res_type": "editor_icon",
    "import_export_folder_info": "/code_explorer_custom_root_folder_name/\u9053\u5177\u56fe\u6807/\u6218\u6cd5\u65e0\u6846/2\u7ea7"
}