{
    "custom_editor_type": "custom_editor_icon",
    "describe": "",
    "has_upload": false,
    "key": 134223321,
    "md5": "ac5dec73837bc10ce8e83381fc9e9751",
    "name": "SkillIcon11157_05",
    "path": "ui/134223321",
    "res_name": "SkillIcon11157_05.png",
    "size": "128X128",
    "sub_type": "icon",
    "uid": "134223321",
    "url": "https://kk3.nosdn.127.net/editor/png/3805f21ce11aeae20e7e36a6eed7c237.png",
    "version": 1,
    "res_type": "editor_icon",
    "import_export_folder_info": "/code_explorer_custom_root_folder_name/\u9053\u5177\u56fe\u6807/\u6218\u6cd5\u65e0\u6846/4\u7ea7"
}