{
    "custom_editor_type": "custom_editor_icon",
    "describe": "",
    "has_upload": false,
    "key": 134272902,
    "md5": "b85b94c42d615d3aa8bc89c394779ab5",
    "name": "\u6b66\u529f\u6b8b\u5377\u6280\u80fd\u56fe\u6807_0000s_0000_\u7075\u72d0\u529f",
    "path": "ui/134272902",
    "res_name": "\u6b66\u529f\u6b8b\u5377\u6280\u80fd\u56fe\u6807_0000s_0000_\u7075\u72d0\u529f.png",
    "size": "128X128",
    "sub_type": "icon",
    "uid": "134272902",
    "version": 1,
    "res_type": "editor_icon",
    "import_export_folder_info": "/code_explorer_custom_root_folder_name/\u6b66\u529f\u56fe\u6807"
}