{
    "custom_editor_type": "custom_editor_icon",
    "describe": "",
    "has_upload": false,
    "key": 134271565,
    "md5": "f50287f0a6e570ee00370ea003f91857",
    "name": "SkillIcon11140_04",
    "path": "ui/134271565",
    "res_name": "SkillIcon11140_04.png",
    "size": "128X128",
    "sub_type": "icon",
    "uid": "134271565",
    "url": "https://kk3.nosdn.127.net/editor/png/1f81ecdabb0e8b663df78cecf372a706.png",
    "version": 1,
    "res_type": "editor_icon",
    "import_export_folder_info": "/code_explorer_custom_root_folder_name/\u9053\u5177\u56fe\u6807/\u6218\u6cd5\u65e0\u6846/3\u7ea7"
}