{
    "custom_editor_type": "custom_editor_icon",
    "describe": "",
    "has_upload": false,
    "key": 134268203,
    "md5": "190c1613b1409ecd06e46bb477d771ad",
    "name": "\u5927\u62db\u56fe\u6807_0004s_0002_\u98ce\u4e91\u6697\u6d8c",
    "path": "ui/134268203",
    "res_name": "\u5927\u62db\u56fe\u6807_0004s_0002_\u98ce\u4e91\u6697\u6d8c.png",
    "size": "128X128",
    "sub_type": "icon",
    "uid": "134268203",
    "url": "https://kk3.nosdn.127.net/editor/png/5412cd6dea59b062d356d01d744e3832.png",
    "version": 1,
    "res_type": "editor_icon",
    "import_export_folder_info": "/code_explorer_custom_root_folder_name"
}