{
    "custom_editor_type": "custom_editor_icon",
    "describe": "",
    "has_upload": false,
    "key": 134242312,
    "md5": "5ca089e1011aeed20f46930e9ecaec76",
    "name": "\u79d1\u6280_0001_\u8fd1\u6218",
    "path": "ui/134242312",
    "res_name": "\u79d1\u6280_0001_\u8fd1\u6218.png",
    "size": "128X128",
    "sub_type": "icon",
    "uid": "134242312",
    "url": "https://kk3.nosdn.127.net/editor/png/ec4a6e823b1f14b9b50464eaa6fe9167.png",
    "version": 1,
    "res_type": "editor_icon",
    "import_export_folder_info": "/code_explorer_custom_root_folder_name/\u79d1\u6280icon"
}