{
    "custom_editor_type": "custom_editor_icon",
    "describe": "",
    "has_upload": false,
    "key": 134253334,
    "md5": "1b971541d2cba6fb7bbd1498fc242795",
    "name": "\u6b66\u529f\u6b8b\u5377\u6280\u80fd\u56fe\u6807_0000s_0006_\u5de6\u53f3\u4e92\u535a",
    "path": "ui/134253334",
    "res_name": "\u6b66\u529f\u6b8b\u5377\u6280\u80fd\u56fe\u6807_0000s_0006_\u5de6\u53f3\u4e92\u535a.png",
    "size": "128X128",
    "sub_type": "icon",
    "uid": "134253334",
    "url": "https://kk3.nosdn.127.net/editor/png/b1a6803d4a19849cbb91d2c6ff273097.png",
    "version": 1,
    "res_type": "editor_icon",
    "import_export_folder_info": "/code_explorer_custom_root_folder_name/\u6b66\u529f\u56fe\u6807"
}