{
    "custom_editor_type": "custom_editor_icon",
    "describe": "",
    "has_upload": false,
    "import_export_folder_info": "/code_explorer_custom_root_folder_name",
    "key": 134219773,
    "md5": "f6431645d37a2d293e6b57867014e29c",
    "name": "\u5927\u62db\u56fe\u6807_0002s_0004_\u6d4e\u4e16\u6551\u4eba",
    "path": "ui/134219773",
    "res_name": "\u5927\u62db\u56fe\u6807_0002s_0004_\u6d4e\u4e16\u6551\u4eba.png",
    "res_type": "editor_icon",
    "size": "128X128",
    "sub_type": "icon",
    "uid": "134219773",
    "url": "https://kk3.nosdn.127.net/editor/png/5f876d16a04b5fe97b82a55820083edb.png",
    "version": 1
}