{
    "editor_model": {
        "custom_res_type": "custom_editor_model",
        "describe": "test_describe",
        "has_upload": false,
        "key": 134231044,
        "md5": "796aa2390075b5d205fe753a5ff37326",
        "model_id": 134231044,
        "name": "\u50e7\u4eba",
        "pitch": -0.0,
        "preview_icon": "UP1ModelPreview/134231044",
        "preview_item": {
            "key": 134231044,
            "path": "UP1ModelPreview/134231044",
            "size": "100X68"
        },
        "res_name": "SR.fbx",
        "res_type": "kkres",
        "rigidbody_offset": [
            0.0,
            1.0,
            0.0
        ],
        "rigidbody_type": 3,
        "roll": 0.0,
        "rotate_x": 0,
        "rotate_y": 0,
        "rotate_z": 0,
        "select_effect_scale": 1.0,
        "size": 1.0,
        "socket_info": {},
        "sub_type": "fbx",
        "uid": 134231044,
        "url": "https://kk3.nosdn.127.net/editor/png/c1c7b2949eae3baadf51d52e7cc2a754.png",
        "version": 1,
        "yaw": 0.0
    },
    "model": {
        "anims": {
            "idle1": "134231044/idle1.anim",
            "walk": "134231044/walk.anim",
            "attack1": "134231044/attack1.anim",
            "die": "134231044/die.anim"
        },
        "box": [
            -0.1090880036354065,
            1.78410804271698,
            -0.07092300057411194,
            0.10855100303888321,
            2.3133199214935303,
            0.20222699642181396
        ],
        "custom": true,
        "graph": "Char/Graph/common.graph",
        "graph_info": {
            "graph": "Char/Graph/common.graph",
            "root_bone": "",
            "upper_bone": "",
            "head_bone": ""
        },
        "meshes": [
            "custom_model/134231044/\u6dd8\uff1aCG\u7d20\u67503D\u6a21\u578b160",
            "custom_model/134231044/\u6dd8\uff1aCG\u7d20\u67503D\u6a21\u578b161"
        ],
        "model_id": 134231044,
        "name": "\u50e7\u4eba",
        "physics_meshes": [
            "custom_model/134231044/AutoPhy_Mesh_\u6dd8\uff1aCG\u7d20\u67503D\u6a21\u578b160",
            "custom_model/134231044/AutoPhy_Mesh_\u6dd8\uff1aCG\u7d20\u67503D\u6a21\u578b161"
        ],
        "preview_icon": "UP1ModelPreview/134231044",
        "skeleton": "134231044/base_human.skeleton",
        "textures": []
    },
    "preview_icon": {
        "path": "UP1ModelPreview/134231044",
        "key": 134231044,
        "size": "100X68",
        "source_path": "C:\\Users\\LZL\\AppData\\Local\\Temp\\134231044.png"
    },
    "sub_type": "fbx",
    "res_type": "editor_model",
    "import_export_folder_info": "/code_explorer_custom_root_folder_name/\u89d2\u8272"
}