{
    "custom_editor_type": "custom_editor_icon",
    "describe": "",
    "has_upload": false,
    "key": 134282638,
    "md5": "58c6b08b2887096595018e820630acfa",
    "name": "SkillIcon11102_01",
    "path": "ui/134282638",
    "res_name": "SkillIcon11102_01.png",
    "size": "128X128",
    "sub_type": "icon",
    "uid": "134282638",
    "url": "https://kk3.nosdn.127.net/editor/png/d40bdc7abb3a32aedcd92d38d18056f0.png",
    "version": 1,
    "res_type": "editor_icon",
    "import_export_folder_info": "/code_explorer_custom_root_folder_name/\u9053\u5177\u56fe\u6807/\u6218\u6cd5\u65e0\u6846/1\u7ea7"
}