{
    "custom_editor_type": "custom_editor_icon",
    "describe": "",
    "has_upload": false,
    "key": 134223045,
    "md5": "db26bf58aae8050b29eeac44abab9c84",
    "name": "\u5916\u529fUR\u5148\u5929\u529f",
    "path": "ui/134223045",
    "res_name": "\u5916\u529fUR\u5148\u5929\u529f.jpg",
    "size": "200X200",
    "sub_type": "icon",
    "uid": "134223045",
    "url": "https://kk3.nosdn.127.net/editor/jpg/9fef6013e8b01f52233027ed987ad17e.jpg",
    "version": 1,
    "res_type": "editor_icon",
    "import_export_folder_info": "/code_explorer_custom_root_folder_name/\u6b66\u529f\u56fe\u6807"
}