{
    "custom_editor_type": "custom_editor_icon",
    "describe": "",
    "has_upload": false,
    "key": 134251552,
    "md5": "fd09fa2e4ef7f8a7c0da7482ebbf16a9",
    "name": "\u6b66\u529f\u6b8b\u5377\u6280\u80fd\u56fe\u6807_0007s_0006_\u534e\u5c71\u5251\u6cd5",
    "path": "ui/134251552",
    "res_name": "\u6b66\u529f\u6b8b\u5377\u6280\u80fd\u56fe\u6807_0007s_0006_\u534e\u5c71\u5251\u6cd5.png",
    "size": "128X128",
    "sub_type": "icon",
    "uid": "134251552",
    "url": "https://kk3.nosdn.127.net/editor/png/68dc341de8db07349ab934e981e5d618.png",
    "version": 1,
    "res_type": "editor_icon",
    "import_export_folder_info": "/code_explorer_custom_root_folder_name/\u6b66\u529f\u56fe\u6807"
}