{
    "custom_editor_type": "custom_editor_icon",
    "describe": "",
    "has_upload": false,
    "key": 134276314,
    "md5": "29cce67715a3df7aba2ca42cb1d00a8e",
    "name": "T_SkillIcon_S30",
    "path": "ui/134276314",
    "res_name": "T_SkillIcon_S30.png",
    "size": "128X128",
    "sub_type": "icon",
    "uid": "134276314",
    "url": "https://kk3.nosdn.127.net/editor/png/f84e765abb9733f631ce5abfb51f7c91.png",
    "version": 1,
    "res_type": "editor_icon",
    "import_export_folder_info": "/code_explorer_custom_root_folder_name/\u9053\u5177\u56fe\u6807/\u6218\u6cd5\u65e0\u6846/1\u7ea7"
}