{
    "custom_editor_type": "custom_editor_icon",
    "describe": "",
    "has_upload": false,
    "key": 134224682,
    "md5": "067aeb6696c782927df0b70015e39dc9",
    "name": "T_SkillIcon_S42",
    "path": "ui/134224682",
    "res_name": "T_SkillIcon_S42.png",
    "size": "128X128",
    "sub_type": "icon",
    "uid": "134224682",
    "url": "https://kk3.nosdn.127.net/editor/png/a50af279b31dc2e893095b42b3bab3f2.png",
    "version": 1,
    "res_type": "editor_icon",
    "import_export_folder_info": "/code_explorer_custom_root_folder_name/\u9053\u5177\u56fe\u6807/\u6218\u6cd5\u65e0\u6846/2\u7ea7"
}