{
    "custom_editor_type": "custom_editor_icon",
    "describe": "",
    "has_upload": false,
    "key": 134244664,
    "md5": "f3d8420e73cfea2093306bb8d5073b76",
    "name": "\u653b\u6b66\u90533",
    "path": "ui/134244664",
    "res_name": "\u653b\u6b66\u90533.png",
    "size": "128X128",
    "sub_type": "icon",
    "uid": "134244664",
    "url": "https://kk3.nosdn.127.net/editor/png/c42d77c8c9e75e7ad305017e7b6671b1.png",
    "version": 1,
    "res_type": "editor_icon",
    "import_export_folder_info": "/code_explorer_custom_root_folder_name/\u9053\u5177\u56fe\u6807/\u6218\u6cd5\u65e0\u6846/2\u7ea7"
}