{
    "custom_editor_type": "custom_editor_icon",
    "describe": "",
    "has_upload": false,
    "key": 134265707,
    "md5": "3683924d8e93bcbbcd8e35b97c07e132",
    "name": "SkillIcon11161_04",
    "path": "ui/134265707",
    "res_name": "SkillIcon11161_04.png",
    "size": "128X128",
    "sub_type": "icon",
    "uid": "134265707",
    "url": "https://kk3.nosdn.127.net/editor/png/4582f5f0f2a699ea9d8f53db3f182047.png",
    "version": 1,
    "res_type": "editor_icon",
    "import_export_folder_info": "/code_explorer_custom_root_folder_name/\u9053\u5177\u56fe\u6807/\u6218\u6cd5\u65e0\u6846/3\u7ea7"
}