{
    "134233487": {
        "editor_effect": {
            "deps_info": {
                "deps": [
                    [
                        "editor_icon",
                        902469
                    ],
                    [
                        "editor_icon",
                        901308
                    ],
                    [
                        "editor_icon",
                        902206
                    ],
                    [
                        "editor_icon",
                        900173
                    ],
                    [
                        "editor_icon",
                        902156
                    ],
                    [
                        "editor_icon",
                        902297
                    ]
                ],
                "sound_id_list": []
            },
            "describe": "\u9ed1\u8272\u6c34\u58a8\u9b54\u6cd5\u653b\u51fb",
            "editor_res": false,
            "key": 134233487,
            "md5": "8f9486f1e84b61cd1500c9ffd9ea8b21",
            "model_id": 134253414,
            "name": "\u9ed1\u8272\u53d7\u51fb",
            "offical_tags": [
                "\u5199\u5b9e",
                "code_Effect_Tag_Magical",
                "code_Effect_Tag_Mystic fantasy",
                "code_Effect_Tag_Chinese style",
                "code_Effect_Tag_Ink painting",
                "code_Effect_Tag_On hit",
                "code_Effect_Tag_Black"
            ],
            "preview_icon": "UP1EffectPreview/102293",
            "release_delete": [],
            "res_identify": "all",
            "res_type": "kkres",
            "scale": 1.0,
            "source_effect": [],
            "uid": "editor_effect_102293",
            "version": 1
        },
        "model": {
            "effect_keep": true,
            "effect_max_boundingbox": [
                -6.840000629425049,
                -6.840000629425049,
                -6.840000629425049,
                6.840000629425049,
                6.840000629425049,
                6.840000629425049
            ],
            "effect_max_life": -1,
            "effect_path": "Fx_Effect/Realism/Fx_Common/Hit/Hit_swordlightcc_006_copy",
            "is_beam_effect": false,
            "meshes": [],
            "model_id": 134253414,
            "name": "Hit_swordlightcc_006"
        }
    },
    "sub_type": null,
    "res_type": "editor_effect",
    "import_export_folder_info": "/code_explorer_custom_root_folder_name"
}