{
    "custom_editor_type": "custom_editor_icon",
    "describe": "",
    "has_upload": false,
    "key": 134271857,
    "md5": "704d2c1551260521440fe8b16265ac3a",
    "name": "\u795e\u9b42_\u9632\u5fa1",
    "path": "ui/134271857",
    "res_name": "\u795e\u9b42_\u9632\u5fa1.png",
    "size": "128X128",
    "sub_type": "icon",
    "uid": "134271857",
    "url": "https://kk3.nosdn.127.net/editor/png/815416745f857b82bee2f3b258d1c859.png",
    "version": 1,
    "res_type": "editor_icon",
    "import_export_folder_info": "/code_explorer_custom_root_folder_name/\u9053\u5177\u56fe\u6807/\u6218\u6cd5\u65e0\u6846/3\u7ea7"
}