{
    "custom_editor_type": "custom_editor_icon",
    "describe": "",
    "has_upload": false,
    "key": 134222478,
    "md5": "e4cc47abbc9dfc76a9cbd2e54aa79d0b",
    "name": "\u6b66\u529f\u6b8b\u5377\u6280\u80fd\u56fe\u6807_0001s_0001_\u6c34\u4e0a\u6f02",
    "path": "ui/134222478",
    "res_name": "\u6b66\u529f\u6b8b\u5377\u6280\u80fd\u56fe\u6807_0001s_0001_\u6c34\u4e0a\u6f02.png",
    "size": "128X128",
    "sub_type": "icon",
    "uid": "134222478",
    "version": 1,
    "res_type": "editor_icon",
    "import_export_folder_info": "/code_explorer_custom_root_folder_name/\u6b66\u529f\u56fe\u6807"
}