{
    "custom_editor_type": "custom_editor_icon",
    "describe": "",
    "has_upload": false,
    "key": 134225937,
    "md5": "430e540943d90cdbda2bc4be2e104321",
    "name": "\u795e\u9b42_\u5fc3\u65e0\u65c1\u9a9b",
    "path": "ui/134225937",
    "res_name": "\u795e\u9b42_\u5fc3\u65e0\u65c1\u9a9b.png",
    "size": "128X128",
    "sub_type": "icon",
    "uid": "134225937",
    "url": "https://kk3.nosdn.127.net/editor/png/4d1ca55e0bb8d456a0b6b65b7ff1166f.png",
    "version": 1,
    "res_type": "editor_icon",
    "import_export_folder_info": "/code_explorer_custom_root_folder_name/\u9053\u5177\u56fe\u6807/\u6218\u6cd5\u65e0\u6846/2\u7ea7"
}