{
    "custom_editor_type": "custom_editor_icon",
    "describe": "",
    "has_upload": false,
    "key": 134264564,
    "md5": "4c1ad0394c3ffaabe52275adb1741b70",
    "name": "\u795e\u9b42_\u66b4\u51fb",
    "path": "ui/134264564",
    "res_name": "\u795e\u9b42_\u66b4\u51fb.png",
    "size": "128X128",
    "sub_type": "icon",
    "uid": "134264564",
    "url": "https://kk3.nosdn.127.net/editor/png/ad462e2a85415bcad24c7675d0790c84.png",
    "version": 1,
    "res_type": "editor_icon",
    "import_export_folder_info": "/code_explorer_custom_root_folder_name/\u9053\u5177\u56fe\u6807/\u6218\u6cd5\u65e0\u6846/1\u7ea7"
}