{
    "custom_editor_type": "custom_editor_icon",
    "describe": "",
    "has_upload": false,
    "key": 134252444,
    "md5": "dab249574bd55a837cf020752375e842",
    "name": "\u5927\u62db\u56fe\u6807_0003s_0002_\u5343\u65a4\u4e4b\u529b",
    "path": "ui/134252444",
    "res_name": "\u5927\u62db\u56fe\u6807_0003s_0002_\u5343\u65a4\u4e4b\u529b.png",
    "size": "128X128",
    "sub_type": "icon",
    "uid": "134252444",
    "url": "https://kk3.nosdn.127.net/editor/png/943e1544c3586fd8d0348ccca50a6f05.png",
    "version": 1,
    "res_type": "editor_icon",
    "import_export_folder_info": "/code_explorer_custom_root_folder_name"
}