{
    "custom_editor_type": "custom_editor_icon",
    "describe": "",
    "has_upload": false,
    "key": 134258150,
    "md5": "dc12fa8f5556bb47259689c3f267b209",
    "name": "T_SkillIcon_8",
    "path": "ui/134258150",
    "res_name": "T_SkillIcon_8.png",
    "size": "128X128",
    "sub_type": "icon",
    "uid": "134258150",
    "url": "https://kk3.nosdn.127.net/editor/png/2f52a96b19cf40498aed7720ba79ce7a.png",
    "version": 1,
    "res_type": "editor_icon",
    "import_export_folder_info": "/code_explorer_custom_root_folder_name/\u9053\u5177\u56fe\u6807/\u6218\u6cd5\u65e0\u6846/2\u7ea7"
}