{
    "custom_editor_type": "custom_editor_icon",
    "describe": "",
    "has_upload": false,
    "key": 134224169,
    "md5": "8a455a7f8086ac468365dc28e08631bc",
    "name": "T_MasterSkill_20",
    "path": "ui/134224169",
    "res_name": "T_MasterSkill_20.png",
    "size": "128X128",
    "sub_type": "icon",
    "uid": "134224169",
    "url": "https://kk3.nosdn.127.net/editor/png/9635ee8259f871883ef4542d955c7dfb.png",
    "version": 1,
    "res_type": "editor_icon",
    "import_export_folder_info": "/code_explorer_custom_root_folder_name/\u9053\u5177\u56fe\u6807/\u6218\u6cd5\u65e0\u6846/3\u7ea7"
}