{
    "custom_editor_type": "custom_editor_icon",
    "describe": "",
    "has_upload": false,
    "key": 134238704,
    "md5": "763db802f4b94c9c2a300424119a2e84",
    "name": "\u673a\u5173\u672f\u673a\u5173\u4eba4\u6280\u80fd1",
    "path": "ui/134238704",
    "res_name": "\u673a\u5173\u672f\u673a\u5173\u4eba4\u6280\u80fd1.png",
    "size": "200X200",
    "sub_type": "icon",
    "uid": "134238704",
    "url": "https://kk3.nosdn.127.net/editor/png/a94406215e1f65ed85a94737a4b268dd.png",
    "version": 1,
    "res_type": "editor_icon",
    "import_export_folder_info": "/code_explorer_custom_root_folder_name/\u6b66\u529f\u56fe\u6807"
}