{
    "custom_editor_type": "custom_editor_icon",
    "describe": "",
    "has_upload": false,
    "key": 134276023,
    "md5": "7d03ca8e711da6f7f35dfe0457e46f6e",
    "name": "\u6b66\u529f\u6b8b\u5377\u6280\u80fd\u56fe\u6807_0007s_0000_\u6ce2\u82e5\u638c",
    "path": "ui/134276023",
    "res_name": "\u6b66\u529f\u6b8b\u5377\u6280\u80fd\u56fe\u6807_0007s_0000_\u6ce2\u82e5\u638c.png",
    "size": "128X128",
    "sub_type": "icon",
    "uid": "134276023",
    "url": "https://kk3.nosdn.127.net/editor/png/2628c65f73d198154ade2b205324a448.png",
    "version": 1,
    "res_type": "editor_icon",
    "import_export_folder_info": "/code_explorer_custom_root_folder_name/\u6b66\u529f\u56fe\u6807"
}