{
    "custom_editor_type": "custom_editor_icon",
    "describe": "",
    "has_upload": false,
    "key": 134254284,
    "md5": "3ddbc0880510c011f766b82c101e2289",
    "name": "SkillIcon11105_03",
    "path": "ui/134254284",
    "res_name": "SkillIcon11105_03.png",
    "size": "128X128",
    "sub_type": "icon",
    "uid": "134254284",
    "version": 1,
    "res_type": "editor_icon",
    "import_export_folder_info": "/code_explorer_custom_root_folder_name/\u9053\u5177\u56fe\u6807/\u6218\u6cd5\u65e0\u6846/1\u7ea7"
}