{
    "custom_editor_type": "custom_editor_icon",
    "describe": "",
    "has_upload": false,
    "key": 134257982,
    "md5": "0a0252734d0cdb4873a1399f70a98ef0",
    "name": "T_SkillIcon_S47",
    "path": "ui/134257982",
    "res_name": "T_SkillIcon_S47.png",
    "size": "128X128",
    "sub_type": "icon",
    "uid": "134257982",
    "url": "https://kk3.nosdn.127.net/editor/png/aa4f6ea067fbc82c30e1ab2399480843.png",
    "version": 1,
    "res_type": "editor_icon",
    "import_export_folder_info": "/code_explorer_custom_root_folder_name/\u9053\u5177\u56fe\u6807/\u6218\u6cd5\u65e0\u6846/2\u7ea7"
}