<?xml version="1.0" encoding="utf-8"?>
<Resource>
	<Version>8</Version>
	<SRenderMeshData>
		<Root>
			<Sub/>
			<Entity type="SRenderMeshData">
				<VertexFormat count="4">
					<Element index="0">P3F_N4B_T2F</Element>
					<Element index="1">T4H_B4H</Element>
					<Element index="2">W4B_I4B</Element>
					<Element index="3">None</Element>
				</VertexFormat>
				<VertexCount>1037</VertexCount>
				<IndexCount>1188</IndexCount>
				<StreamingMask>0</StreamingMask>
				<PrimTopology>Tri_List</PrimTopology>
				<KeepData>false</KeepData>
				<BoundingVolume rawdata="16OMuSIeA0B7dIY9pNzePWx6hz492gs+bHoHPw==">(-0.00026824951171875,2.04871414184570311,0.06565185546875001,0.10881927490234375,0.2646058654785155,0.13657470703125002,0.529211730957031)</BoundingVolume>
				<BoundingBox rawdata="SGnfvald5D8AQJG9AFDePW8NFEB7FE8+">(-0.1090875244140625,1.78410827636718761,-0.0709228515625,0.108551025390625,2.31332000732421861,0.20222656250000001)</BoundingBox>
				<Streams count="4">
					<Element index="0">
						<StreamSize>24888</StreamSize>
					</Element>
					<Element index="1">
						<StreamSize>16592</StreamSize>
					</Element>
					<Element index="2">
						<StreamSize>8296</StreamSize>
					</Element>
					<Element index="3">
						<StreamSize>0</StreamSize>
					</Element>
				</Streams>
				<Indices>
					<StreamSize>2376</StreamSize>
				</Indices>
				<Groups count="1" ordered="true">
					<Element index="0">
						<StartIndex>0</StartIndex>
						<IndicesCount>1188</IndicesCount>
						<StartVertex>0</StartVertex>
						<VerticesCount>1037</VerticesCount>
						<BoundingVolume rawdata="16OMuSIeA0B7dIY9pNzePWx6hz492gs+bHoHPw==">(-0.00026824951171875,2.04871414184570311,0.06565185546875001,0.10881927490234375,0.2646058654785155,0.13657470703125002,0.529211730957031)</BoundingVolume>
						<BoundingBox rawdata="SGnfvald5D8AQJG9AFDePW8NFEB7FE8+">(-0.1090875244140625,1.78410827636718761,-0.0709228515625,0.108551025390625,2.31332000732421861,0.20222656250000001)</BoundingBox>
					</Element>
				</Groups>
			</Entity>
		</Root>
	</SRenderMeshData>
</Resource>
