{
    "custom_editor_type": "custom_editor_icon",
    "describe": "",
    "has_upload": false,
    "key": 134270427,
    "md5": "2f3d5677187540529fa6e6548bc2d811",
    "name": "\u53ec\u5524\u7269\u56fe\u6807_0000_204692",
    "path": "ui/134270427",
    "res_name": "\u53ec\u5524\u7269\u56fe\u6807_0000_204692.png",
    "size": "128X128",
    "sub_type": "icon",
    "uid": "134270427",
    "url": "https://kk3.nosdn.127.net/editor/png/bf309dad7c6fbc837dfcc1ff1661999f.png",
    "version": 1,
    "res_type": "editor_icon",
    "import_export_folder_info": "/code_explorer_custom_root_folder_name/\u53ec\u5524\u7269\u5934\u50cf\u6587\u4ef6\u5939"
}