{
    "custom_editor_type": "custom_editor_icon",
    "describe": "",
    "has_upload": false,
    "key": 134235971,
    "md5": "081f408a10809633b682ae171a7d0529",
    "name": "\u6b66\u529f\u6b8b\u5377\u6280\u80fd\u56fe\u6807_0001s_0005_\u97f3\u901f\u8f7b\u529f",
    "path": "ui/134235971",
    "res_name": "\u6b66\u529f\u6b8b\u5377\u6280\u80fd\u56fe\u6807_0001s_0005_\u97f3\u901f\u8f7b\u529f.png",
    "size": "128X128",
    "sub_type": "icon",
    "uid": "134235971",
    "url": "https://kk3.nosdn.127.net/editor/png/d06b89348d135e743fabb65a362e7abf.png",
    "version": 1,
    "res_type": "editor_icon",
    "import_export_folder_info": "/code_explorer_custom_root_folder_name/\u6b66\u529f\u56fe\u6807"
}