{
    "custom_editor_type": "custom_editor_icon",
    "describe": "",
    "has_upload": false,
    "key": 134272830,
    "md5": "d84df1455aee0fbe695fff0253bdbc82",
    "name": "SkillIcon11138_04",
    "path": "ui/134272830",
    "res_name": "SkillIcon11138_04.png",
    "size": "128X128",
    "sub_type": "icon",
    "uid": "134272830",
    "url": "https://kk3.nosdn.127.net/editor/png/2643141259456d1cf5339c057fd3b771.png",
    "version": 1,
    "res_type": "editor_icon",
    "import_export_folder_info": "/code_explorer_custom_root_folder_name/\u9053\u5177\u56fe\u6807/\u6218\u6cd5\u65e0\u6846/3\u7ea7"
}