{
    "custom_editor_type": "custom_editor_icon",
    "describe": "",
    "has_upload": false,
    "key": 134260547,
    "md5": "1079dc430d0aab0485e0807166570012",
    "name": "\u6b66\u529f\u6b8b\u5377\u6280\u80fd\u56fe\u6807_0007s_0003_\u964d\u9f99\u5341\u516b\u638c_1",
    "path": "ui/134260547",
    "res_name": "\u6b66\u529f\u6b8b\u5377\u6280\u80fd\u56fe\u6807_0007s_0003_\u964d\u9f99\u5341\u516b\u638c.png",
    "size": "128X128",
    "sub_type": "icon",
    "uid": "134260547",
    "url": "https://kk3.nosdn.127.net/editor/png/dce2099a42e10ae1b99d946d08865293.png",
    "version": 1,
    "res_type": "editor_icon",
    "import_export_folder_info": "/code_explorer_custom_root_folder_name/\u6b66\u529f\u56fe\u6807"
}