{
    "custom_editor_type": "custom_editor_icon",
    "describe": "",
    "has_upload": false,
    "key": 134235343,
    "md5": "1ad8735d5b86326edaf9e318c3bf7aa5",
    "name": "\u6b66\u529f\u6b8b\u5377\u6280\u80fd\u56fe\u6807_0005s_0006_\u5f39\u6307\u795e\u901a",
    "path": "ui/134235343",
    "res_name": "\u6b66\u529f\u6b8b\u5377\u6280\u80fd\u56fe\u6807_0005s_0006_\u5f39\u6307\u795e\u901a.png",
    "size": "128X128",
    "sub_type": "icon",
    "uid": "134235343",
    "url": "https://kk3.nosdn.127.net/editor/png/b7aacdcf0ddfc62807750def39af3f03.png",
    "version": 1,
    "res_type": "editor_icon",
    "import_export_folder_info": "/code_explorer_custom_root_folder_name/\u6b66\u529f\u56fe\u6807"
}