{
    "custom_editor_type": "custom_editor_icon",
    "describe": "",
    "has_upload": false,
    "key": 134223119,
    "md5": "06493c2c6cefd30fc099cb83e3123461",
    "name": "\u5348\u65f6\u5df2\u5230",
    "path": "ui/134223119",
    "res_name": "\u5348\u65f6\u5df2\u5230.png",
    "size": "600X600",
    "sub_type": "icon",
    "uid": "134223119",
    "url": "https://kk3.nosdn.127.net/editor/png/edfac9df3e2f74a1059fd3d1e80201b1.png",
    "version": 1,
    "res_type": "editor_icon",
    "import_export_folder_info": "/code_explorer_custom_root_folder_name/\u9053\u5177\u56fe\u6807/\u6218\u6cd5\u65e0\u6846/\u8ffd\u52a0\u6218\u6cd5"
}