{
    "custom_editor_type": "custom_editor_icon",
    "describe": "",
    "has_upload": false,
    "key": 134236775,
    "md5": "aff091f3503fd54bf9c1fe70a0f14541",
    "name": "\u795e\u9b42_\u751f\u547d",
    "path": "ui/134236775",
    "res_name": "\u795e\u9b42_\u751f\u547d.png",
    "size": "128X128",
    "sub_type": "icon",
    "uid": "134236775",
    "url": "https://kk3.nosdn.127.net/editor/png/01bec5d312fd95c421b7c1a29148087a.png",
    "version": 1,
    "res_type": "editor_icon",
    "import_export_folder_info": "/code_explorer_custom_root_folder_name/\u9053\u5177\u56fe\u6807/\u6218\u6cd5\u65e0\u6846/4\u7ea7"
}