{
    "custom_editor_type": "custom_editor_icon",
    "describe": "",
    "has_upload": false,
    "key": 134235978,
    "md5": "ef1ee0c8c36a87327350fce467e87073",
    "name": "\u6cd5\u5251\u6280\u80fd-\u708e\u5251\u5760\u5929",
    "path": "ui/134235978",
    "res_name": "\u6cd5\u5251\u6280\u80fd-\u708e\u5251\u5760\u5929.png",
    "size": "128X128",
    "sub_type": "icon",
    "uid": "134235978",
    "url": "https://kk3.nosdn.127.net/editor/png/1d0b907d5b8af9de1f25b80858aaca1e.png",
    "version": 1,
    "res_type": "editor_icon",
    "import_export_folder_info": "/code_explorer_custom_root_folder_name/\u9053\u5177\u56fe\u6807/\u6218\u6cd5\u65e0\u6846/4\u7ea7"
}