{
    "custom_editor_type": "custom_editor_icon",
    "describe": "",
    "has_upload": false,
    "key": 134220537,
    "md5": "c17dd0ca0e03e2f762a963655834b3fb",
    "name": "\u6b66\u529f\u6b8b\u5377\u6280\u80fd\u56fe\u6807_0002s_0000_\u5c0f\u65e0\u76f8\u529f_1",
    "path": "ui/134220537",
    "res_name": "\u6b66\u529f\u6b8b\u5377\u6280\u80fd\u56fe\u6807_0002s_0000_\u5c0f\u65e0\u76f8\u529f.png",
    "size": "128X128",
    "sub_type": "icon",
    "uid": "134220537",
    "url": "https://kk3.nosdn.127.net/editor/png/6c96b738de5d828a7beafaf5de2b50ed.png",
    "version": 1,
    "res_type": "editor_icon",
    "import_export_folder_info": "/code_explorer_custom_root_folder_name/\u6b66\u529f\u56fe\u6807"
}