{
    "custom_editor_type": "custom_editor_icon",
    "describe": "",
    "has_upload": false,
    "key": 134270339,
    "md5": "3dd5e0b20dfcb77330daeb2c92c3e644",
    "name": "SkillIcon12491_05",
    "path": "ui/134270339",
    "res_name": "SkillIcon12491_05.png",
    "size": "128X128",
    "sub_type": "icon",
    "uid": "134270339",
    "url": "https://kk3.nosdn.127.net/editor/png/d74e8fa23851ebed35b12a9a35440db9.png",
    "version": 1,
    "res_type": "editor_icon",
    "import_export_folder_info": "/code_explorer_custom_root_folder_name/\u9053\u5177\u56fe\u6807/\u6218\u6cd5\u65e0\u6846/2\u7ea7"
}