{
    "134234976": {
        "editor_effect": {
            "deps_info": {
                "deps": [
                    [
                        "editor_icon",
                        901622
                    ],
                    [
                        "editor_icon",
                        901978
                    ],
                    [
                        "editor_icon",
                        900488
                    ],
                    [
                        "editor_icon",
                        900545
                    ]
                ],
                "sound_id_list": []
            },
            "describe": "\u5f69\u8272\u6fc0\u5149\u9b54\u6cd5",
            "editor_res": false,
            "key": 134234976,
            "md5": "f420600bd54ed1d68c725a61e08fa8ee",
            "model_id": 134264276,
            "name": "\u5f69\u8272\u6fc0\u5149",
            "offical_tags": [
                "\u5199\u5b9e",
                "code_Effect_Tag_Magical",
                "code_Effect_Tag_Mystic fantasy",
                "code_Effect_Tag_Sci-Fi",
                "code_Effect_Tag_Ballistic trail",
                "code_Effect_Tag_Arcane",
                "code_Effect_Tag_Multicolored"
            ],
            "preview_icon": "UP1EffectPreview/101917",
            "release_delete": [],
            "res_identify": "all",
            "res_type": "kkres",
            "scale": 1.0,
            "source_effect": [
                101917
            ],
            "uid": "editor_effect_101917",
            "version": 1
        },
        "model": {
            "effect_keep": true,
            "effect_max_boundingbox": [
                -5.589139461517334,
                -5.543548583984375,
                -10.423338890075684,
                5.4979567527771,
                5.543548583984375,
                11.750853538513184
            ],
            "effect_max_life": -1,
            "effect_path": "Fx_Effect/Realism/Fx_Skill/Arcane/Arcane_magicray_cc_001_copy",
            "is_beam_effect": false,
            "meshes": [],
            "model_id": 134264276,
            "name": "\u9b54\u6cd5\u70ae"
        }
    },
    "sub_type": null,
    "res_type": "editor_effect",
    "import_export_folder_info": "/code_explorer_custom_root_folder_name"
}