{
    "custom_editor_type": "custom_editor_icon",
    "describe": "",
    "has_upload": false,
    "key": 134269423,
    "md5": "3563b615cbaa3b921913ec930b908cc4",
    "name": "\u8fdc\u7a0b\u97ad\u6cd5UR\u9ec4\u6c99\u4e07\u91cc\u97ad\u6cd5",
    "path": "ui/134269423",
    "res_name": "\u8fdc\u7a0b\u97ad\u6cd5UR\u9ec4\u6c99\u4e07\u91cc\u97ad\u6cd5.jpg",
    "size": "200X200",
    "sub_type": "icon",
    "uid": "134269423",
    "url": "https://kk3.nosdn.127.net/editor/jpg/43325e586370b73b81f4db111d0b9b30.jpg",
    "version": 1,
    "res_type": "editor_icon",
    "import_export_folder_info": "/code_explorer_custom_root_folder_name/\u6b66\u529f\u56fe\u6807"
}