{
    "custom_editor_type": "custom_editor_icon",
    "describe": "",
    "has_upload": false,
    "key": 134230113,
    "md5": "70381d59b5935fa9e9996ee2f7544e84",
    "name": "\u6b66\u529f\u6b8b\u5377\u6280\u80fd\u56fe\u6807_0001s_0003_\u4e00\u82c7\u6e21\u6c5f",
    "path": "ui/134230113",
    "res_name": "\u6b66\u529f\u6b8b\u5377\u6280\u80fd\u56fe\u6807_0001s_0003_\u4e00\u82c7\u6e21\u6c5f.png",
    "size": "128X128",
    "sub_type": "icon",
    "uid": "134230113",
    "url": "https://kk3.nosdn.127.net/editor/png/a8b158d14eb5d02009a5b246a03a6ea4.png",
    "version": 1,
    "res_type": "editor_icon",
    "import_export_folder_info": "/code_explorer_custom_root_folder_name/\u6b66\u529f\u56fe\u6807"
}