{
    "custom_editor_type": "custom_editor_icon",
    "describe": "",
    "has_upload": false,
    "key": 134276173,
    "md5": "ea89ad189b5c0a21ffd3a19ddf659cc4",
    "name": "\u795e\u9b42_\u653b\u51fb",
    "path": "ui/134276173",
    "res_name": "\u795e\u9b42_\u653b\u51fb.png",
    "size": "128X128",
    "sub_type": "icon",
    "uid": "134276173",
    "url": "https://kk3.nosdn.127.net/editor/png/142d9d10f188d02b656e9372a3c4b0b5.png",
    "version": 1,
    "res_type": "editor_icon",
    "import_export_folder_info": "/code_explorer_custom_root_folder_name/\u9053\u5177\u56fe\u6807/\u6218\u6cd5\u65e0\u6846/2\u7ea7"
}