{
    "custom_editor_type": "custom_editor_icon",
    "describe": "",
    "has_upload": false,
    "key": 134277461,
    "md5": "38e731731d25adc4976e4c33d3333434",
    "name": "\u8fdc\u7a0b\u6697\u5668UR\u51b0\u9b44\u94f6\u9488",
    "path": "ui/134277461",
    "res_name": "\u8fdc\u7a0b\u6697\u5668UR\u51b0\u9b44\u94f6\u9488.jpg",
    "size": "200X200",
    "sub_type": "icon",
    "uid": "134277461",
    "url": "https://kk3.nosdn.127.net/editor/jpg/5d9187a1e99cae65c17995f6d01c0344.jpg",
    "version": 1,
    "res_type": "editor_icon",
    "import_export_folder_info": "/code_explorer_custom_root_folder_name/\u6b66\u529f\u56fe\u6807"
}