{
    "custom_editor_type": "custom_editor_icon",
    "describe": "",
    "has_upload": false,
    "key": 134246325,
    "md5": "7ec407942c0c0cb5e44bc0d2dc484cfd",
    "name": "\u8861\u6b66\u905313",
    "path": "ui/134246325",
    "res_name": "\u8861\u6b66\u905313.png",
    "size": "128X128",
    "sub_type": "icon",
    "uid": "134246325",
    "url": "https://kk3.nosdn.127.net/editor/png/ec3dc5df5d8ca8695212c9a51c7e95f7.png",
    "version": 1,
    "res_type": "editor_icon",
    "import_export_folder_info": "/code_explorer_custom_root_folder_name/\u9053\u5177\u56fe\u6807/\u6218\u6cd5\u65e0\u6846/2\u7ea7"
}