{
    "custom_editor_type": "custom_editor_icon",
    "describe": "",
    "has_upload": false,
    "key": 134265096,
    "md5": "443988d9a286fa8943cfda99975d7cbd",
    "name": "SkillIcon11145_02",
    "path": "ui/134265096",
    "res_name": "SkillIcon11145_02.png",
    "size": "128X128",
    "sub_type": "icon",
    "uid": "134265096",
    "url": "https://kk3.nosdn.127.net/editor/png/dd5a9debe728e476e194f828c8968e9f.png",
    "version": 1,
    "res_type": "editor_icon",
    "import_export_folder_info": "/code_explorer_custom_root_folder_name/\u9053\u5177\u56fe\u6807/\u6218\u6cd5\u65e0\u6846/2\u7ea7"
}