{
    "custom_editor_type": "custom_editor_icon",
    "describe": "",
    "has_upload": false,
    "key": 134258383,
    "md5": "262c7306611f77eeaf1dc680421ff1e7",
    "name": "SkillIcon12491_01",
    "path": "ui/134258383",
    "res_name": "SkillIcon12491_01.png",
    "size": "128X128",
    "sub_type": "icon",
    "uid": "134258383",
    "url": "https://kk3.nosdn.127.net/editor/png/332b679e72109d5e9438fbb4d76fd891.png",
    "version": 1,
    "res_type": "editor_icon",
    "import_export_folder_info": "/code_explorer_custom_root_folder_name/\u9053\u5177\u56fe\u6807/\u6218\u6cd5\u65e0\u6846/1\u7ea7"
}