{
    "custom_editor_type": "custom_editor_icon",
    "describe": "",
    "has_upload": false,
    "key": 134231724,
    "md5": "6a3596a268b473db99ef46352376f84a",
    "name": "\u6b66\u529f\u6b8b\u5377\u6280\u80fd\u56fe\u6807_0001s_0002_\u795e\u884c\u767e\u53d8",
    "path": "ui/134231724",
    "res_name": "\u6b66\u529f\u6b8b\u5377\u6280\u80fd\u56fe\u6807_0001s_0002_\u795e\u884c\u767e\u53d8.png",
    "size": "128X128",
    "sub_type": "icon",
    "uid": "134231724",
    "url": "https://kk3.nosdn.127.net/editor/png/aa128e0485a255b4f8ddfd03c656a37b.png",
    "version": 1,
    "res_type": "editor_icon",
    "import_export_folder_info": "/code_explorer_custom_root_folder_name/\u6b66\u529f\u56fe\u6807"
}