{
    "134239306": {
        "editor_effect": {
            "deps_info": {
                "deps": [
                    [
                        "editor_icon",
                        903058
                    ],
                    [
                        "editor_icon",
                        900537
                    ],
                    [
                        "editor_icon",
                        902156
                    ],
                    [
                        "editor_icon",
                        902482
                    ],
                    [
                        "editor_icon",
                        902632
                    ]
                ],
                "sound_id_list": []
            },
            "describe": "\u5706\u5f62\u84dd\u8272\u96ea\u82b1\u6cd5\u9635\u7b26\u6587",
            "editor_res": false,
            "key": 134239306,
            "md5": "6fb26c19df9c62b351f92960aaad6321",
            "model_id": 134261702,
            "name": "\u5706\u5f62\u84dd\u8272\u96ea\u82b1\u6cd5\u9635\u7b26\u6587",
            "offical_tags": [
                "\u5361\u901a",
                "code_Effect_Tag_Magical",
                "code_Effect_Tag_Blue",
                "code_Effect_Tag_Ripples",
                "code_Effect_Tag_Magical",
                "code_Effect_Tag_Teleport",
                "code_Effect_Tag_Magic circle runes",
                "code_Effect_Tag_Snowflake",
                "code_Effect_Tag_Buff"
            ],
            "preview_icon": "UP1EffectPreview/101997",
            "release_delete": [],
            "res_identify": "all",
            "res_type": "kkres",
            "scale": 1.0,
            "source_effect": [],
            "uid": "editor_effect_101997",
            "version": 1
        },
        "model": {
            "effect_keep": true,
            "effect_max_boundingbox": [
                -2.936310291290283,
                -2.686310291290283,
                -2.936310291290283,
                2.936310291290283,
                3.186310291290283,
                2.936310291290283
            ],
            "effect_max_life": -1,
            "effect_path": "Fx_Effect/Cartoon/Fx_Common/Buff/Buff_Fr_yangli_jiaodi_buff_01_copy",
            "is_beam_effect": false,
            "meshes": [],
            "model_id": 134261702,
            "name": "Fr_yangli_jiaodi_buff_01"
        }
    },
    "sub_type": null,
    "res_type": "editor_effect",
    "import_export_folder_info": "/code_explorer_custom_root_folder_name"
}