{
    "custom_editor_type": "custom_editor_icon",
    "describe": "",
    "has_upload": false,
    "key": 134231679,
    "md5": "c9d8a0ba7bce8c500ed7be280f09555f",
    "name": "\u5927\u62db\u56fe\u6807_0000s_0005_\u58a8\u5b88\u6210\u89c4",
    "path": "ui/134231679",
    "res_name": "\u5927\u62db\u56fe\u6807_0000s_0005_\u58a8\u5b88\u6210\u89c4.png",
    "size": "128X128",
    "sub_type": "icon",
    "uid": "134231679",
    "url": "https://kk3.nosdn.127.net/editor/png/75308b216678f9f883d18dcd98001fa1.png",
    "version": 1,
    "res_type": "editor_icon",
    "import_export_folder_info": "/code_explorer_custom_root_folder_name"
}