{
    "custom_editor_type": "custom_editor_icon",
    "describe": "",
    "has_upload": false,
    "key": 134260038,
    "md5": "8a2855a9362ab387017ded746760cfa3",
    "name": "Hero_Icon_Growup_4",
    "path": "ui/134260038",
    "res_name": "Hero_Icon_Growup_4.png",
    "size": "128X128",
    "sub_type": "icon",
    "uid": "134260038",
    "version": 1,
    "res_type": "editor_icon",
    "import_export_folder_info": "/code_explorer_custom_root_folder_name/\u9053\u5177\u56fe\u6807/\u6218\u6cd5\u65e0\u6846/3\u7ea7"
}