{
    "custom_editor_type": "custom_editor_icon",
    "describe": "",
    "has_upload": false,
    "key": 134271493,
    "md5": "4fc8b37c23e39a4556d320ea645101f0",
    "name": "SkillIcon11142_04",
    "path": "ui/134271493",
    "res_name": "SkillIcon11142_04.png",
    "size": "128X128",
    "sub_type": "icon",
    "uid": "134271493",
    "url": "https://kk3.nosdn.127.net/editor/png/535e0ee5ed42a1b160503ed28d9e0108.png",
    "version": 1,
    "res_type": "editor_icon",
    "import_export_folder_info": "/code_explorer_custom_root_folder_name/\u9053\u5177\u56fe\u6807/\u6218\u6cd5\u65e0\u6846/1\u7ea7"
}