{
    "custom_editor_type": "custom_editor_icon",
    "describe": "",
    "has_upload": false,
    "key": 134266296,
    "md5": "5ffd0563bb81edc699191631937208ff",
    "name": "\u6b66\u529f\u6b8b\u5377\u6280\u80fd\u56fe\u6807_0001_\u6280\u80fd\u56fe\u6807_0000_\u8f6f\u7ea2\u86db\u7d22",
    "path": "ui/134266296",
    "res_name": "\u6b66\u529f\u6b8b\u5377\u6280\u80fd\u56fe\u6807_0001_\u6280\u80fd\u56fe\u6807_0000_\u8f6f\u7ea2\u86db\u7d22.png",
    "size": "128X128",
    "sub_type": "icon",
    "uid": "134266296",
    "url": "https://kk3.nosdn.127.net/editor/png/d6f129737495b6b4069fbaa16cb89bab.png",
    "version": 1,
    "res_type": "editor_icon",
    "import_export_folder_info": "/code_explorer_custom_root_folder_name/\u6b66\u529f\u56fe\u6807"
}