{
    "custom_editor_type": "custom_editor_icon",
    "describe": "",
    "has_upload": false,
    "key": 134220926,
    "md5": "e2262754b27a5020ef7a2c88dcd83d4d",
    "name": "\u71c3\u706b\u4e4b\u8def",
    "path": "ui/134220926",
    "res_name": "\u71c3\u706b\u4e4b\u8def.png",
    "size": "1024X1024",
    "sub_type": "icon",
    "uid": "134220926",
    "url": "https://kk3.nosdn.127.net/editor/png/7dd66152a430229e9c80a695295640d1.png",
    "version": 1,
    "res_type": "editor_icon",
    "import_export_folder_info": "/code_explorer_custom_root_folder_name/\u9053\u5177\u56fe\u6807/\u6218\u6cd5\u65e0\u6846/\u8ffd\u52a0\u6218\u6cd5"
}