{
    "custom_editor_type": "custom_editor_icon",
    "describe": "",
    "has_upload": false,
    "key": 134262347,
    "md5": "f6c080aab6fc5e984652711c22eca1af",
    "name": "\u5927\u62db\u56fe\u6807_0003s_0008_\u91d1\u521a\u4e0d\u574f",
    "path": "ui/134262347",
    "res_name": "\u5927\u62db\u56fe\u6807_0003s_0008_\u91d1\u521a\u4e0d\u574f.png",
    "size": "128X128",
    "sub_type": "icon",
    "uid": "134262347",
    "url": "https://kk3.nosdn.127.net/editor/png/d5eac6bbade969f29bb52ad4d394ec58.png",
    "version": 1,
    "res_type": "editor_icon",
    "import_export_folder_info": "/code_explorer_custom_root_folder_name"
}