{
    "custom_editor_type": "custom_editor_icon",
    "describe": "",
    "has_upload": false,
    "key": 134230537,
    "md5": "5c1b207467d1f68826b73666aa3b88a7",
    "name": "SSR 1",
    "path": "ui/134230537",
    "res_name": "SSR 1.png",
    "size": "100X62",
    "sub_type": "icon",
    "uid": "134230537",
    "url": "https://kk3.nosdn.127.net/editor/png/c1f55c721bcf4d5e7aa116831c87716d.png",
    "version": 1,
    "res_type": "editor_icon",
    "import_export_folder_info": "/code_explorer_custom_root_folder_name/\u7d20\u6750"
}