{
    "custom_editor_type": "custom_editor_icon",
    "describe": "",
    "has_upload": false,
    "key": 134243234,
    "md5": "1a8d9bcd1f1abeb3e80095dcfd0d19c7",
    "name": "\u6b66\u529f\u6b8b\u5377\u6280\u80fd\u56fe\u6807_0003s_0001_\u6885\u82b1\u9635",
    "path": "ui/134243234",
    "res_name": "\u6b66\u529f\u6b8b\u5377\u6280\u80fd\u56fe\u6807_0003s_0001_\u6885\u82b1\u9635.png",
    "size": "128X128",
    "sub_type": "icon",
    "uid": "134243234",
    "url": "https://kk3.nosdn.127.net/editor/png/faf9c6bccf47c9930ec39b92aedd73bb.png",
    "version": 1,
    "res_type": "editor_icon",
    "import_export_folder_info": "/code_explorer_custom_root_folder_name/\u6b66\u529f\u56fe\u6807"
}