{
    "custom_editor_type": "custom_editor_icon",
    "describe": "",
    "has_upload": false,
    "key": 134249520,
    "md5": "1c88d15b03b65025a0c4151ec683fef1",
    "name": "SkillIcon11102_04",
    "path": "ui/134249520",
    "res_name": "SkillIcon11102_04.png",
    "size": "128X128",
    "sub_type": "icon",
    "uid": "134249520",
    "version": 1,
    "res_type": "editor_icon",
    "import_export_folder_info": "/code_explorer_custom_root_folder_name/\u9053\u5177\u56fe\u6807/\u6218\u6cd5\u65e0\u6846/4\u7ea7"
}