{
    "custom_editor_type": "custom_editor_icon",
    "describe": "",
    "has_upload": false,
    "key": 134275364,
    "md5": "b2cb26ebfa6f582d1b29c514edd46fef",
    "name": "\u9b3c\u9b45\u795e\u5077",
    "path": "ui/134275364",
    "res_name": "\u9b3c\u9b45\u795e\u5077.png",
    "size": "600X600",
    "sub_type": "icon",
    "uid": "134275364",
    "url": "https://kk3.nosdn.127.net/editor/png/c276d2767911dd2e0af91db3c7a5a3c2.png",
    "version": 1,
    "res_type": "editor_icon",
    "import_export_folder_info": "/code_explorer_custom_root_folder_name/\u9053\u5177\u56fe\u6807/\u6218\u6cd5\u65e0\u6846/\u8ffd\u52a0\u6218\u6cd5"
}