{
    "custom_editor_type": "custom_editor_icon",
    "describe": "",
    "has_upload": false,
    "key": 134244631,
    "md5": "515e1eafd95d4b2bd91351f1f6d1641f",
    "name": "\u6b66\u529f\u6b8b\u5377\u6280\u80fd\u56fe\u6807_0000s_0001_\u708e\u708e\u529f",
    "path": "ui/134244631",
    "res_name": "\u6b66\u529f\u6b8b\u5377\u6280\u80fd\u56fe\u6807_0000s_0001_\u708e\u708e\u529f.png",
    "size": "128X128",
    "sub_type": "icon",
    "uid": "134244631",
    "version": 1,
    "res_type": "editor_icon",
    "import_export_folder_info": "/code_explorer_custom_root_folder_name/\u6b66\u529f\u56fe\u6807"
}