{
    "custom_editor_type": "custom_editor_icon",
    "describe": "",
    "has_upload": false,
    "key": 134247959,
    "md5": "27d0b086d252befdb92749303327b6be",
    "name": "\u6b66\u529f\u6b8b\u5377\u6280\u80fd\u56fe\u6807_0007s_0004_\u677e\u98ce\u5251\u6cd5",
    "path": "ui/134247959",
    "res_name": "\u6b66\u529f\u6b8b\u5377\u6280\u80fd\u56fe\u6807_0007s_0004_\u677e\u98ce\u5251\u6cd5.png",
    "size": "128X128",
    "sub_type": "icon",
    "uid": "134247959",
    "url": "https://kk3.nosdn.127.net/editor/png/701540402c2602a703eb6925c1c1f5b3.png",
    "version": 1,
    "res_type": "editor_icon",
    "import_export_folder_info": "/code_explorer_custom_root_folder_name/\u6b66\u529f\u56fe\u6807"
}