{
    "custom_editor_type": "custom_editor_icon",
    "describe": "",
    "has_upload": false,
    "key": 134247632,
    "md5": "f7719c15e7b5fc59334516829646d4b1",
    "name": "\u5927\u62db\u56fe\u6807_0006s_0003_\u9739\u96f3\u5f39",
    "path": "ui/134247632",
    "res_name": "\u5927\u62db\u56fe\u6807_0006s_0003_\u9739\u96f3\u5f39.png",
    "size": "128X128",
    "sub_type": "icon",
    "uid": "134247632",
    "url": "https://kk3.nosdn.127.net/editor/png/98ed2e359e187e6304e8662cdcbad3a1.png",
    "version": 1,
    "res_type": "editor_icon",
    "import_export_folder_info": "/code_explorer_custom_root_folder_name"
}