{
    "custom_editor_type": "custom_editor_icon",
    "describe": "",
    "has_upload": false,
    "key": 134267773,
    "md5": "d9235f0a310edacce8214acbdf0b4104",
    "name": "\u673a\u5173\u672f\u673a\u5173\u4eba4\u6280\u80fd",
    "path": "ui/134267773",
    "res_name": "\u673a\u5173\u672f\u673a\u5173\u4eba4\u6280\u80fd.png",
    "size": "200X200",
    "sub_type": "icon",
    "uid": "134267773",
    "url": "https://kk3.nosdn.127.net/editor/png/4b1eaaa77a30639e20bd4246eff7c5b3.png",
    "version": 1,
    "res_type": "editor_icon",
    "import_export_folder_info": "/code_explorer_custom_root_folder_name/\u6b66\u529f\u56fe\u6807"
}