{
    "custom_editor_type": "custom_editor_icon",
    "describe": "",
    "has_upload": false,
    "key": 134230022,
    "md5": "65366d0926682dffd3258f47785d31b0",
    "name": "\u8861\u6b66\u90536",
    "path": "ui/134230022",
    "res_name": "\u8861\u6b66\u90536.png",
    "size": "128X128",
    "sub_type": "icon",
    "uid": "134230022",
    "url": "https://kk3.nosdn.127.net/editor/png/e3728836227c285f2221cebbd2de22ec.png",
    "version": 1,
    "res_type": "editor_icon",
    "import_export_folder_info": "/code_explorer_custom_root_folder_name/\u9053\u5177\u56fe\u6807/\u6218\u6cd5\u65e0\u6846/1\u7ea7"
}