{
    "custom_editor_type": "custom_editor_icon",
    "describe": "",
    "has_upload": false,
    "key": 134281026,
    "md5": "81b6073182d0984a241540ad3973ce28",
    "name": "SkillIcon11123_03",
    "path": "ui/134281026",
    "res_name": "SkillIcon11123_03.png",
    "size": "128X128",
    "sub_type": "icon",
    "uid": "134281026",
    "url": "https://kk3.nosdn.127.net/editor/png/4b9ee1b155996fdc8ea6185fe2503cd2.png",
    "version": 1,
    "res_type": "editor_icon",
    "import_export_folder_info": "/code_explorer_custom_root_folder_name/\u9053\u5177\u56fe\u6807/\u6218\u6cd5\u65e0\u6846/3\u7ea7"
}