{
    "custom_editor_type": "custom_editor_icon",
    "describe": "",
    "has_upload": false,
    "key": 134240462,
    "md5": "fe8c9b36d155c673ad281a161f5b8a78",
    "name": "\u795e\u9b42_\u706b\u7cfb",
    "path": "ui/134240462",
    "res_name": "\u795e\u9b42_\u706b\u7cfb.png",
    "size": "128X128",
    "sub_type": "icon",
    "uid": "134240462",
    "url": "https://kk3.nosdn.127.net/editor/png/5c13df0eb09f80d8b34763ff8e93d2c4.png",
    "version": 1,
    "res_type": "editor_icon",
    "import_export_folder_info": "/code_explorer_custom_root_folder_name/\u9053\u5177\u56fe\u6807/\u6218\u6cd5\u65e0\u6846/3\u7ea7"
}