{
    "custom_editor_type": "custom_editor_icon",
    "describe": "",
    "has_upload": false,
    "key": 134261195,
    "md5": "6b2fccf0512ab95240aa8d2c96be8a7a",
    "name": "SkillIcon11104_05",
    "path": "ui/134261195",
    "res_name": "SkillIcon11104_05.png",
    "size": "128X128",
    "sub_type": "icon",
    "uid": "134261195",
    "url": "https://kk3.nosdn.127.net/editor/png/5810212496f37b086c32b933ce1d4a0f.png",
    "version": 1,
    "res_type": "editor_icon",
    "import_export_folder_info": "/code_explorer_custom_root_folder_name/\u9053\u5177\u56fe\u6807/\u6218\u6cd5\u65e0\u6846/1\u7ea7"
}