{
    "custom_editor_type": "custom_editor_icon",
    "describe": "",
    "has_upload": false,
    "key": 134240247,
    "md5": "f8302b5800d38b385c0b353b74b0da91",
    "name": "\u5927\u62db\u56fe\u6807_0000s_0000_\u5929\u5c71\u6298\u6885",
    "path": "ui/134240247",
    "res_name": "\u5927\u62db\u56fe\u6807_0000s_0000_\u5929\u5c71\u6298\u6885.png",
    "size": "128X128",
    "sub_type": "icon",
    "uid": "134240247",
    "url": "https://kk3.nosdn.127.net/editor/png/dd4743a5950fba5f2474197849abe51f.png",
    "version": 1,
    "res_type": "editor_icon",
    "import_export_folder_info": "/code_explorer_custom_root_folder_name"
}