{
    "134246507": {
        "editor_effect": {
            "describe": "\u91d1\u8272\u7d2b\u8272\u9f99\u70df\u96fe\u5f39\u9053\u62d6\u5c3e",
            "editor_res": false,
            "key": 134246507,
            "model_id": 134225854,
            "name": "\u91d1\u8272\u7d2b\u8272\u9f99\u70df\u96fe\u5f39\u9053\u62d6\u5c3e",
            "offical_tags": [
                "code_clicli_editor_model_cartoon",
                "code_Effect_Tag_Magical",
                "code_Effect_Tag_Spring Festival",
                "code_Effect_Tag_Dragon Boat Festival",
                "code_Effect_Tag_Purple",
                "code_Effect_Tag_Gold",
                "code_Effect_Tag_Animal",
                "code_Effect_Tag_Dragon",
                "code_Effect_Tag_Smoke",
                "code_Effect_Tag_Ballistic trail",
                "code_Effect_Tag_Magical"
            ],
            "preview_icon": "UP1EffectPreview/100877",
            "release_delete": [],
            "res_identify": "all",
            "res_type": "kkres",
            "scale": 1.0,
            "uid": "editor_effect_100877",
            "version": 1,
            "md5": "8e912ebe26d57961e071b855505003df",
            "source_effect": [],
            "deps_info": {
                "deps": [
                    [
                        "editor_icon",
                        901497
                    ],
                    [
                        "editor_icon",
                        900701
                    ],
                    [
                        "editor_icon",
                        901789
                    ],
                    [
                        "editor_icon",
                        901288
                    ],
                    [
                        "editor_icon",
                        900620
                    ],
                    [
                        "editor_icon",
                        902224
                    ],
                    [
                        "editor_icon",
                        901553
                    ],
                    [
                        "editor_icon",
                        901795
                    ],
                    [
                        "editor_icon",
                        901003
                    ],
                    [
                        "editor_icon",
                        902256
                    ]
                ],
                "sound_id_list": []
            }
        },
        "model": {
            "effect_keep": true,
            "effect_max_boundingbox": [
                -540.0800170898438,
                -290.06524658203125,
                -543.010009765625,
                539.9199829101562,
                789.9347534179688,
                536.989990234375
            ],
            "effect_max_life": -1,
            "effect_path": "Fx_Effect/Cartoon/Fx_Skill/Ballistic/Ballistic_pet_trailling_22_02_copy",
            "meshes": [],
            "model_id": 134225854,
            "name": "\u7279\u6548877",
            "is_beam_effect": false
        }
    },
    "sub_type": null,
    "res_type": "editor_effect",
    "import_export_folder_info": "/code_explorer_custom_root_folder_name"
}