<?xml version="1.0" encoding="utf-8"?>
<Resource>
	<Version>2</Version>
	<SMaterialData>
		<Root>
			<Sub/>
			<Entity type="SMaterialData">
				<name>_material</name>
				<info>
					<Layers count="13" ordered="true">
						<Element index="0">
							<LayerName>shen_wenli_submat</LayerName>
							<ShaderName>Effect/Twisted</ShaderName>
							<Parameters count="18" ordered="true">
								<Element index="0">
									<Name>DepthBuffer</Name>
									<Value>00000000-0000-0000-0000-000000000000</Value>
								</Element>
								<Element index="1">
									<Name>DiffuseTexture</Name>
									<Value>240bb4ba-fe22-48f4-950b-4b5ec2ce2bc8</Value>
								</Element>
								<Element index="2">
									<Name>MaskTexture</Name>
									<Value>00000000-0000-0000-0000-000000000000</Value>
								</Element>
								<Element index="3">
									<Name>SSProfilesTextureGlobel</Name>
									<Value>00000000-0000-0000-0000-000000000000</Value>
								</Element>
								<Element index="4">
									<Name>TwistTexture</Name>
									<Value>c55aac5f-5a85-4ba1-bb3b-78efedb88cbd</Value>
								</Element>
								<Element index="5">
									<Name>tIRVDayTextureA</Name>
									<Value>00000000-0000-0000-0000-000000000000</Value>
								</Element>
								<Element index="6">
									<Name>tIRVNightTextureA</Name>
									<Value>00000000-0000-0000-0000-000000000000</Value>
								</Element>
								<Element index="7">
									<Name>tScatteringAndTransmittanceVolume</Name>
									<Value>00000000-0000-0000-0000-000000000000</Value>
								</Element>
								<Element index="8">
									<Name>tShadowMapArray</Name>
									<Value>00000000-0000-0000-0000-000000000000</Value>
								</Element>
								<Element index="9">
									<Name>TwistUVScolling</Name>
									<Value>(1, 3, -0.8, 0.1)</Value>
								</Element>
								<Element index="10">
									<Name>Soft</Name>
									<Value>0</Value>
								</Element>
								<Element index="11">
									<Name>DepthBias</Name>
									<Value>0</Value>
								</Element>
								<Element index="12">
									<Name>HDRScale</Name>
									<Value>3</Value>
								</Element>
								<Element index="13">
									<Name>FogStrength</Name>
									<Value>0</Value>
								</Element>
								<Element index="14">
									<Name>TwistStrength</Name>
									<Value>(0, 0.2)</Value>
								</Element>
								<Element index="15">
									<Name>ModulateColor</Name>
									<Value>(1.0, 1.0, 1.0, 1.0)</Value>
								</Element>
								<Element index="16">
									<Name>DiffuseUVScolling</Name>
									<Value>(1, 2, -0.8, 0.5)</Value>
								</Element>
								<Element index="17">
									<Name>BloomScale</Name>
									<Value>2</Value>
								</Element>
							</Parameters>
							<InactiveParameters count="0" ordered="true"/>
							<MultiPassMaterials count="0" ordered="true"/>
						</Element>
						<Element index="1">
							<LayerName>shen_wenli_submat</LayerName>
							<ShaderName>Effect/Twisted</ShaderName>
							<Parameters count="18" ordered="true">
								<Element index="0">
									<Name>DepthBuffer</Name>
									<Value>00000000-0000-0000-0000-000000000000</Value>
								</Element>
								<Element index="1">
									<Name>DiffuseTexture</Name>
									<Value>e48049d3-81de-40d4-b6f2-d6ac4d53c01a</Value>
								</Element>
								<Element index="2">
									<Name>MaskTexture</Name>
									<Value>5a824123-0853-4104-ac8c-b02248fd4766</Value>
								</Element>
								<Element index="3">
									<Name>SSProfilesTextureGlobel</Name>
									<Value>00000000-0000-0000-0000-000000000000</Value>
								</Element>
								<Element index="4">
									<Name>TwistTexture</Name>
									<Value>2a81663b-0bc4-49bb-a391-2c6f7312f915</Value>
								</Element>
								<Element index="5">
									<Name>tIRVDayTextureA</Name>
									<Value>00000000-0000-0000-0000-000000000000</Value>
								</Element>
								<Element index="6">
									<Name>tIRVNightTextureA</Name>
									<Value>00000000-0000-0000-0000-000000000000</Value>
								</Element>
								<Element index="7">
									<Name>tScatteringAndTransmittanceVolume</Name>
									<Value>00000000-0000-0000-0000-000000000000</Value>
								</Element>
								<Element index="8">
									<Name>tShadowMapArray</Name>
									<Value>00000000-0000-0000-0000-000000000000</Value>
								</Element>
								<Element index="9">
									<Name>TwistUVScolling</Name>
									<Value>(3, 1, 0, 0)</Value>
								</Element>
								<Element index="10">
									<Name>Soft</Name>
									<Value>0</Value>
								</Element>
								<Element index="11">
									<Name>DepthBias</Name>
									<Value>0</Value>
								</Element>
								<Element index="12">
									<Name>HDRScale</Name>
									<Value>3</Value>
								</Element>
								<Element index="13">
									<Name>FogStrength</Name>
									<Value>0</Value>
								</Element>
								<Element index="14">
									<Name>TwistStrength</Name>
									<Value>(0, 0)</Value>
								</Element>
								<Element index="15">
									<Name>ModulateColor</Name>
									<Value>(22, 1, 1, 5)</Value>
								</Element>
								<Element index="16">
									<Name>DiffuseUVScolling</Name>
									<Value>(2, 1, -5, 3.3)</Value>
								</Element>
								<Element index="17">
									<Name>BloomScale</Name>
									<Value>2</Value>
								</Element>
							</Parameters>
							<InactiveParameters count="0" ordered="true"/>
							<MultiPassMaterials count="0" ordered="true"/>
						</Element>
						<Element index="2">
							<LayerName>shuizhu_Z_wenli_c_submat</LayerName>
							<ShaderName>Effect/Fresnel</ShaderName>
							<Parameters count="21" ordered="true">
								<Element index="0">
									<Name>DepthBuffer</Name>
									<Value>00000000-0000-0000-0000-000000000000</Value>
								</Element>
								<Element index="1">
									<Name>DiffuseTexture</Name>
									<Value>00000000-0000-0000-0000-000000000000</Value>
								</Element>
								<Element index="2">
									<Name>MaskTexture</Name>
									<Value>9281dd56-6964-4b22-985a-317f1bf60778</Value>
								</Element>
								<Element index="3">
									<Name>SSProfilesTextureGlobel</Name>
									<Value>00000000-0000-0000-0000-000000000000</Value>
								</Element>
								<Element index="4">
									<Name>TwistTexture</Name>
									<Value>926a9301-a8ec-4e2b-bdef-cd2cc2cc7a8a</Value>
								</Element>
								<Element index="5">
									<Name>tIRVDayTextureA</Name>
									<Value>00000000-0000-0000-0000-000000000000</Value>
								</Element>
								<Element index="6">
									<Name>tIRVNightTextureA</Name>
									<Value>00000000-0000-0000-0000-000000000000</Value>
								</Element>
								<Element index="7">
									<Name>tScatteringAndTransmittanceVolume</Name>
									<Value>00000000-0000-0000-0000-000000000000</Value>
								</Element>
								<Element index="8">
									<Name>tShadowMapArray</Name>
									<Value>00000000-0000-0000-0000-000000000000</Value>
								</Element>
								<Element index="9">
									<Name>DepthBias</Name>
									<Value>0</Value>
								</Element>
								<Element index="10">
									<Name>FresnelPower</Name>
									<Value>0.5</Value>
								</Element>
								<Element index="11">
									<Name>TwistUVScolling</Name>
									<Value>(1, 1, 0, -0.25)</Value>
								</Element>
								<Element index="12">
									<Name>FresnelAlpha</Name>
									<Value>1</Value>
								</Element>
								<Element index="13">
									<Name>TwistStrength</Name>
									<Value>(0.1, 0.1)</Value>
								</Element>
								<Element index="14">
									<Name>HDRScale</Name>
									<Value>2.5</Value>
								</Element>
								<Element index="15">
									<Name>InvFadeDistance</Name>
									<Value>0</Value>
								</Element>
								<Element index="16">
									<Name>ModulateColor</Name>
									<Value>(5, 0.5, 0.5, 0.7)</Value>
								</Element>
								<Element index="17">
									<Name>DiffuseUVScolling</Name>
									<Value>(1, 1.5, 0, 2)</Value>
								</Element>
								<Element index="18">
									<Name>Soft</Name>
									<Value>0</Value>
								</Element>
								<Element index="19">
									<Name>FogStrength</Name>
									<Value>0</Value>
								</Element>
								<Element index="20">
									<Name>BloomScale</Name>
									<Value>1</Value>
								</Element>
							</Parameters>
							<InactiveParameters count="0" ordered="true"/>
							<MultiPassMaterials count="0" ordered="true"/>
						</Element>
						<Element index="3">
							<LayerName>shuizhu_Z_wenli_cc_submat</LayerName>
							<ShaderName>Effect/Twisted</ShaderName>
							<Parameters count="18" ordered="true">
								<Element index="0">
									<Name>DepthBuffer</Name>
									<Value>00000000-0000-0000-0000-000000000000</Value>
								</Element>
								<Element index="1">
									<Name>DiffuseTexture</Name>
									<Value>65f98cf2-1c35-40c3-b26d-88b1041c12e1</Value>
								</Element>
								<Element index="2">
									<Name>MaskTexture</Name>
									<Value>02f5af64-d606-4fbc-8be0-1ae724520eff</Value>
								</Element>
								<Element index="3">
									<Name>SSProfilesTextureGlobel</Name>
									<Value>00000000-0000-0000-0000-000000000000</Value>
								</Element>
								<Element index="4">
									<Name>TwistTexture</Name>
									<Value>926a9301-a8ec-4e2b-bdef-cd2cc2cc7a8a</Value>
								</Element>
								<Element index="5">
									<Name>tIRVDayTextureA</Name>
									<Value>00000000-0000-0000-0000-000000000000</Value>
								</Element>
								<Element index="6">
									<Name>tIRVNightTextureA</Name>
									<Value>00000000-0000-0000-0000-000000000000</Value>
								</Element>
								<Element index="7">
									<Name>tScatteringAndTransmittanceVolume</Name>
									<Value>00000000-0000-0000-0000-000000000000</Value>
								</Element>
								<Element index="8">
									<Name>tShadowMapArray</Name>
									<Value>00000000-0000-0000-0000-000000000000</Value>
								</Element>
								<Element index="9">
									<Name>TwistUVScolling</Name>
									<Value>(1, 1, 0, -0.25)</Value>
								</Element>
								<Element index="10">
									<Name>Soft</Name>
									<Value>0</Value>
								</Element>
								<Element index="11">
									<Name>DepthBias</Name>
									<Value>0</Value>
								</Element>
								<Element index="12">
									<Name>HDRScale</Name>
									<Value>2.5</Value>
								</Element>
								<Element index="13">
									<Name>FogStrength</Name>
									<Value>0</Value>
								</Element>
								<Element index="14">
									<Name>TwistStrength</Name>
									<Value>(0.1, 0.1)</Value>
								</Element>
								<Element index="15">
									<Name>ModulateColor</Name>
									<Value>(5, 0.5, 0.5, 4)</Value>
								</Element>
								<Element index="16">
									<Name>DiffuseUVScolling</Name>
									<Value>(0.5, 2, 0, 2)</Value>
								</Element>
								<Element index="17">
									<Name>BloomScale</Name>
									<Value>1</Value>
								</Element>
							</Parameters>
							<InactiveParameters count="0" ordered="true"/>
							<MultiPassMaterials count="0" ordered="true"/>
						</Element>
						<Element index="4">
							<LayerName>shuizhu_Z_wenli_dd_submat</LayerName>
							<ShaderName>Effect/Twisted</ShaderName>
							<Parameters count="18" ordered="true">
								<Element index="0">
									<Name>DepthBuffer</Name>
									<Value>00000000-0000-0000-0000-000000000000</Value>
								</Element>
								<Element index="1">
									<Name>DiffuseTexture</Name>
									<Value>65f98cf2-1c35-40c3-b26d-88b1041c12e1</Value>
								</Element>
								<Element index="2">
									<Name>MaskTexture</Name>
									<Value>a354b7b9-7da9-41dd-bcc1-ca7c394b21b5</Value>
								</Element>
								<Element index="3">
									<Name>SSProfilesTextureGlobel</Name>
									<Value>00000000-0000-0000-0000-000000000000</Value>
								</Element>
								<Element index="4">
									<Name>TwistTexture</Name>
									<Value>926a9301-a8ec-4e2b-bdef-cd2cc2cc7a8a</Value>
								</Element>
								<Element index="5">
									<Name>tIRVDayTextureA</Name>
									<Value>00000000-0000-0000-0000-000000000000</Value>
								</Element>
								<Element index="6">
									<Name>tIRVNightTextureA</Name>
									<Value>00000000-0000-0000-0000-000000000000</Value>
								</Element>
								<Element index="7">
									<Name>tScatteringAndTransmittanceVolume</Name>
									<Value>00000000-0000-0000-0000-000000000000</Value>
								</Element>
								<Element index="8">
									<Name>tShadowMapArray</Name>
									<Value>00000000-0000-0000-0000-000000000000</Value>
								</Element>
								<Element index="9">
									<Name>TwistUVScolling</Name>
									<Value>(1, 1, 0, -0.25)</Value>
								</Element>
								<Element index="10">
									<Name>Soft</Name>
									<Value>0</Value>
								</Element>
								<Element index="11">
									<Name>DepthBias</Name>
									<Value>0</Value>
								</Element>
								<Element index="12">
									<Name>HDRScale</Name>
									<Value>2.5</Value>
								</Element>
								<Element index="13">
									<Name>FogStrength</Name>
									<Value>0</Value>
								</Element>
								<Element index="14">
									<Name>TwistStrength</Name>
									<Value>(0.5, 0.5)</Value>
								</Element>
								<Element index="15">
									<Name>ModulateColor</Name>
									<Value>(2, 0.5, 0.5, 8)</Value>
								</Element>
								<Element index="16">
									<Name>DiffuseUVScolling</Name>
									<Value>(1, 3, 0, -2.5)</Value>
								</Element>
								<Element index="17">
									<Name>BloomScale</Name>
									<Value>1</Value>
								</Element>
							</Parameters>
							<InactiveParameters count="0" ordered="true"/>
							<MultiPassMaterials count="0" ordered="true"/>
						</Element>
						<Element index="5">
							<LayerName>shuizhu_Z_wenli_dd01_submat</LayerName>
							<ShaderName>Effect/Twisted</ShaderName>
							<Parameters count="18" ordered="true">
								<Element index="0">
									<Name>DepthBuffer</Name>
									<Value>00000000-0000-0000-0000-000000000000</Value>
								</Element>
								<Element index="1">
									<Name>DiffuseTexture</Name>
									<Value>ac02192d-b44a-4084-a069-bdd58a49be62</Value>
								</Element>
								<Element index="2">
									<Name>MaskTexture</Name>
									<Value>a354b7b9-7da9-41dd-bcc1-ca7c394b21b5</Value>
								</Element>
								<Element index="3">
									<Name>SSProfilesTextureGlobel</Name>
									<Value>00000000-0000-0000-0000-000000000000</Value>
								</Element>
								<Element index="4">
									<Name>TwistTexture</Name>
									<Value>2a81663b-0bc4-49bb-a391-2c6f7312f915</Value>
								</Element>
								<Element index="5">
									<Name>tIRVDayTextureA</Name>
									<Value>00000000-0000-0000-0000-000000000000</Value>
								</Element>
								<Element index="6">
									<Name>tIRVNightTextureA</Name>
									<Value>00000000-0000-0000-0000-000000000000</Value>
								</Element>
								<Element index="7">
									<Name>tScatteringAndTransmittanceVolume</Name>
									<Value>00000000-0000-0000-0000-000000000000</Value>
								</Element>
								<Element index="8">
									<Name>tShadowMapArray</Name>
									<Value>00000000-0000-0000-0000-000000000000</Value>
								</Element>
								<Element index="9">
									<Name>TwistUVScolling</Name>
									<Value>(1, 1, 0, -0.25)</Value>
								</Element>
								<Element index="10">
									<Name>Soft</Name>
									<Value>0</Value>
								</Element>
								<Element index="11">
									<Name>DepthBias</Name>
									<Value>0</Value>
								</Element>
								<Element index="12">
									<Name>HDRScale</Name>
									<Value>2.5</Value>
								</Element>
								<Element index="13">
									<Name>FogStrength</Name>
									<Value>0</Value>
								</Element>
								<Element index="14">
									<Name>TwistStrength</Name>
									<Value>(0.5, 0.5)</Value>
								</Element>
								<Element index="15">
									<Name>ModulateColor</Name>
									<Value>(2, 0.5, 0.5, 17)</Value>
								</Element>
								<Element index="16">
									<Name>DiffuseUVScolling</Name>
									<Value>(6, 1, 1, -3)</Value>
								</Element>
								<Element index="17">
									<Name>BloomScale</Name>
									<Value>1</Value>
								</Element>
							</Parameters>
							<InactiveParameters count="0" ordered="true"/>
							<MultiPassMaterials count="0" ordered="true"/>
						</Element>
						<Element index="6">
							<LayerName>shuizhu_Z_wenli_d_submat</LayerName>
							<ShaderName>Effect/Fresnel</ShaderName>
							<Parameters count="21" ordered="true">
								<Element index="0">
									<Name>DepthBuffer</Name>
									<Value>00000000-0000-0000-0000-000000000000</Value>
								</Element>
								<Element index="1">
									<Name>DiffuseTexture</Name>
									<Value>d4747058-e4ba-5641-9861-7d5a24194ed3</Value>
								</Element>
								<Element index="2">
									<Name>MaskTexture</Name>
									<Value>8faa63b1-a6e6-41c1-ad66-f38bff4f4e45</Value>
								</Element>
								<Element index="3">
									<Name>SSProfilesTextureGlobel</Name>
									<Value>00000000-0000-0000-0000-000000000000</Value>
								</Element>
								<Element index="4">
									<Name>TwistTexture</Name>
									<Value>926a9301-a8ec-4e2b-bdef-cd2cc2cc7a8a</Value>
								</Element>
								<Element index="5">
									<Name>tIRVDayTextureA</Name>
									<Value>00000000-0000-0000-0000-000000000000</Value>
								</Element>
								<Element index="6">
									<Name>tIRVNightTextureA</Name>
									<Value>00000000-0000-0000-0000-000000000000</Value>
								</Element>
								<Element index="7">
									<Name>tScatteringAndTransmittanceVolume</Name>
									<Value>00000000-0000-0000-0000-000000000000</Value>
								</Element>
								<Element index="8">
									<Name>tShadowMapArray</Name>
									<Value>00000000-0000-0000-0000-000000000000</Value>
								</Element>
								<Element index="9">
									<Name>DepthBias</Name>
									<Value>0</Value>
								</Element>
								<Element index="10">
									<Name>FresnelPower</Name>
									<Value>0.5</Value>
								</Element>
								<Element index="11">
									<Name>TwistUVScolling</Name>
									<Value>(1, 1, 0, -0.25)</Value>
								</Element>
								<Element index="12">
									<Name>FresnelAlpha</Name>
									<Value>1</Value>
								</Element>
								<Element index="13">
									<Name>TwistStrength</Name>
									<Value>(0.1, 0.1)</Value>
								</Element>
								<Element index="14">
									<Name>HDRScale</Name>
									<Value>2.5</Value>
								</Element>
								<Element index="15">
									<Name>InvFadeDistance</Name>
									<Value>0</Value>
								</Element>
								<Element index="16">
									<Name>ModulateColor</Name>
									<Value>(22, 5, 5, 5)</Value>
								</Element>
								<Element index="17">
									<Name>DiffuseUVScolling</Name>
									<Value>(1, 1.5, 0, 2)</Value>
								</Element>
								<Element index="18">
									<Name>Soft</Name>
									<Value>0</Value>
								</Element>
								<Element index="19">
									<Name>FogStrength</Name>
									<Value>0</Value>
								</Element>
								<Element index="20">
									<Name>BloomScale</Name>
									<Value>1</Value>
								</Element>
							</Parameters>
							<InactiveParameters count="0" ordered="true"/>
							<MultiPassMaterials count="0" ordered="true"/>
						</Element>
						<Element index="7">
							<LayerName>jieshu_canliu03_submat</LayerName>
							<ShaderName>Particle</ShaderName>
							<Parameters count="18" ordered="true">
								<Element index="0">
									<Name>DepthBuffer</Name>
									<Value>00000000-0000-0000-0000-000000000000</Value>
								</Element>
								<Element index="1">
									<Name>DiffuseTexture</Name>
									<Value>c60d70fc-aa58-4856-9587-775dfd75a196</Value>
								</Element>
								<Element index="2">
									<Name>SSProfilesTextureGlobel</Name>
									<Value>00000000-0000-0000-0000-000000000000</Value>
								</Element>
								<Element index="3">
									<Name>ScreenTexture</Name>
									<Value>00000000-0000-0000-0000-000000000000</Value>
								</Element>
								<Element index="4">
									<Name>tIRVDayTextureA</Name>
									<Value>00000000-0000-0000-0000-000000000000</Value>
								</Element>
								<Element index="5">
									<Name>tIRVNightTextureA</Name>
									<Value>00000000-0000-0000-0000-000000000000</Value>
								</Element>
								<Element index="6">
									<Name>tScatteringAndTransmittanceVolume</Name>
									<Value>00000000-0000-0000-0000-000000000000</Value>
								</Element>
								<Element index="7">
									<Name>tShadowMapArray</Name>
									<Value>00000000-0000-0000-0000-000000000000</Value>
								</Element>
								<Element index="8">
									<Name>InvFadeDistance</Name>
									<Value>0</Value>
								</Element>
								<Element index="9">
									<Name>ModulateColor</Name>
									<Value>(12, 5, 1, 5)</Value>
								</Element>
								<Element index="10">
									<Name>Soft</Name>
									<Value>0</Value>
								</Element>
								<Element index="11">
									<Name>HDRScale</Name>
									<Value>4</Value>
								</Element>
								<Element index="12">
									<Name>UVScale</Name>
									<Value>(1, 1)</Value>
								</Element>
								<Element index="13">
									<Name>Local</Name>
									<Value>1</Value>
								</Element>
								<Element index="14">
									<Name>BloomScale</Name>
									<Value>0.5</Value>
								</Element>
								<Element index="15">
									<Name>FogStrength</Name>
									<Value>0</Value>
								</Element>
								<Element index="16">
									<Name>DepthBias</Name>
									<Value>0</Value>
								</Element>
								<Element index="17">
									<Name>Distortion</Name>
									<Value>0</Value>
								</Element>
							</Parameters>
							<InactiveParameters count="0" ordered="true"/>
							<MultiPassMaterials count="0" ordered="true"/>
						</Element>
						<Element index="8">
							<LayerName>kaishi_star_da1_submat</LayerName>
							<ShaderName>Particle</ShaderName>
							<Parameters count="18" ordered="true">
								<Element index="0">
									<Name>DepthBuffer</Name>
									<Value>00000000-0000-0000-0000-000000000000</Value>
								</Element>
								<Element index="1">
									<Name>DiffuseTexture</Name>
									<Value>e839e9e7-cee3-4ddb-93fb-6925aa53abb1</Value>
								</Element>
								<Element index="2">
									<Name>SSProfilesTextureGlobel</Name>
									<Value>00000000-0000-0000-0000-000000000000</Value>
								</Element>
								<Element index="3">
									<Name>ScreenTexture</Name>
									<Value>00000000-0000-0000-0000-000000000000</Value>
								</Element>
								<Element index="4">
									<Name>tIRVDayTextureA</Name>
									<Value>00000000-0000-0000-0000-000000000000</Value>
								</Element>
								<Element index="5">
									<Name>tIRVNightTextureA</Name>
									<Value>00000000-0000-0000-0000-000000000000</Value>
								</Element>
								<Element index="6">
									<Name>tScatteringAndTransmittanceVolume</Name>
									<Value>00000000-0000-0000-0000-000000000000</Value>
								</Element>
								<Element index="7">
									<Name>tShadowMapArray</Name>
									<Value>00000000-0000-0000-0000-000000000000</Value>
								</Element>
								<Element index="8">
									<Name>InvFadeDistance</Name>
									<Value>20</Value>
								</Element>
								<Element index="9">
									<Name>ModulateColor</Name>
									<Value>(1, 1, 1, 0.5)</Value>
								</Element>
								<Element index="10">
									<Name>Soft</Name>
									<Value>true</Value>
								</Element>
								<Element index="11">
									<Name>HDRScale</Name>
									<Value>3.200001</Value>
								</Element>
								<Element index="12">
									<Name>UVScale</Name>
									<Value>(1, 1)</Value>
								</Element>
								<Element index="13">
									<Name>Local</Name>
									<Value>1</Value>
								</Element>
								<Element index="14">
									<Name>BloomScale</Name>
									<Value>0.5</Value>
								</Element>
								<Element index="15">
									<Name>FogStrength</Name>
									<Value>0</Value>
								</Element>
								<Element index="16">
									<Name>DepthBias</Name>
									<Value>0</Value>
								</Element>
								<Element index="17">
									<Name>Distortion</Name>
									<Value>0</Value>
								</Element>
							</Parameters>
							<InactiveParameters count="0" ordered="true"/>
							<MultiPassMaterials count="0" ordered="true"/>
						</Element>
						<Element index="9">
							<LayerName>kaishi_star_da2_submat</LayerName>
							<ShaderName>Particle</ShaderName>
							<Parameters count="18" ordered="true">
								<Element index="0">
									<Name>DepthBuffer</Name>
									<Value>00000000-0000-0000-0000-000000000000</Value>
								</Element>
								<Element index="1">
									<Name>DiffuseTexture</Name>
									<Value>f70d407c-6e43-4276-8ebc-2534cd66603f</Value>
								</Element>
								<Element index="2">
									<Name>SSProfilesTextureGlobel</Name>
									<Value>00000000-0000-0000-0000-000000000000</Value>
								</Element>
								<Element index="3">
									<Name>ScreenTexture</Name>
									<Value>00000000-0000-0000-0000-000000000000</Value>
								</Element>
								<Element index="4">
									<Name>tIRVDayTextureA</Name>
									<Value>00000000-0000-0000-0000-000000000000</Value>
								</Element>
								<Element index="5">
									<Name>tIRVNightTextureA</Name>
									<Value>00000000-0000-0000-0000-000000000000</Value>
								</Element>
								<Element index="6">
									<Name>tScatteringAndTransmittanceVolume</Name>
									<Value>00000000-0000-0000-0000-000000000000</Value>
								</Element>
								<Element index="7">
									<Name>tShadowMapArray</Name>
									<Value>00000000-0000-0000-0000-000000000000</Value>
								</Element>
								<Element index="8">
									<Name>InvFadeDistance</Name>
									<Value>20</Value>
								</Element>
								<Element index="9">
									<Name>ModulateColor</Name>
									<Value>(1, 1, 1, 5)</Value>
								</Element>
								<Element index="10">
									<Name>Soft</Name>
									<Value>true</Value>
								</Element>
								<Element index="11">
									<Name>HDRScale</Name>
									<Value>3.200001</Value>
								</Element>
								<Element index="12">
									<Name>UVScale</Name>
									<Value>(1, 1)</Value>
								</Element>
								<Element index="13">
									<Name>Local</Name>
									<Value>1</Value>
								</Element>
								<Element index="14">
									<Name>BloomScale</Name>
									<Value>0.5</Value>
								</Element>
								<Element index="15">
									<Name>FogStrength</Name>
									<Value>0</Value>
								</Element>
								<Element index="16">
									<Name>DepthBias</Name>
									<Value>0</Value>
								</Element>
								<Element index="17">
									<Name>Distortion</Name>
									<Value>0</Value>
								</Element>
							</Parameters>
							<InactiveParameters count="0" ordered="true"/>
							<MultiPassMaterials count="0" ordered="true"/>
						</Element>
						<Element index="10">
							<LayerName>kaishi_star_da_submat</LayerName>
							<ShaderName>Particle</ShaderName>
							<Parameters count="18" ordered="true">
								<Element index="0">
									<Name>DepthBuffer</Name>
									<Value>00000000-0000-0000-0000-000000000000</Value>
								</Element>
								<Element index="1">
									<Name>DiffuseTexture</Name>
									<Value>cabc05e1-f941-4a12-98c0-a4f6ba9a230d</Value>
								</Element>
								<Element index="2">
									<Name>SSProfilesTextureGlobel</Name>
									<Value>00000000-0000-0000-0000-000000000000</Value>
								</Element>
								<Element index="3">
									<Name>ScreenTexture</Name>
									<Value>00000000-0000-0000-0000-000000000000</Value>
								</Element>
								<Element index="4">
									<Name>tIRVDayTextureA</Name>
									<Value>00000000-0000-0000-0000-000000000000</Value>
								</Element>
								<Element index="5">
									<Name>tIRVNightTextureA</Name>
									<Value>00000000-0000-0000-0000-000000000000</Value>
								</Element>
								<Element index="6">
									<Name>tScatteringAndTransmittanceVolume</Name>
									<Value>00000000-0000-0000-0000-000000000000</Value>
								</Element>
								<Element index="7">
									<Name>tShadowMapArray</Name>
									<Value>00000000-0000-0000-0000-000000000000</Value>
								</Element>
								<Element index="8">
									<Name>InvFadeDistance</Name>
									<Value>5</Value>
								</Element>
								<Element index="9">
									<Name>ModulateColor</Name>
									<Value>(5, 3, 1, 1.5)</Value>
								</Element>
								<Element index="10">
									<Name>Soft</Name>
									<Value>true</Value>
								</Element>
								<Element index="11">
									<Name>HDRScale</Name>
									<Value>2.1</Value>
								</Element>
								<Element index="12">
									<Name>UVScale</Name>
									<Value>(1, 1)</Value>
								</Element>
								<Element index="13">
									<Name>Local</Name>
									<Value>false</Value>
								</Element>
								<Element index="14">
									<Name>BloomScale</Name>
									<Value>0.6</Value>
								</Element>
								<Element index="15">
									<Name>FogStrength</Name>
									<Value>0</Value>
								</Element>
								<Element index="16">
									<Name>DepthBias</Name>
									<Value>0</Value>
								</Element>
								<Element index="17">
									<Name>Distortion</Name>
									<Value>0</Value>
								</Element>
							</Parameters>
							<InactiveParameters count="0" ordered="true"/>
							<MultiPassMaterials count="0" ordered="true"/>
						</Element>
						<Element index="11">
							<LayerName>qudong01_submat</LayerName>
							<ShaderName>Particle</ShaderName>
							<Parameters count="18" ordered="true">
								<Element index="0">
									<Name>DepthBuffer</Name>
									<Value>00000000-0000-0000-0000-000000000000</Value>
								</Element>
								<Element index="1">
									<Name>DiffuseTexture</Name>
									<Value>ffffffff-0100-0000-0100-00000a000000</Value>
								</Element>
								<Element index="2">
									<Name>SSProfilesTextureGlobel</Name>
									<Value>00000000-0000-0000-0000-000000000000</Value>
								</Element>
								<Element index="3">
									<Name>ScreenTexture</Name>
									<Value>00000000-0000-0000-0000-000000000000</Value>
								</Element>
								<Element index="4">
									<Name>tIRVDayTextureA</Name>
									<Value>00000000-0000-0000-0000-000000000000</Value>
								</Element>
								<Element index="5">
									<Name>tIRVNightTextureA</Name>
									<Value>00000000-0000-0000-0000-000000000000</Value>
								</Element>
								<Element index="6">
									<Name>tScatteringAndTransmittanceVolume</Name>
									<Value>00000000-0000-0000-0000-000000000000</Value>
								</Element>
								<Element index="7">
									<Name>tShadowMapArray</Name>
									<Value>00000000-0000-0000-0000-000000000000</Value>
								</Element>
								<Element index="8">
									<Name>InvFadeDistance</Name>
									<Value>0</Value>
								</Element>
								<Element index="9">
									<Name>ModulateColor</Name>
									<Value>(1.0, 1.0, 1.0, 1.0)</Value>
								</Element>
								<Element index="10">
									<Name>Soft</Name>
									<Value>0</Value>
								</Element>
								<Element index="11">
									<Name>HDRScale</Name>
									<Value>2</Value>
								</Element>
								<Element index="12">
									<Name>UVScale</Name>
									<Value>(1, 1)</Value>
								</Element>
								<Element index="13">
									<Name>Local</Name>
									<Value>1</Value>
								</Element>
								<Element index="14">
									<Name>BloomScale</Name>
									<Value>0</Value>
								</Element>
								<Element index="15">
									<Name>FogStrength</Name>
									<Value>0</Value>
								</Element>
								<Element index="16">
									<Name>DepthBias</Name>
									<Value>0</Value>
								</Element>
								<Element index="17">
									<Name>Distortion</Name>
									<Value>0</Value>
								</Element>
							</Parameters>
							<InactiveParameters count="0" ordered="true"/>
							<MultiPassMaterials count="0" ordered="true"/>
						</Element>
						<Element index="12">
							<LayerName>tou_glow_a_submat</LayerName>
							<ShaderName>Particle</ShaderName>
							<Parameters count="18" ordered="true">
								<Element index="0">
									<Name>DepthBuffer</Name>
									<Value>00000000-0000-0000-0000-000000000000</Value>
								</Element>
								<Element index="1">
									<Name>DiffuseTexture</Name>
									<Value>bfe07645-6d19-444c-a918-451e515dbbcd</Value>
								</Element>
								<Element index="2">
									<Name>SSProfilesTextureGlobel</Name>
									<Value>00000000-0000-0000-0000-000000000000</Value>
								</Element>
								<Element index="3">
									<Name>ScreenTexture</Name>
									<Value>00000000-0000-0000-0000-000000000000</Value>
								</Element>
								<Element index="4">
									<Name>tIRVDayTextureA</Name>
									<Value>00000000-0000-0000-0000-000000000000</Value>
								</Element>
								<Element index="5">
									<Name>tIRVNightTextureA</Name>
									<Value>00000000-0000-0000-0000-000000000000</Value>
								</Element>
								<Element index="6">
									<Name>tScatteringAndTransmittanceVolume</Name>
									<Value>00000000-0000-0000-0000-000000000000</Value>
								</Element>
								<Element index="7">
									<Name>tShadowMapArray</Name>
									<Value>00000000-0000-0000-0000-000000000000</Value>
								</Element>
								<Element index="8">
									<Name>InvFadeDistance</Name>
									<Value>5</Value>
								</Element>
								<Element index="9">
									<Name>ModulateColor</Name>
									<Value>(1, 1, 1, 0.6)</Value>
								</Element>
								<Element index="10">
									<Name>Soft</Name>
									<Value>true</Value>
								</Element>
								<Element index="11">
									<Name>HDRScale</Name>
									<Value>2</Value>
								</Element>
								<Element index="12">
									<Name>UVScale</Name>
									<Value>(1, 1)</Value>
								</Element>
								<Element index="13">
									<Name>Local</Name>
									<Value>1</Value>
								</Element>
								<Element index="14">
									<Name>BloomScale</Name>
									<Value>0.5</Value>
								</Element>
								<Element index="15">
									<Name>FogStrength</Name>
									<Value>0</Value>
								</Element>
								<Element index="16">
									<Name>DepthBias</Name>
									<Value>0</Value>
								</Element>
								<Element index="17">
									<Name>Distortion</Name>
									<Value>0</Value>
								</Element>
							</Parameters>
							<InactiveParameters count="0" ordered="true"/>
							<MultiPassMaterials count="0" ordered="true"/>
						</Element>
					</Layers>
				</info>
				<flags count="13" ordered="true">
					<Element index="0">32</Element>
					<Element index="1">32</Element>
					<Element index="2">1048608</Element>
					<Element index="3">1048608</Element>
					<Element index="4">32</Element>
					<Element index="5">32</Element>
					<Element index="6">1048608</Element>
					<Element index="7">1048608</Element>
					<Element index="8">1048608</Element>
					<Element index="9">1048608</Element>
					<Element index="10">1048608</Element>
					<Element index="11">1048608</Element>
					<Element index="12">1048608</Element>
				</flags>
				<CustomRenderset count="1" ordered="true">
					<Element index="0">0</Element>
				</CustomRenderset>
			</Entity>
		</Root>
	</SMaterialData>
</Resource>

