{
    "custom_editor_type": "custom_editor_icon",
    "describe": "",
    "has_upload": false,
    "key": 134224094,
    "md5": "8f68e3bb6a437614a6ee50b7039c0135",
    "name": "\u6b66\u529f\u6b8b\u5377\u6280\u80fd\u56fe\u6807_0007s_0016_\u80e1\u5bb6\u5200\u6cd5",
    "path": "ui/134224094",
    "res_name": "\u6b66\u529f\u6b8b\u5377\u6280\u80fd\u56fe\u6807_0007s_0016_\u80e1\u5bb6\u5200\u6cd5.png",
    "size": "128X128",
    "sub_type": "icon",
    "uid": "134224094",
    "url": "https://kk3.nosdn.127.net/editor/png/bbfd70e086e9e789a5dfa574ddda0c81.png",
    "version": 1,
    "res_type": "editor_icon",
    "import_export_folder_info": "/code_explorer_custom_root_folder_name/\u6b66\u529f\u56fe\u6807"
}