{
    "custom_editor_type": "custom_editor_icon",
    "describe": "",
    "has_upload": false,
    "key": 134234563,
    "md5": "759a324ca6cdb4863ca2baf144421deb",
    "name": "\u5947\u672f\u5438\u8840UR\u91d1\u949f\u7f69",
    "path": "ui/134234563",
    "res_name": "\u5947\u672f\u5438\u8840UR\u91d1\u949f\u7f69.jpg",
    "size": "200X200",
    "sub_type": "icon",
    "uid": "134234563",
    "url": "https://kk3.nosdn.127.net/editor/jpg/83e39747868f4d088ae89bbe04ce8905.jpg",
    "version": 1,
    "res_type": "editor_icon",
    "import_export_folder_info": "/code_explorer_custom_root_folder_name/\u6b66\u529f\u56fe\u6807"
}