{
    "custom_editor_type": "custom_editor_icon",
    "describe": "",
    "has_upload": false,
    "key": 134258628,
    "md5": "338b113e4bbbee316127d149cc710209",
    "name": "\u8f7b\u529fUR\u97f3\u901f\u8f7b\u529f",
    "path": "ui/134258628",
    "res_name": "\u8f7b\u529fUR\u97f3\u901f\u8f7b\u529f.jpg",
    "size": "200X200",
    "sub_type": "icon",
    "uid": "134258628",
    "url": "https://kk3.nosdn.127.net/editor/jpg/fdfeb4b33893c12f99ad7c54cbccb76f.jpg",
    "version": 1,
    "res_type": "editor_icon",
    "import_export_folder_info": "/code_explorer_custom_root_folder_name/\u6b66\u529f\u56fe\u6807"
}