{
    "custom_editor_type": "custom_editor_icon",
    "describe": "",
    "has_upload": false,
    "import_export_folder_info": "/code_explorer_custom_root_folder_name/\u8d27\u5e01\u6750\u6599",
    "key": 134228945,
    "md5": "7dbee198e496e6a402f65d39fb7bce2d",
    "name": "\u6750\u6599\u56fe\u6807_0000_\u6c14\u56fe\u6807",
    "path": "ui/134228945",
    "res_name": "\u6750\u6599\u56fe\u6807_0000_\u6c14\u56fe\u6807.png",
    "res_type": "editor_icon",
    "size": "100X100",
    "sub_type": "icon",
    "uid": "134228945",
    "url": "https://kk3.nosdn.127.net/editor/png/14201090c10dc12d2feccda428ae918f.png",
    "version": 1
}