{
    "custom_editor_type": "custom_editor_icon",
    "describe": "",
    "has_upload": false,
    "key": 134278753,
    "md5": "9b4cc7f25c381661191b09e9c6f104c3",
    "name": "\u5f02\u672fR\u6885\u82b1\u9635",
    "path": "ui/134278753",
    "res_name": "\u5f02\u672fR\u6885\u82b1\u9635.jpg",
    "size": "200X200",
    "sub_type": "icon",
    "uid": "134278753",
    "url": "https://kk3.nosdn.127.net/editor/jpg/c5c603044ea2a7f70d6d201880e64e9a.jpg",
    "version": 1,
    "res_type": "editor_icon",
    "import_export_folder_info": "/code_explorer_custom_root_folder_name/\u6b66\u529f\u56fe\u6807"
}