{
    "custom_editor_type": "custom_editor_icon",
    "describe": "",
    "has_upload": false,
    "key": 134231577,
    "md5": "5a6a8e5c2ae19e66c1dab965eed26a0e",
    "name": "SkillIcon11150_05",
    "path": "ui/134231577",
    "res_name": "SkillIcon11150_05.png",
    "size": "128X128",
    "sub_type": "icon",
    "uid": "134231577",
    "url": "https://kk3.nosdn.127.net/editor/png/9ddb15754e854ee0835fe07a4ca03a34.png",
    "version": 1,
    "res_type": "editor_icon",
    "import_export_folder_info": "/code_explorer_custom_root_folder_name/\u9053\u5177\u56fe\u6807/\u6218\u6cd5\u65e0\u6846/1\u7ea7"
}