{
    "134246264": {
        "editor_effect": {
            "aoi_visibility": false,
            "deps_info": {
                "deps": [
                    [
                        "editor_model",
                        104803
                    ],
                    [
                        "editor_icon",
                        106329
                    ]
                ],
                "sound_id_list": []
            },
            "describe": "\u84dd\u8272\u5149\u6548\u6cd5\u9635\u7b26\u6587",
            "key": 134246264,
            "md5": "8b076347dc278cf677749097407d1a4e",
            "model_id": 134227994,
            "name": "\u91d1\u521a\u4f0f\u9b54\u5927\u62db",
            "res_identify": "all",
            "res_type": "kkres",
            "scale": 1.0,
            "source_effect": [
                100941,
                104864,
                104843,
                104465,
                102627
            ],
            "uid": 134271446,
            "version": 1
        },
        "model": {
            "custom": true,
            "effect_keep": true,
            "effect_max_boundingbox": [
                -1.5685046911239624,
                -1.3199999332427979,
                -1.5685046911239624,
                1.5685046911239624,
                1.7200000286102295,
                1.5685046911239624
            ],
            "effect_max_life": -1,
            "effect_path": "Fx_Effect/DM1/Fx_Common/Back/Back_DM1_B_chencheng_copy_copy",
            "is_beam_effect": false,
            "meshes": [],
            "model_id": 134227994,
            "name": "\u6b66\u529f\u86e4\u87c6\u529f\u7279\u6548"
        }
    },
    "sub_type": null,
    "res_type": "editor_effect",
    "import_export_folder_info": "/code_explorer_custom_root_folder_name"
}