{
    "custom_editor_type": "custom_editor_icon",
    "describe": "",
    "has_upload": false,
    "key": 134228478,
    "md5": "35152a6e893fee9b1477ffa9f7320bb9",
    "name": "\u5927\u62db\u56fe\u6807_0001s_0004_\u8001\u541b\u767b\u4f4d",
    "path": "ui/134228478",
    "res_name": "\u5927\u62db\u56fe\u6807_0001s_0004_\u8001\u541b\u767b\u4f4d.png",
    "size": "128X128",
    "sub_type": "icon",
    "uid": "134228478",
    "url": "https://kk3.nosdn.127.net/editor/png/67b6a1464bc1e2f7dea692f8ca9f2a30.png",
    "version": 1,
    "res_type": "editor_icon",
    "import_export_folder_info": "/code_explorer_custom_root_folder_name"
}