{
    "custom_editor_type": "custom_editor_icon",
    "describe": "",
    "has_upload": false,
    "key": 134279107,
    "md5": "bdffa2fe561286d7712652e56670e44a",
    "name": "\u795e\u9b42_\u51b0\u7cfb",
    "path": "ui/134279107",
    "res_name": "\u795e\u9b42_\u51b0\u7cfb.png",
    "size": "128X128",
    "sub_type": "icon",
    "uid": "134279107",
    "url": "https://kk3.nosdn.127.net/editor/png/92c52c70896190ea4e87f8f171200c31.png",
    "version": 1,
    "res_type": "editor_icon",
    "import_export_folder_info": "/code_explorer_custom_root_folder_name/\u9053\u5177\u56fe\u6807/\u6218\u6cd5\u65e0\u6846/1\u7ea7"
}