{
    "custom_editor_type": "custom_editor_icon",
    "describe": "",
    "has_upload": false,
    "key": 134280332,
    "md5": "98b417be683c1525ff4f17d0dab53de1",
    "name": "T_SkillIcon_34",
    "path": "ui/134280332",
    "res_name": "T_SkillIcon_34.png",
    "size": "128X128",
    "sub_type": "icon",
    "uid": "134280332",
    "url": "https://kk3.nosdn.127.net/editor/png/e6b4facc361a852954dde37fb0774fc7.png",
    "version": 1,
    "res_type": "editor_icon",
    "import_export_folder_info": "/code_explorer_custom_root_folder_name/\u9053\u5177\u56fe\u6807/\u6218\u6cd5\u65e0\u6846/3\u7ea7"
}