{
    "custom_editor_type": "custom_editor_icon",
    "describe": "",
    "has_upload": false,
    "import_export_folder_info": "/code_explorer_custom_root_folder_name/\u8d27\u5e01\u6750\u6599",
    "key": 134235657,
    "md5": "29664d70cb4df3397cfab21214e46193",
    "name": "\u6750\u6599\u56fe\u6807_0001_\u7b56\u56fe\u6807",
    "path": "ui/134235657",
    "res_name": "\u6750\u6599\u56fe\u6807_0001_\u7b56\u56fe\u6807.png",
    "res_type": "editor_icon",
    "size": "100X100",
    "sub_type": "icon",
    "uid": "134235657",
    "url": "https://kk3.nosdn.127.net/editor/png/d5ae63168c48ba798ec15a70b8d06bd3.png",
    "version": 1
}