{
    "134278079": {
        "editor_effect": {
            "deps_info": {
                "deps": [
                    [
                        "editor_model",
                        206008
                    ],
                    [
                        "editor_icon",
                        902624
                    ],
                    [
                        "editor_icon",
                        902469
                    ],
                    [
                        "editor_icon",
                        902133
                    ],
                    [
                        "editor_icon",
                        900497
                    ],
                    [
                        "editor_icon",
                        901092
                    ],
                    [
                        "editor_icon",
                        901841
                    ],
                    [
                        "editor_icon",
                        901175
                    ],
                    [
                        "editor_icon",
                        902875
                    ]
                ],
                "sound_id_list": []
            },
            "describe": "\u7d2b\u8272\u6b66\u5668\u5f39\u9053\u62d6\u5c3e",
            "editor_res": false,
            "key": 134278079,
            "md5": "feeb41a1547857da120bdf8f6140d29b",
            "model_id": 134258454,
            "name": "\u7d2b\u8272\u6b66\u5668\u5f39\u9053\u62d6\u5c3e",
            "offical_tags": [
                "\u5199\u5b9e",
                "\u9b54\u5e7b",
                "\u7384\u5e7b",
                "\u7d2b\u8272",
                "\u6b66\u5668",
                "\u5f39\u9053\u62d6\u5c3e",
                "\u65cb\u8f6c",
                "\u653b\u51fb",
                "\u6697\u5f71"
            ],
            "preview_icon": "UP1EffectPreview/105067",
            "release_delete": [],
            "res_group": 48,
            "res_identify": "all",
            "res_type": "kkres",
            "scale": 1.0,
            "source_effect": [
                105067,
                102971
            ],
            "uid": "editor_effect_105067",
            "version": 1
        },
        "model": {
            "effect_keep": true,
            "effect_max_boundingbox": [
                -4.261326313018799,
                -4.261325836181641,
                -8.522650718688965,
                4.261326313018799,
                4.261325836181641,
                8.522650718688965
            ],
            "effect_max_life": -1,
            "effect_path": "Fx_Effect/Overseas/Fx_Skill/Ballistic/Ballistic_overseas_900014_attack_a0001_copy",
            "is_beam_effect": false,
            "meshes": [],
            "model_id": 134258454,
            "name": "Ballistic_overseas_900014_attack_a0001"
        }
    },
    "sub_type": null,
    "res_type": "editor_effect",
    "import_export_folder_info": "/code_explorer_custom_root_folder_name"
}