{
    "custom_editor_type": "custom_editor_icon",
    "describe": "",
    "has_upload": false,
    "key": 134277479,
    "md5": "ddab76b130b907872c274f8a30015d3b",
    "name": "SkillIcon12492_02",
    "path": "ui/134277479",
    "res_name": "SkillIcon12492_02.png",
    "size": "128X128",
    "sub_type": "icon",
    "uid": "134277479",
    "url": "https://kk3.nosdn.127.net/editor/png/e7a1fec31ee4e05cb18080582e7ef29c.png",
    "version": 1,
    "res_type": "editor_icon",
    "import_export_folder_info": "/code_explorer_custom_root_folder_name/\u9053\u5177\u56fe\u6807/\u6218\u6cd5\u65e0\u6846/3\u7ea7"
}