{
    "134263862": {
        "editor_effect": {
            "describe": "\u7ea2\u8272\u706b\u7130\u5f39\u9053\u62d6\u5c3e",
            "editor_res": false,
            "key": 134263862,
            "model_id": 134217789,
            "name": "\u7eff\u8272\u706b\u7130\u5f39\u9053\u62d6\u5c3e",
            "preview_icon": "UP1EffectPreview/105694",
            "release_delete": [],
            "res_identify": "all",
            "res_type": "kkres",
            "scale": 1.0,
            "uid": "editor_effect_105694",
            "md5": "d812c0e43fed2a0e3d84e529c048b482",
            "source_effect": [],
            "deps_info": {
                "deps": [
                    [
                        "editor_icon",
                        902624
                    ],
                    [
                        "editor_icon",
                        903375
                    ],
                    [
                        "editor_icon",
                        903092
                    ],
                    [
                        "editor_icon",
                        900887
                    ],
                    [
                        "editor_icon",
                        903083
                    ],
                    [
                        "editor_icon",
                        902119
                    ],
                    [
                        "editor_icon",
                        901841
                    ],
                    [
                        "editor_icon",
                        901608
                    ]
                ],
                "sound_id_list": []
            },
            "version": 1
        },
        "model": {
            "effect_keep": true,
            "effect_max_life": -1,
            "effect_path": "Fx_Effect/Z1/Fx_Skill/Ballistic/Ballistic_Z1_600010_ability1_a02_copy_copy",
            "meshes": [],
            "model_id": 134217789,
            "name": "Ballistic_Z1_600010_ability1_a02",
            "is_beam_effect": false
        }
    },
    "sub_type": null,
    "res_type": "editor_effect",
    "import_export_folder_info": "/code_explorer_custom_root_folder_name"
}