{
    "134252453": {
        "editor_effect": {
            "deps_info": {
                "deps": [
                    [
                        "editor_model",
                        205191
                    ],
                    [
                        "editor_icon",
                        902469
                    ],
                    [
                        "editor_icon",
                        902497
                    ],
                    [
                        "editor_icon",
                        903139
                    ],
                    [
                        "editor_icon",
                        903307
                    ],
                    [
                        "editor_icon",
                        900217
                    ],
                    [
                        "editor_icon",
                        901361
                    ],
                    [
                        "editor_icon",
                        901233
                    ],
                    [
                        "editor_icon",
                        900198
                    ],
                    [
                        "editor_icon",
                        903264
                    ],
                    [
                        "editor_icon",
                        902607
                    ],
                    [
                        "editor_icon",
                        901463
                    ],
                    [
                        "editor_icon",
                        901900
                    ],
                    [
                        "editor_icon",
                        902049
                    ],
                    [
                        "editor_icon",
                        902709
                    ],
                    [
                        "editor_icon",
                        900493
                    ],
                    [
                        "editor_icon",
                        902021
                    ],
                    [
                        "editor_icon",
                        900560
                    ],
                    [
                        "editor_icon",
                        901883
                    ]
                ],
                "sound_id_list": []
            },
            "describe": "134252453",
            "key": 134252453,
            "md5": "c5ec7c82ea5eae1f56a43f473f9d68e9",
            "model_id": 134252544,
            "name": "\u84dd\u8272\u52a8\u7269\u65cb\u6da1",
            "preview_icon": "",
            "res_identify": "",
            "res_type": "kkres",
            "scale": 1.0,
            "source_effect": [
                104380
            ],
            "uid": "134252453",
            "version": 1
        },
        "model": {
            "custom": true,
            "effect_keep": true,
            "effect_max_life": -1,
            "effect_path": "Fx_Effect/Overseas/Fx_Skill/Water/Water_overseas_900029_ability1_a0001_copy",
            "is_beam_effect": false,
            "meshes": [],
            "model_id": 134252544,
            "name": "\u84dd\u8272\u52a8\u7269\u65cb\u6da1"
        }
    },
    "sub_type": null,
    "res_type": "editor_effect",
    "import_export_folder_info": "/code_explorer_custom_root_folder_name"
}