{
    "custom_editor_type": "custom_editor_icon",
    "describe": "",
    "has_upload": false,
    "key": 134278820,
    "md5": "7c2a72be57a6589fd411f95124df2c70",
    "name": "\u653b\u6b66\u905313",
    "path": "ui/134278820",
    "res_name": "\u653b\u6b66\u905313.png",
    "size": "128X128",
    "sub_type": "icon",
    "uid": "134278820",
    "url": "https://kk3.nosdn.127.net/editor/png/dd6f57e3236d7399943926ead892f26c.png",
    "version": 1,
    "res_type": "editor_icon",
    "import_export_folder_info": "/code_explorer_custom_root_folder_name/\u9053\u5177\u56fe\u6807/\u6218\u6cd5\u65e0\u6846/4\u7ea7"
}