{
    "custom_editor_type": "custom_editor_icon",
    "describe": "",
    "has_upload": false,
    "key": 134282533,
    "md5": "bba4baa2f8b75b978dfeeb149d087a7b",
    "name": "T_BarrackTech_20",
    "path": "ui/134282533",
    "res_name": "T_BarrackTech_20.png",
    "size": "128X128",
    "sub_type": "icon",
    "uid": "134282533",
    "url": "https://kk3.nosdn.127.net/editor/png/792a22f370ad578235374cfd27ad36f6.png",
    "version": 1,
    "res_type": "editor_icon",
    "import_export_folder_info": "/code_explorer_custom_root_folder_name/\u9053\u5177\u56fe\u6807/\u6218\u6cd5\u65e0\u6846/1\u7ea7"
}