{
    "custom_editor_type": "custom_editor_icon",
    "describe": "",
    "has_upload": false,
    "key": 134244297,
    "md5": "0ae5516b12c57cef52a41ffc2b87a18b",
    "name": "SkillIcon11122_02",
    "path": "ui/134244297",
    "res_name": "SkillIcon11122_02.png",
    "size": "128X128",
    "sub_type": "icon",
    "uid": "134244297",
    "url": "https://kk3.nosdn.127.net/editor/png/3ef1a19a133234bdf0065f0da7c246f3.png",
    "version": 1,
    "res_type": "editor_icon",
    "import_export_folder_info": "/code_explorer_custom_root_folder_name/\u9053\u5177\u56fe\u6807/\u6218\u6cd5\u65e0\u6846/1\u7ea7"
}