{
    "custom_editor_type": "custom_editor_icon",
    "describe": "",
    "has_upload": false,
    "key": 134271840,
    "md5": "651c26bdd7ff9bf5f70ac42b5151781f",
    "name": "SkillIcon11131_04",
    "path": "ui/134271840",
    "res_name": "SkillIcon11131_04.png",
    "size": "128X128",
    "sub_type": "icon",
    "uid": "134271840",
    "url": "https://kk3.nosdn.127.net/editor/png/6ff84029084d24e748cb41e6be989e96.png",
    "version": 1,
    "res_type": "editor_icon",
    "import_export_folder_info": "/code_explorer_custom_root_folder_name/\u9053\u5177\u56fe\u6807/\u6218\u6cd5\u65e0\u6846/1\u7ea7"
}