{
    "custom_editor_type": "custom_editor_icon",
    "describe": "",
    "has_upload": false,
    "key": 134258586,
    "md5": "acf4b030b2ac47e85ebf9ee64a40effb",
    "name": "\u8fd1\u6218\u5251\u6cd5SSR\u8f9f\u90aa\u5251\u6cd5",
    "path": "ui/134258586",
    "res_name": "\u8fd1\u6218\u5251\u6cd5SSR\u8f9f\u90aa\u5251\u6cd5.jpg",
    "size": "200X200",
    "sub_type": "icon",
    "uid": "134258586",
    "url": "https://kk3.nosdn.127.net/editor/jpg/d6324254c3e9a98d8ddfb2ca3f9e3bb1.jpg",
    "version": 1,
    "res_type": "editor_icon",
    "import_export_folder_info": "/code_explorer_custom_root_folder_name/\u6b66\u529f\u56fe\u6807"
}