{
    "custom_editor_type": "custom_editor_icon",
    "describe": "",
    "has_upload": false,
    "key": 134240356,
    "md5": "e9c27dcf9a8a80bbf03db69455f736ed",
    "name": "\u7ecf\u8109-\u66b4\u51fb\u9632\u5fa1",
    "path": "ui/134240356",
    "res_name": "\u7ecf\u8109-\u66b4\u51fb\u9632\u5fa1.png",
    "size": "128X128",
    "sub_type": "icon",
    "uid": "134240356",
    "url": "https://kk3.nosdn.127.net/editor/png/f7eb8f8b9f46962f4e64e1d520d8d0ba.png",
    "version": 1,
    "res_type": "editor_icon",
    "import_export_folder_info": "/code_explorer_custom_root_folder_name/\u9053\u5177\u56fe\u6807/\u6218\u6cd5\u65e0\u6846/1\u7ea7"
}