{
    "custom_editor_type": "custom_editor_icon",
    "describe": "",
    "has_upload": false,
    "key": 134249204,
    "md5": "b3a7b2bc4e6f0bc375be30c5314d420b",
    "name": "\u5927\u62db\u56fe\u6807_0000s_0006_\u629a\u7434\u6309\u7bab",
    "path": "ui/134249204",
    "res_name": "\u5927\u62db\u56fe\u6807_0000s_0006_\u629a\u7434\u6309\u7bab.png",
    "size": "128X128",
    "sub_type": "icon",
    "uid": "134249204",
    "url": "https://kk3.nosdn.127.net/editor/png/2a24d51e3df1491f895b7504fe85f658.png",
    "version": 1,
    "res_type": "editor_icon",
    "import_export_folder_info": "/code_explorer_custom_root_folder_name"
}