{
    "custom_editor_type": "custom_editor_icon",
    "describe": "",
    "has_upload": false,
    "key": 134266540,
    "md5": "3b2d4656bde2165268cbe3d5ae9a0baf",
    "name": "\u6cd5\u5251\u6280\u80fd-\u51b0\u971c\u62a4\u9635",
    "path": "ui/134266540",
    "res_name": "\u6cd5\u5251\u6280\u80fd-\u51b0\u971c\u62a4\u9635.png",
    "size": "128X128",
    "sub_type": "icon",
    "uid": "134266540",
    "url": "https://kk3.nosdn.127.net/editor/png/b857fc7a7258687c6feb171c06e5082b.png",
    "version": 1,
    "res_type": "editor_icon",
    "import_export_folder_info": "/code_explorer_custom_root_folder_name/\u9053\u5177\u56fe\u6807/\u6218\u6cd5\u65e0\u6846/3\u7ea7"
}