{
    "custom_editor_type": "custom_editor_icon",
    "describe": "",
    "has_upload": false,
    "key": 134273590,
    "md5": "1a4ee78c32635ecf17a96398dace6f9f",
    "name": "\u7075\u9b42\u4e4b\u7eb1",
    "path": "ui/134273590",
    "res_name": "\u7075\u9b42\u4e4b\u7eb1.png",
    "size": "600X600",
    "sub_type": "icon",
    "uid": "134273590",
    "url": "https://kk3.nosdn.127.net/editor/png/ba7f3d9577d801c32325126d5d6a5a09.png",
    "version": 1,
    "res_type": "editor_icon",
    "import_export_folder_info": "/code_explorer_custom_root_folder_name/\u9053\u5177\u56fe\u6807/\u6218\u6cd5\u65e0\u6846/\u8ffd\u52a0\u6218\u6cd5"
}