{
    "custom_editor_type": "custom_editor_icon",
    "describe": "",
    "has_upload": false,
    "key": 134236068,
    "md5": "4a26a418930c0eb8f9cce0ce4235462b",
    "name": "\u7ecf\u8109-\u66b4\u51fb",
    "path": "ui/134236068",
    "res_name": "\u7ecf\u8109-\u66b4\u51fb.png",
    "size": "128X128",
    "sub_type": "icon",
    "uid": "134236068",
    "url": "https://kk3.nosdn.127.net/editor/png/138416b9538ab94bad6d290d93236d81.png",
    "version": 1,
    "res_type": "editor_icon",
    "import_export_folder_info": "/code_explorer_custom_root_folder_name/\u9053\u5177\u56fe\u6807/\u6218\u6cd5\u65e0\u6846/3\u7ea7"
}