<?xml version="1.0" encoding="utf-8"?>
<Resource>
	<Version>2</Version>
	<SMaterialData>
		<Root>
			<Sub/>
			<Entity type="SMaterialData">
				<name/>
				<info>
					<Layers count="6" ordered="true">
						<Element index="0">
							<LayerName>Xuedi02_submat</LayerName>
							<ShaderName>Particle</ShaderName>
							<Parameters count="19" ordered="true">
								<Element index="0">
									<Name>DepthBuffer</Name>
									<Value>00000000-0000-0000-0000-000000000000</Value>
								</Element>
								<Element index="1">
									<Name>DiffuseTexture</Name>
									<Value>84d97a85-013c-43e0-a544-2fb696a91305</Value>
								</Element>
								<Element index="2">
									<Name>ScreenTexture</Name>
									<Value>00000000-0000-0000-0000-000000000000</Value>
								</Element>
								<Element index="3">
									<Name>SSProfilesTextureGlobel</Name>
									<Value>00000000-0000-0000-0000-000000000000</Value>
								</Element>
								<Element index="4">
									<Name>tIRVDayTextureA</Name>
									<Value>00000000-0000-0000-0000-000000000000</Value>
								</Element>
								<Element index="5">
									<Name>tShadowMapArray</Name>
									<Value>00000000-0000-0000-0000-000000000000</Value>
								</Element>
								<Element index="6">
									<Name>tIRVNightTextureA</Name>
									<Value>00000000-0000-0000-0000-000000000000</Value>
								</Element>
								<Element index="7">
									<Name>tScatteringAndTransmittanceVolume</Name>
									<Value>00000000-0000-0000-0000-000000000000</Value>
								</Element>
								<Element index="8">
									<Name>AdditionColor</Name>
									<Value>(1,1,1,1)</Value>
								</Element>
								<Element index="9">
									<Name>InvFadeDistance</Name>
									<Value>0</Value>
								</Element>
								<Element index="10">
									<Name>Soft</Name>
									<Value>false</Value>
								</Element>
								<Element index="11">
									<Name>BloomScale</Name>
									<Value>0.5</Value>
								</Element>
								<Element index="12">
									<Name>Local</Name>
									<Value>true</Value>
								</Element>
								<Element index="13">
									<Name>Distortion</Name>
									<Value>false</Value>
								</Element>
								<Element index="14">
									<Name>DepthBias</Name>
									<Value>0</Value>
								</Element>
								<Element index="15">
									<Name>FogStrength</Name>
									<Value>0</Value>
								</Element>
								<Element index="16">
									<Name>HDRScale</Name>
									<Value>2</Value>
								</Element>
								<Element index="17">
									<Name>ModulateColor</Name>
									<Value>(1,1,1,4)</Value>
								</Element>
								<Element index="18">
									<Name>UVScale</Name>
									<Value>(1,1)</Value>
								</Element>
							</Parameters>
							<MultiPassMaterials count="0" ordered="true"/>
						</Element>
						<Element index="1">
							<LayerName>Glow005_submat</LayerName>
							<ShaderName>Particle</ShaderName>
							<Parameters count="19" ordered="true">
								<Element index="0">
									<Name>DepthBuffer</Name>
									<Value>00000000-0000-0000-0000-000000000000</Value>
								</Element>
								<Element index="1">
									<Name>DiffuseTexture</Name>
									<Value>a70b8b96-dcdd-4b77-b812-33506e8828ba</Value>
								</Element>
								<Element index="2">
									<Name>ScreenTexture</Name>
									<Value>00000000-0000-0000-0000-000000000000</Value>
								</Element>
								<Element index="3">
									<Name>SSProfilesTextureGlobel</Name>
									<Value>00000000-0000-0000-0000-000000000000</Value>
								</Element>
								<Element index="4">
									<Name>tIRVDayTextureA</Name>
									<Value>00000000-0000-0000-0000-000000000000</Value>
								</Element>
								<Element index="5">
									<Name>tShadowMapArray</Name>
									<Value>00000000-0000-0000-0000-000000000000</Value>
								</Element>
								<Element index="6">
									<Name>tIRVNightTextureA</Name>
									<Value>00000000-0000-0000-0000-000000000000</Value>
								</Element>
								<Element index="7">
									<Name>tScatteringAndTransmittanceVolume</Name>
									<Value>00000000-0000-0000-0000-000000000000</Value>
								</Element>
								<Element index="8">
									<Name>AdditionColor</Name>
									<Value>(1,1,1,1)</Value>
								</Element>
								<Element index="9">
									<Name>InvFadeDistance</Name>
									<Value>2.5</Value>
								</Element>
								<Element index="10">
									<Name>Soft</Name>
									<Value>true</Value>
								</Element>
								<Element index="11">
									<Name>BloomScale</Name>
									<Value>0.5</Value>
								</Element>
								<Element index="12">
									<Name>Local</Name>
									<Value>true</Value>
								</Element>
								<Element index="13">
									<Name>Distortion</Name>
									<Value>false</Value>
								</Element>
								<Element index="14">
									<Name>DepthBias</Name>
									<Value>0</Value>
								</Element>
								<Element index="15">
									<Name>FogStrength</Name>
									<Value>0</Value>
								</Element>
								<Element index="16">
									<Name>HDRScale</Name>
									<Value>3</Value>
								</Element>
								<Element index="17">
									<Name>ModulateColor</Name>
									<Value>(4,4,4,2)</Value>
								</Element>
								<Element index="18">
									<Name>UVScale</Name>
									<Value>(1,1)</Value>
								</Element>
							</Parameters>
							<MultiPassMaterials count="0" ordered="true"/>
						</Element>
						<Element index="2">
							<LayerName>Glow01_submat</LayerName>
							<ShaderName>Particle</ShaderName>
							<Parameters count="19" ordered="true">
								<Element index="0">
									<Name>DepthBuffer</Name>
									<Value>00000000-0000-0000-0000-000000000000</Value>
								</Element>
								<Element index="1">
									<Name>DiffuseTexture</Name>
									<Value>e8b892dc-ffd9-5c5b-b9f1-b17aff83d618</Value>
								</Element>
								<Element index="2">
									<Name>ScreenTexture</Name>
									<Value>00000000-0000-0000-0000-000000000000</Value>
								</Element>
								<Element index="3">
									<Name>SSProfilesTextureGlobel</Name>
									<Value>00000000-0000-0000-0000-000000000000</Value>
								</Element>
								<Element index="4">
									<Name>tIRVDayTextureA</Name>
									<Value>00000000-0000-0000-0000-000000000000</Value>
								</Element>
								<Element index="5">
									<Name>tShadowMapArray</Name>
									<Value>00000000-0000-0000-0000-000000000000</Value>
								</Element>
								<Element index="6">
									<Name>tIRVNightTextureA</Name>
									<Value>00000000-0000-0000-0000-000000000000</Value>
								</Element>
								<Element index="7">
									<Name>tScatteringAndTransmittanceVolume</Name>
									<Value>00000000-0000-0000-0000-000000000000</Value>
								</Element>
								<Element index="8">
									<Name>AdditionColor</Name>
									<Value>(1,1,1,1)</Value>
								</Element>
								<Element index="9">
									<Name>InvFadeDistance</Name>
									<Value>4</Value>
								</Element>
								<Element index="10">
									<Name>Soft</Name>
									<Value>true</Value>
								</Element>
								<Element index="11">
									<Name>BloomScale</Name>
									<Value>0.5</Value>
								</Element>
								<Element index="12">
									<Name>Local</Name>
									<Value>true</Value>
								</Element>
								<Element index="13">
									<Name>Distortion</Name>
									<Value>false</Value>
								</Element>
								<Element index="14">
									<Name>DepthBias</Name>
									<Value>0</Value>
								</Element>
								<Element index="15">
									<Name>FogStrength</Name>
									<Value>0</Value>
								</Element>
								<Element index="16">
									<Name>HDRScale</Name>
									<Value>2</Value>
								</Element>
								<Element index="17">
									<Name>ModulateColor</Name>
									<Value>(1,1,1,1)</Value>
								</Element>
								<Element index="18">
									<Name>UVScale</Name>
									<Value>(1,1)</Value>
								</Element>
							</Parameters>
							<MultiPassMaterials count="0" ordered="true"/>
						</Element>
						<Element index="3">
							<LayerName>smoke01_submat</LayerName>
							<ShaderName>Particle</ShaderName>
							<Parameters count="19" ordered="true">
								<Element index="0">
									<Name>DepthBuffer</Name>
									<Value>00000000-0000-0000-0000-000000000000</Value>
								</Element>
								<Element index="1">
									<Name>DiffuseTexture</Name>
									<Value>daae7ac1-b032-4d49-ad5a-23f7df829ba6</Value>
								</Element>
								<Element index="2">
									<Name>ScreenTexture</Name>
									<Value>00000000-0000-0000-0000-000000000000</Value>
								</Element>
								<Element index="3">
									<Name>SSProfilesTextureGlobel</Name>
									<Value>00000000-0000-0000-0000-000000000000</Value>
								</Element>
								<Element index="4">
									<Name>tIRVDayTextureA</Name>
									<Value>00000000-0000-0000-0000-000000000000</Value>
								</Element>
								<Element index="5">
									<Name>tShadowMapArray</Name>
									<Value>00000000-0000-0000-0000-000000000000</Value>
								</Element>
								<Element index="6">
									<Name>tIRVNightTextureA</Name>
									<Value>00000000-0000-0000-0000-000000000000</Value>
								</Element>
								<Element index="7">
									<Name>tScatteringAndTransmittanceVolume</Name>
									<Value>00000000-0000-0000-0000-000000000000</Value>
								</Element>
								<Element index="8">
									<Name>AdditionColor</Name>
									<Value>(1,1,1,1)</Value>
								</Element>
								<Element index="9">
									<Name>InvFadeDistance</Name>
									<Value>2.5</Value>
								</Element>
								<Element index="10">
									<Name>Soft</Name>
									<Value>true</Value>
								</Element>
								<Element index="11">
									<Name>BloomScale</Name>
									<Value>0.5</Value>
								</Element>
								<Element index="12">
									<Name>Local</Name>
									<Value>true</Value>
								</Element>
								<Element index="13">
									<Name>Distortion</Name>
									<Value>false</Value>
								</Element>
								<Element index="14">
									<Name>DepthBias</Name>
									<Value>0</Value>
								</Element>
								<Element index="15">
									<Name>FogStrength</Name>
									<Value>0</Value>
								</Element>
								<Element index="16">
									<Name>HDRScale</Name>
									<Value>2</Value>
								</Element>
								<Element index="17">
									<Name>ModulateColor</Name>
									<Value>(1,1,1,2)</Value>
								</Element>
								<Element index="18">
									<Name>UVScale</Name>
									<Value>(1,1)</Value>
								</Element>
							</Parameters>
							<MultiPassMaterials count="0" ordered="true"/>
						</Element>
						<Element index="4">
							<LayerName>blood01_submat</LayerName>
							<ShaderName>Particle</ShaderName>
							<Parameters count="19" ordered="true">
								<Element index="0">
									<Name>DepthBuffer</Name>
									<Value>00000000-0000-0000-0000-000000000000</Value>
								</Element>
								<Element index="1">
									<Name>DiffuseTexture</Name>
									<Value>8b577182-22f3-55f3-b826-ef1168c9bc86</Value>
								</Element>
								<Element index="2">
									<Name>ScreenTexture</Name>
									<Value>00000000-0000-0000-0000-000000000000</Value>
								</Element>
								<Element index="3">
									<Name>SSProfilesTextureGlobel</Name>
									<Value>00000000-0000-0000-0000-000000000000</Value>
								</Element>
								<Element index="4">
									<Name>tIRVDayTextureA</Name>
									<Value>00000000-0000-0000-0000-000000000000</Value>
								</Element>
								<Element index="5">
									<Name>tShadowMapArray</Name>
									<Value>00000000-0000-0000-0000-000000000000</Value>
								</Element>
								<Element index="6">
									<Name>tIRVNightTextureA</Name>
									<Value>00000000-0000-0000-0000-000000000000</Value>
								</Element>
								<Element index="7">
									<Name>tScatteringAndTransmittanceVolume</Name>
									<Value>00000000-0000-0000-0000-000000000000</Value>
								</Element>
								<Element index="8">
									<Name>AdditionColor</Name>
									<Value>(1,1,1,1)</Value>
								</Element>
								<Element index="9">
									<Name>InvFadeDistance</Name>
									<Value>2.5</Value>
								</Element>
								<Element index="10">
									<Name>Soft</Name>
									<Value>true</Value>
								</Element>
								<Element index="11">
									<Name>BloomScale</Name>
									<Value>0.5</Value>
								</Element>
								<Element index="12">
									<Name>Local</Name>
									<Value>true</Value>
								</Element>
								<Element index="13">
									<Name>Distortion</Name>
									<Value>false</Value>
								</Element>
								<Element index="14">
									<Name>DepthBias</Name>
									<Value>0</Value>
								</Element>
								<Element index="15">
									<Name>FogStrength</Name>
									<Value>0</Value>
								</Element>
								<Element index="16">
									<Name>HDRScale</Name>
									<Value>2</Value>
								</Element>
								<Element index="17">
									<Name>ModulateColor</Name>
									<Value>(1,1,1,1)</Value>
								</Element>
								<Element index="18">
									<Name>UVScale</Name>
									<Value>(1,1)</Value>
								</Element>
							</Parameters>
							<MultiPassMaterials count="0" ordered="true"/>
						</Element>
						<Element index="5">
							<LayerName>M1_submat</LayerName>
							<ShaderName>Effect/Twisted</ShaderName>
							<Parameters count="23" ordered="true">
								<Element index="0">
									<Name>DepthBuffer</Name>
									<Value>00000000-0000-0000-0000-000000000000</Value>
								</Element>
								<Element index="1">
									<Name>DiffuseTexture</Name>
									<Value>00000000-0000-0000-0000-000000000000</Value>
								</Element>
								<Element index="2">
									<Name>tIRVNightTextureA</Name>
									<Value>00000000-0000-0000-0000-000000000000</Value>
								</Element>
								<Element index="3">
									<Name>MaskTexture</Name>
									<Value>c7a55f38-7caa-4c96-8663-ce8e296c69ed</Value>
								</Element>
								<Element index="4">
									<Name>TwistTexture</Name>
									<Value>00000000-0000-0000-0000-000000000000</Value>
								</Element>
								<Element index="5">
									<Name>SSProfilesTextureGlobel</Name>
									<Value>00000000-0000-0000-0000-000000000000</Value>
								</Element>
								<Element index="6">
									<Name>tIRVDayTextureA</Name>
									<Value>00000000-0000-0000-0000-000000000000</Value>
								</Element>
								<Element index="7">
									<Name>tScatteringAndTransmittanceVolume</Name>
									<Value>00000000-0000-0000-0000-000000000000</Value>
								</Element>
								<Element index="8">
									<Name>tShadowMapArray</Name>
									<Value>00000000-0000-0000-0000-000000000000</Value>
								</Element>
								<Element index="9">
									<Name>AdditionColor</Name>
									<Value>(1,1,1,1)</Value>
								</Element>
								<Element index="10">
									<Name>Soft</Name>
									<Value>false</Value>
								</Element>
								<Element index="11">
									<Name>BloomScale</Name>
									<Value>0.5</Value>
								</Element>
								<Element index="12">
									<Name>DepthBias</Name>
									<Value>0</Value>
								</Element>
								<Element index="13">
									<Name>ModulateColor</Name>
									<Value>(1,1,1,2)</Value>
								</Element>
								<Element index="14">
									<Name>DiffuseUVScolling</Name>
									<Value>(1,1,0,0)</Value>
								</Element>
								<Element index="15">
									<Name>FogStrength</Name>
									<Value>0</Value>
								</Element>
								<Element index="16">
									<Name>HDRScale</Name>
									<Value>2</Value>
								</Element>
								<Element index="17">
									<Name>MaskMapEnable</Name>
									<Value>false</Value>
								</Element>
								<Element index="18">
									<Name>TwistStrength</Name>
									<Value>(0.10000000149011612,0.10000000149011612)</Value>
								</Element>
								<Element index="19">
									<Name>TwistUVScolling</Name>
									<Value>(1,1,0,0)</Value>
								</Element>
								<Element index="20">
									<Name>Local</Name>
									<Value>true</Value>
								</Element>
								<Element index="21">
									<Name>Distortion</Name>
									<Value>false</Value>
								</Element>
								<Element index="22">
									<Name>InvFadeDistance</Name>
									<Value>0</Value>
								</Element>
							</Parameters>
							<MultiPassMaterials count="0" ordered="true"/>
						</Element>
					</Layers>
				</info>
				<flags count="6" ordered="true">
					<Element index="0">1048608</Element>
					<Element index="1">1048608</Element>
					<Element index="2">3145760</Element>
					<Element index="3">1048608</Element>
					<Element index="4">1048608</Element>
					<Element index="5">1048608</Element>
				</flags>
				<customRenderset count="6" ordered="true">
					<Element index="0">0</Element>
					<Element index="1">0</Element>
					<Element index="2">0</Element>
					<Element index="3">0</Element>
					<Element index="4">0</Element>
					<Element index="5">0</Element>
				</customRenderset>
			</Entity>
		</Root>
	</SMaterialData>
</Resource>
