{
    "custom_editor_type": "custom_editor_icon",
    "describe": "",
    "has_upload": false,
    "key": 134227706,
    "md5": "dfd07f61b8e780062a37c2e73671fe9e",
    "name": "SkillIcon12494_03",
    "path": "ui/134227706",
    "res_name": "SkillIcon12494_03.png",
    "size": "128X128",
    "sub_type": "icon",
    "uid": "134227706",
    "url": "https://kk3.nosdn.127.net/editor/png/e6d2403b769d22bf86e3fbe179b3617b.png",
    "version": 1,
    "res_type": "editor_icon",
    "import_export_folder_info": "/code_explorer_custom_root_folder_name/\u9053\u5177\u56fe\u6807/\u6218\u6cd5\u65e0\u6846/4\u7ea7"
}