{
    "custom_editor_type": "custom_editor_icon",
    "describe": "",
    "has_upload": false,
    "key": 134277692,
    "md5": "5389dbbec4e05e447ed564cf57698fbe",
    "name": "\u8fd1\u6218\u5200\u6cd5UR\u706b\u7130\u5200\u6cd5",
    "path": "ui/134277692",
    "res_name": "\u8fd1\u6218\u5200\u6cd5UR\u706b\u7130\u5200\u6cd5.jpg",
    "size": "200X200",
    "sub_type": "icon",
    "uid": "134277692",
    "url": "https://kk3.nosdn.127.net/editor/jpg/8520852dc49ca3e174acff8328b5a19b.jpg",
    "version": 1,
    "res_type": "editor_icon",
    "import_export_folder_info": "/code_explorer_custom_root_folder_name/\u6b66\u529f\u56fe\u6807"
}