{
    "custom_editor_type": "custom_editor_icon",
    "describe": "",
    "has_upload": false,
    "key": 134280664,
    "md5": "a640a8baadf38e4bc872cad347658fd4",
    "name": "\u6b66\u529f\u6b8b\u5377\u6280\u80fd\u56fe\u6807_0006s_0000_\u5927\u6f20\u7bad\u6cd5",
    "path": "ui/134280664",
    "res_name": "\u6b66\u529f\u6b8b\u5377\u6280\u80fd\u56fe\u6807_0006s_0000_\u5927\u6f20\u7bad\u6cd5.png",
    "size": "128X128",
    "sub_type": "icon",
    "uid": "134280664",
    "url": "https://kk3.nosdn.127.net/editor/png/d9baeb0ae3f5efd6c0b4fc303921b975.png",
    "version": 1,
    "res_type": "editor_icon",
    "import_export_folder_info": "/code_explorer_custom_root_folder_name/\u6b66\u529f\u56fe\u6807"
}