{
    "custom_editor_type": "custom_editor_icon",
    "describe": "",
    "has_upload": false,
    "key": 134252048,
    "md5": "2bc4cb7e3db2702d2f261bbc48fe0ec5",
    "name": "SkillIcon11106_02",
    "path": "ui/134252048",
    "res_name": "SkillIcon11106_02.png",
    "size": "128X128",
    "sub_type": "icon",
    "uid": "134252048",
    "version": 1,
    "res_type": "editor_icon",
    "import_export_folder_info": "/code_explorer_custom_root_folder_name/\u9053\u5177\u56fe\u6807/\u6218\u6cd5\u65e0\u6846/1\u7ea7"
}