{
    "custom_editor_type": "custom_editor_icon",
    "describe": "",
    "has_upload": false,
    "key": 134270540,
    "md5": "7cbbbe0588aed7668ca224f87c68b927",
    "name": "T_MasterSkill_12",
    "path": "ui/134270540",
    "res_name": "T_MasterSkill_12.png",
    "size": "128X128",
    "sub_type": "icon",
    "uid": "134270540",
    "url": "https://kk3.nosdn.127.net/editor/png/60e8f2a3cd7a0cfe1d871887afca9182.png",
    "version": 1,
    "res_type": "editor_icon",
    "import_export_folder_info": "/code_explorer_custom_root_folder_name/\u9053\u5177\u56fe\u6807/\u6218\u6cd5\u65e0\u6846/2\u7ea7"
}