{
    "custom_editor_type": "custom_editor_icon",
    "describe": "",
    "has_upload": false,
    "key": 134257658,
    "md5": "56dee5127ca11b26991348090e227e2e",
    "name": "SkillIcon11132_01",
    "path": "ui/134257658",
    "res_name": "SkillIcon11132_01.png",
    "size": "128X128",
    "sub_type": "icon",
    "uid": "134257658",
    "version": 1,
    "res_type": "editor_icon",
    "import_export_folder_info": "/code_explorer_custom_root_folder_name/\u9053\u5177\u56fe\u6807/\u6218\u6cd5\u65e0\u6846/4\u7ea7"
}