{
    "custom_editor_type": "custom_editor_icon",
    "describe": "",
    "has_upload": false,
    "key": 134254621,
    "md5": "37b60c248a9685a2594421b18e9eaaef",
    "name": "\u5927\u62db\u56fe\u6807_0008s_0000_\u5982\u677e\u4e4b\u52b2",
    "path": "ui/134254621",
    "res_name": "\u5927\u62db\u56fe\u6807_0008s_0000_\u5982\u677e\u4e4b\u52b2.png",
    "size": "128X128",
    "sub_type": "icon",
    "uid": "134254621",
    "url": "https://kk3.nosdn.127.net/editor/png/a63e6e372fe942b952b8b0fc57c88ff1.png",
    "version": 1,
    "res_type": "editor_icon",
    "import_export_folder_info": "/code_explorer_custom_root_folder_name"
}