{
    "custom_editor_type": "custom_editor_icon",
    "describe": "",
    "has_upload": false,
    "key": 134247187,
    "md5": "2bfbb7630ff2e3959ce0fb0dc166a6d6",
    "name": "\u5f02\u672fUR\u53e4\u5893\u5b88\u536b",
    "path": "ui/134247187",
    "res_name": "\u5f02\u672fUR\u53e4\u5893\u5b88\u536b.jpg",
    "size": "200X200",
    "sub_type": "icon",
    "uid": "134247187",
    "url": "https://kk3.nosdn.127.net/editor/jpg/b25a728117a6e4d9cb79e20d4cda8912.jpg",
    "version": 1,
    "res_type": "editor_icon",
    "import_export_folder_info": "/code_explorer_custom_root_folder_name/\u6b66\u529f\u56fe\u6807"
}