{
    "custom_editor_type": "custom_editor_icon",
    "describe": "",
    "has_upload": false,
    "key": 134249624,
    "md5": "4e070915f43f3e9ae5ea5036f9546fbf",
    "name": "\u5927\u62db\u56fe\u6807_0009s_0001_\u9b3c\u5578\u9634\u98ce",
    "path": "ui/134249624",
    "res_name": "\u5927\u62db\u56fe\u6807_0009s_0001_\u9b3c\u5578\u9634\u98ce.png",
    "size": "128X128",
    "sub_type": "icon",
    "uid": "134249624",
    "url": "https://kk3.nosdn.127.net/editor/png/56a6cdf302663cc5d4a203b26404392e.png",
    "version": 1,
    "res_type": "editor_icon",
    "import_export_folder_info": "/code_explorer_custom_root_folder_name"
}