{
    "custom_editor_type": "custom_editor_icon",
    "describe": "",
    "has_upload": false,
    "key": 134243819,
    "md5": "14ae82ab4194b73bf96fc6536d73078a",
    "name": "\u5927\u62db\u56fe\u6807_0008s_0002_\u6709\u51e4\u6765\u4eea",
    "path": "ui/134243819",
    "res_name": "\u5927\u62db\u56fe\u6807_0008s_0002_\u6709\u51e4\u6765\u4eea.png",
    "size": "128X128",
    "sub_type": "icon",
    "uid": "134243819",
    "url": "https://kk3.nosdn.127.net/editor/png/1b7a92b111a13452a480a03b18eedfe1.png",
    "version": 1,
    "res_type": "editor_icon",
    "import_export_folder_info": "/code_explorer_custom_root_folder_name"
}