{
    "custom_editor_type": "custom_editor_icon",
    "describe": "",
    "has_upload": false,
    "key": 134230066,
    "md5": "f1e96bf63ebaa78b959c35f68efd0ba4",
    "name": "\u8fdc\u7a0b\u5f13\u7badR\u53cd\u5c04\u56de\u65cb",
    "path": "ui/134230066",
    "res_name": "\u8fdc\u7a0b\u5f13\u7badR\u53cd\u5c04\u56de\u65cb.jpg",
    "size": "200X200",
    "sub_type": "icon",
    "uid": "134230066",
    "version": 1,
    "res_type": "editor_icon",
    "import_export_folder_info": "/code_explorer_custom_root_folder_name/\u6b66\u529f\u56fe\u6807"
}