{
    "custom_editor_type": "custom_editor_icon",
    "describe": "",
    "has_upload": false,
    "key": 134268355,
    "md5": "7a39a4dbd315d12cc88f65c15c00c3d1",
    "name": "\u6b66\u529f\u6b8b\u5377\u6280\u80fd\u56fe\u6807_0001s_0004_\u51cc\u6ce2\u5fae\u6b65",
    "path": "ui/134268355",
    "res_name": "\u6b66\u529f\u6b8b\u5377\u6280\u80fd\u56fe\u6807_0001s_0004_\u51cc\u6ce2\u5fae\u6b65.png",
    "size": "128X128",
    "sub_type": "icon",
    "uid": "134268355",
    "url": "https://kk3.nosdn.127.net/editor/png/4271a3fea598ebd9f69398ade5196409.png",
    "version": 1,
    "res_type": "editor_icon",
    "import_export_folder_info": "/code_explorer_custom_root_folder_name/\u6b66\u529f\u56fe\u6807"
}