{
    "custom_editor_type": "custom_editor_icon",
    "describe": "",
    "has_upload": false,
    "key": 134232113,
    "md5": "34f68514ced3a6c5dd2f2f258846bb82",
    "name": "\u5947\u672f\u5438\u8840UR\u5317\u51a5\u795e\u529f",
    "path": "ui/134232113",
    "res_name": "\u5947\u672f\u5438\u8840UR\u5317\u51a5\u795e\u529f.jpg",
    "size": "200X200",
    "sub_type": "icon",
    "uid": "134232113",
    "url": "https://kk3.nosdn.127.net/editor/jpg/825900ee637f92a9c26769b24b61ec36.jpg",
    "version": 1,
    "res_type": "editor_icon",
    "import_export_folder_info": "/code_explorer_custom_root_folder_name/\u6b66\u529f\u56fe\u6807"
}