{
    "custom_editor_type": "custom_editor_icon",
    "describe": "",
    "has_upload": false,
    "key": 134253226,
    "md5": "5d5707b69e93b0974f72d417d2262c17",
    "name": "T_SkillIcon_S100",
    "path": "ui/134253226",
    "res_name": "T_SkillIcon_S100.png",
    "size": "128X128",
    "sub_type": "icon",
    "uid": "134253226",
    "url": "https://kk3.nosdn.127.net/editor/png/cf1e0bf5ef0c3eb3329cef7f02e009f8.png",
    "version": 1,
    "res_type": "editor_icon",
    "import_export_folder_info": "/code_explorer_custom_root_folder_name/\u9053\u5177\u56fe\u6807/\u6218\u6cd5\u65e0\u6846/4\u7ea7"
}