{
    "custom_editor_type": "custom_editor_icon",
    "describe": "",
    "has_upload": false,
    "key": 134225374,
    "md5": "a87c7b03263a876b893d6da7f384d6b0",
    "name": "\u8fd1\u6218\u62f3\u638cR\u4e03\u4f24\u62f3",
    "path": "ui/134225374",
    "res_name": "\u8fd1\u6218\u62f3\u638cR\u4e03\u4f24\u62f3.jpg",
    "size": "200X200",
    "sub_type": "icon",
    "uid": "134225374",
    "url": "https://kk3.nosdn.127.net/editor/jpg/decc2918a9631ce626eed113c7e24a1f.jpg",
    "version": 1,
    "res_type": "editor_icon",
    "import_export_folder_info": "/code_explorer_custom_root_folder_name"
}