{
    "custom_editor_type": "custom_editor_icon",
    "describe": "",
    "has_upload": false,
    "key": 134283216,
    "md5": "5c3dc8ea03fd75bfb423d0fb4fa53adf",
    "name": "\u5927\u62db\u56fe\u6807_0009s_0003_\u56db\u8c61\u516d\u5408",
    "path": "ui/134283216",
    "res_name": "\u5927\u62db\u56fe\u6807_0009s_0003_\u56db\u8c61\u516d\u5408.png",
    "size": "128X128",
    "sub_type": "icon",
    "uid": "134283216",
    "url": "https://kk3.nosdn.127.net/editor/png/a98602be6cdba8e393c3d08e1613b4ad.png",
    "version": 1,
    "res_type": "editor_icon",
    "import_export_folder_info": "/code_explorer_custom_root_folder_name"
}