{
    "134270900": {
        "editor_effect": {
            "deps_info": {
                "deps": [
                    [
                        "editor_icon",
                        900767
                    ],
                    [
                        "editor_icon",
                        902169
                    ],
                    [
                        "editor_icon",
                        900585
                    ],
                    [
                        "editor_icon",
                        901740
                    ],
                    [
                        "editor_icon",
                        901099
                    ],
                    [
                        "editor_icon",
                        901485
                    ],
                    [
                        "editor_icon",
                        900394
                    ],
                    [
                        "editor_icon",
                        901659
                    ],
                    [
                        "editor_icon",
                        902123
                    ],
                    [
                        "editor_icon",
                        901626
                    ],
                    [
                        "editor_icon",
                        901921
                    ],
                    [
                        "editor_icon",
                        901940
                    ],
                    [
                        "editor_icon",
                        901917
                    ],
                    [
                        "editor_icon",
                        900691
                    ],
                    [
                        "editor_icon",
                        902191
                    ]
                ],
                "sound_id_list": []
            },
            "describe": "134270900",
            "key": 134270900,
            "md5": "32938200d1c8621eab0c06d32bdc4bee",
            "model_id": 134232187,
            "name": "\u84dd\u8272\u7535\u6d41\u6c34\u6fc0\u5149_1",
            "preview_icon": "",
            "res_identify": "",
            "res_type": "kkres",
            "scale": 1.0,
            "source_effect": [
                100383
            ],
            "uid": "134270900",
            "version": 1
        },
        "model": {
            "custom": true,
            "effect_keep": true,
            "effect_max_life": -1,
            "effect_path": "Fx_Effect/Cartoon/Fx_Skill/Electric/Electric_skill_b_04_07_01_copy",
            "is_beam_effect": false,
            "meshes": [],
            "model_id": 134232187,
            "name": "\u84dd\u8272\u7535\u6d41\u6c34\u6fc0\u5149"
        }
    },
    "sub_type": null,
    "res_type": "editor_effect",
    "import_export_folder_info": "/code_explorer_custom_root_folder_name"
}