{
    "custom_editor_type": "custom_editor_icon",
    "describe": "",
    "has_upload": false,
    "key": 134229529,
    "md5": "00c49c430c1efeffaf7af44fc5f3c912",
    "name": "SkillIcon12491_02",
    "path": "ui/134229529",
    "res_name": "SkillIcon12491_02.png",
    "size": "128X128",
    "sub_type": "icon",
    "uid": "134229529",
    "url": "https://kk3.nosdn.127.net/editor/png/de3372284b04c13662620b33eed1e131.png",
    "version": 1,
    "res_type": "editor_icon",
    "import_export_folder_info": "/code_explorer_custom_root_folder_name/\u9053\u5177\u56fe\u6807/\u6218\u6cd5\u65e0\u6846/4\u7ea7"
}