{
    "custom_editor_type": "custom_editor_icon",
    "describe": "",
    "has_upload": false,
    "key": 134282742,
    "md5": "0e0868e453854a209e012280c5737e86",
    "name": "\u5916\u529fR\u5341\u516b\u6ce5\u5076",
    "path": "ui/134282742",
    "res_name": "\u5916\u529fR\u5341\u516b\u6ce5\u5076.jpg",
    "size": "200X200",
    "sub_type": "icon",
    "uid": "134282742",
    "url": "https://kk3.nosdn.127.net/editor/jpg/d407f310a9b0eee25807ea0a42d6cf72.jpg",
    "version": 1,
    "res_type": "editor_icon",
    "import_export_folder_info": "/code_explorer_custom_root_folder_name/\u6b66\u529f\u56fe\u6807"
}