{
    "custom_editor_type": "custom_editor_icon",
    "describe": "",
    "has_upload": false,
    "key": 134246305,
    "md5": "d3c79419087b38124d6b3fc3de49c75e",
    "name": "\u5927\u62db\u56fe\u6807_0000s_0004_\u94c1\u638c\u5947\u529f",
    "path": "ui/134246305",
    "res_name": "\u5927\u62db\u56fe\u6807_0000s_0004_\u94c1\u638c\u5947\u529f.png",
    "size": "128X128",
    "sub_type": "icon",
    "uid": "134246305",
    "url": "https://kk3.nosdn.127.net/editor/png/d81abb2dc86b645a45f695967a703795.png",
    "version": 1,
    "res_type": "editor_icon",
    "import_export_folder_info": "/code_explorer_custom_root_folder_name"
}