{
    "custom_editor_type": "custom_editor_icon",
    "describe": "",
    "has_upload": false,
    "key": 134220753,
    "md5": "db9380e99e15dcc3a29b00927554f2d8",
    "name": "T_SkillIcon_S63",
    "path": "ui/134220753",
    "res_name": "T_SkillIcon_S63.png",
    "size": "128X128",
    "sub_type": "icon",
    "uid": "134220753",
    "url": "https://kk3.nosdn.127.net/editor/png/a5fc32a90c54a2f62e6984f1ae71f54d.png",
    "version": 1,
    "res_type": "editor_icon",
    "import_export_folder_info": "/code_explorer_custom_root_folder_name/\u9053\u5177\u56fe\u6807/\u6218\u6cd5\u65e0\u6846/3\u7ea7"
}