{
    "custom_editor_type": "custom_editor_icon",
    "describe": "",
    "has_upload": false,
    "key": 134273028,
    "md5": "abfb74f109f6e847b3b040b7e4c7444e",
    "name": "\u8fdc\u7a0b\u6697\u5668N\u7389\u8702\u9488",
    "path": "ui/134273028",
    "res_name": "\u8fdc\u7a0b\u6697\u5668N\u7389\u8702\u9488.jpg",
    "size": "200X200",
    "sub_type": "icon",
    "uid": "134273028",
    "url": "https://kk3.nosdn.127.net/editor/jpg/aeb2336bb5d27fa7c09a99785ff6a7d9.jpg",
    "version": 1,
    "res_type": "editor_icon",
    "import_export_folder_info": "/code_explorer_custom_root_folder_name/\u6b66\u529f\u56fe\u6807"
}