{
    "custom_editor_type": "custom_editor_icon",
    "describe": "",
    "has_upload": false,
    "key": 134259714,
    "md5": "2178b45deb45d5bfbfa31f97b605e13f",
    "name": "SkillIcon11125_02",
    "path": "ui/134259714",
    "res_name": "SkillIcon11125_02.png",
    "size": "128X128",
    "sub_type": "icon",
    "uid": "134259714",
    "url": "https://kk3.nosdn.127.net/editor/png/5c528fab11383efcf1a9bbe4481f5768.png",
    "version": 1,
    "res_type": "editor_icon",
    "import_export_folder_info": "/code_explorer_custom_root_folder_name/\u9053\u5177\u56fe\u6807/\u6218\u6cd5\u65e0\u6846/1\u7ea7"
}