{
    "custom_editor_type": "custom_editor_icon",
    "describe": "",
    "has_upload": false,
    "key": 134247812,
    "md5": "ceedcf6dda134f9a60746d6a9e434387",
    "name": "\u5fa1\u6b66\u90534",
    "path": "ui/134247812",
    "res_name": "\u5fa1\u6b66\u90534.png",
    "size": "128X128",
    "sub_type": "icon",
    "uid": "134247812",
    "url": "https://kk3.nosdn.127.net/editor/png/be327282f22455c1060a4c07f8b858cf.png",
    "version": 1,
    "res_type": "editor_icon",
    "import_export_folder_info": "/code_explorer_custom_root_folder_name/\u9053\u5177\u56fe\u6807/\u6218\u6cd5\u65e0\u6846/4\u7ea7"
}