{
    "custom_editor_type": "custom_editor_icon",
    "describe": "",
    "has_upload": false,
    "import_export_folder_info": "/code_explorer_custom_root_folder_name/\u8d27\u5e01\u6750\u6599",
    "key": 134272476,
    "md5": "069ca9cf11f91891dae80f8ad5f30643",
    "name": "\u6750\u6599\u56fe\u6807_0002_\u6740\u56fe\u6807",
    "path": "ui/134272476",
    "res_name": "\u6750\u6599\u56fe\u6807_0002_\u6740\u56fe\u6807.png",
    "res_type": "editor_icon",
    "size": "100X100",
    "sub_type": "icon",
    "uid": "134272476",
    "version": 1
}