{
    "custom_editor_type": "custom_editor_icon",
    "describe": "",
    "has_upload": false,
    "key": 134229979,
    "md5": "f74bcff2a3b7ede731f32ca7b9ae535a",
    "name": "\u5927\u62db\u56fe\u6807_0002s_0005_\u5b50\u5348\u6d41\u6ce8",
    "path": "ui/134229979",
    "res_name": "\u5927\u62db\u56fe\u6807_0002s_0005_\u5b50\u5348\u6d41\u6ce8.png",
    "size": "128X128",
    "sub_type": "icon",
    "uid": "134229979",
    "url": "https://kk3.nosdn.127.net/editor/png/f9b66b33f3dbb4ff80bab862edb0313e.png",
    "version": 1,
    "res_type": "editor_icon",
    "import_export_folder_info": "/code_explorer_custom_root_folder_name"
}