{
    "custom_editor_type": "custom_editor_icon",
    "describe": "",
    "has_upload": false,
    "key": 134275398,
    "md5": "d1ee409ff3b554802f6d1f75631fce7f",
    "name": "\u5927\u62db\u56fe\u6807_0001s_0002_\u4ee5\u8d1f\u5f15\u6b63",
    "path": "ui/134275398",
    "res_name": "\u5927\u62db\u56fe\u6807_0001s_0002_\u4ee5\u8d1f\u5f15\u6b63.png",
    "size": "128X128",
    "sub_type": "icon",
    "uid": "134275398",
    "url": "https://kk3.nosdn.127.net/editor/png/2433df8af129a92966abf70909ba61be.png",
    "version": 1,
    "res_type": "editor_icon",
    "import_export_folder_info": "/code_explorer_custom_root_folder_name"
}