{
    "custom_editor_type": "custom_editor_icon",
    "describe": "",
    "has_upload": false,
    "key": 134241944,
    "md5": "284aae180be427fc376b0a47dfaf64e0",
    "name": "SkillIcon11141_05",
    "path": "ui/134241944",
    "res_name": "SkillIcon11141_05.png",
    "size": "128X128",
    "sub_type": "icon",
    "uid": "134241944",
    "url": "https://kk3.nosdn.127.net/editor/png/3ef767eb6ad23bd60dcdfcf489321f6e.png",
    "version": 1,
    "res_type": "editor_icon",
    "import_export_folder_info": "/code_explorer_custom_root_folder_name/\u9053\u5177\u56fe\u6807/\u6218\u6cd5\u65e0\u6846/2\u7ea7"
}