{
    "custom_editor_type": "custom_editor_icon",
    "describe": "",
    "has_upload": false,
    "key": 134275159,
    "md5": "984f4b128e19aabf2c71d5f9d56ad621",
    "name": "SkillIcon12493_04",
    "path": "ui/134275159",
    "res_name": "SkillIcon12493_04.png",
    "size": "128X128",
    "sub_type": "icon",
    "uid": "134275159",
    "url": "https://kk3.nosdn.127.net/editor/png/90a42e88ab1e6a8279791b2d8b0aa200.png",
    "version": 1,
    "res_type": "editor_icon",
    "import_export_folder_info": "/code_explorer_custom_root_folder_name/\u9053\u5177\u56fe\u6807/\u6218\u6cd5\u65e0\u6846/4\u7ea7"
}