{
    "custom_editor_type": "custom_editor_icon",
    "describe": "",
    "has_upload": false,
    "key": 134224957,
    "md5": "316631959c453270cfa6e5a2c274f064",
    "name": "\u7ecf\u8109-\u66b4\u51fb\u4f24\u5bb3",
    "path": "ui/134224957",
    "res_name": "\u7ecf\u8109-\u66b4\u51fb\u4f24\u5bb3.png",
    "size": "128X128",
    "sub_type": "icon",
    "uid": "134224957",
    "url": "https://kk3.nosdn.127.net/editor/png/400b108138a98c271a244ef31168f2d6.png",
    "version": 1,
    "res_type": "editor_icon",
    "import_export_folder_info": "/code_explorer_custom_root_folder_name/\u9053\u5177\u56fe\u6807/\u6218\u6cd5\u65e0\u6846/2\u7ea7"
}