{
    "custom_editor_type": "custom_editor_icon",
    "describe": "",
    "has_upload": false,
    "key": 134269657,
    "md5": "e096501785dfeb83278a7ad8b21d5369",
    "name": "\u8fd1\u6218\u5200\u6cd5SSR\u4e09\u624d\u5200\u6cd5",
    "path": "ui/134269657",
    "res_name": "\u8fd1\u6218\u5200\u6cd5SSR\u4e09\u624d\u5200\u6cd5.jpg",
    "size": "200X200",
    "sub_type": "icon",
    "uid": "134269657",
    "url": "https://kk3.nosdn.127.net/editor/jpg/dba8fd73dcc8542455b61b2485372276.jpg",
    "version": 1,
    "res_type": "editor_icon",
    "import_export_folder_info": "/code_explorer_custom_root_folder_name/\u6b66\u529f\u56fe\u6807"
}