{
    "custom_editor_type": "custom_editor_icon",
    "describe": "",
    "has_upload": false,
    "key": 134237547,
    "md5": "4e4d276485f62cfe0c598146a2a7c09b",
    "name": "T_SkillIcon_73",
    "path": "ui/134237547",
    "res_name": "T_SkillIcon_73.png",
    "size": "128X128",
    "sub_type": "icon",
    "uid": "134237547",
    "url": "https://kk3.nosdn.127.net/editor/png/02bd46018bee9989bb6a84686ed15554.png",
    "version": 1,
    "res_type": "editor_icon",
    "import_export_folder_info": "/code_explorer_custom_root_folder_name/\u9053\u5177\u56fe\u6807/\u6218\u6cd5\u65e0\u6846/1\u7ea7"
}