{
    "custom_editor_type": "custom_editor_icon",
    "describe": "",
    "has_upload": false,
    "key": 134229194,
    "md5": "377a340610d99d43794db8de74d5f6e2",
    "name": "\u5947\u529fUR\u4e7e\u5764\u5927\u632a\u79fb",
    "path": "ui/134229194",
    "res_name": "\u5947\u529fUR\u4e7e\u5764\u5927\u632a\u79fb.jpg",
    "size": "200X200",
    "sub_type": "icon",
    "uid": "134229194",
    "url": "https://kk3.nosdn.127.net/editor/jpg/7c00279a261102a3a8d20bc26ea9ed8d.jpg",
    "version": 1,
    "res_type": "editor_icon",
    "import_export_folder_info": "/code_explorer_custom_root_folder_name/\u6b66\u529f\u56fe\u6807"
}