{
    "custom_editor_type": "custom_editor_icon",
    "describe": "",
    "has_upload": false,
    "key": 134266834,
    "md5": "e47d5ca1ae5d3556de0ad3cf2f8c062d",
    "name": "\u5927\u62db\u56fe\u6807_0005s_0001_\u98ce\u5377\u6b8b\u4e91",
    "path": "ui/134266834",
    "res_name": "\u5927\u62db\u56fe\u6807_0005s_0001_\u98ce\u5377\u6b8b\u4e91.png",
    "size": "128X128",
    "sub_type": "icon",
    "uid": "134266834",
    "url": "https://kk3.nosdn.127.net/editor/png/025cee608b8b71df85ad350b71d92603.png",
    "version": 1,
    "res_type": "editor_icon",
    "import_export_folder_info": "/code_explorer_custom_root_folder_name"
}