{
    "custom_editor_type": "custom_editor_icon",
    "describe": "",
    "has_upload": false,
    "key": 134242461,
    "md5": "072e81a155054a125b3be9b347bbdc8d",
    "name": "\u795e\u9b42_\u55dc\u8840",
    "path": "ui/134242461",
    "res_name": "\u795e\u9b42_\u55dc\u8840.png",
    "size": "128X128",
    "sub_type": "icon",
    "uid": "134242461",
    "url": "https://kk3.nosdn.127.net/editor/png/c363b29e072a1a4c544a6d3b804fc949.png",
    "version": 1,
    "res_type": "editor_icon",
    "import_export_folder_info": "/code_explorer_custom_root_folder_name/\u9053\u5177\u56fe\u6807/\u6218\u6cd5\u65e0\u6846/2\u7ea7"
}