{
    "custom_editor_type": "custom_editor_icon",
    "describe": "",
    "has_upload": false,
    "key": 134242191,
    "md5": "5195c4fd7bdbbbff8e70e1e721987373",
    "name": "\u5927\u62db\u56fe\u6807_0002s_0001_\u4e94\u6bd2\u4ff1\u5168",
    "path": "ui/134242191",
    "res_name": "\u5927\u62db\u56fe\u6807_0002s_0001_\u4e94\u6bd2\u4ff1\u5168.png",
    "size": "128X128",
    "sub_type": "icon",
    "uid": "134242191",
    "url": "https://kk3.nosdn.127.net/editor/png/32016f76198b0ab0110424672a96a3dc.png",
    "version": 1,
    "res_type": "editor_icon",
    "import_export_folder_info": "/code_explorer_custom_root_folder_name"
}