{
    "custom_editor_type": "custom_editor_icon",
    "describe": "",
    "has_upload": false,
    "key": 134238680,
    "md5": "be6219bd65ba6d60cc205e06d432d53b",
    "name": "\u6b66\u529f\u6b8b\u5377\u6280\u80fd\u56fe\u6807_0003s_0000_\u7075\u9e6b\u7cbe\u7075",
    "path": "ui/134238680",
    "res_name": "\u6b66\u529f\u6b8b\u5377\u6280\u80fd\u56fe\u6807_0003s_0000_\u7075\u9e6b\u7cbe\u7075.png",
    "size": "128X128",
    "sub_type": "icon",
    "uid": "134238680",
    "url": "https://kk3.nosdn.127.net/editor/png/9d7221797f85b37da0c9ff34925c6118.png",
    "version": 1,
    "res_type": "editor_icon",
    "import_export_folder_info": "/code_explorer_custom_root_folder_name/\u6b66\u529f\u56fe\u6807"
}