{
    "custom_editor_type": "custom_editor_icon",
    "describe": "",
    "has_upload": false,
    "key": 134231942,
    "md5": "91b5054b10fff72ef9e56791ea297dcd",
    "name": "\u6b66\u529f\u6b8b\u5377\u6280\u80fd\u56fe\u6807_0005s_0005_\u4e00\u9633\u6307",
    "path": "ui/134231942",
    "res_name": "\u6b66\u529f\u6b8b\u5377\u6280\u80fd\u56fe\u6807_0005s_0005_\u4e00\u9633\u6307.png",
    "size": "128X128",
    "sub_type": "icon",
    "uid": "134231942",
    "url": "https://kk3.nosdn.127.net/editor/png/a79b92a57e22481131bef4383d73a5dd.png",
    "version": 1,
    "res_type": "editor_icon",
    "import_export_folder_info": "/code_explorer_custom_root_folder_name/\u6b66\u529f\u56fe\u6807"
}