{
    "custom_editor_type": "custom_editor_icon",
    "describe": "",
    "has_upload": false,
    "key": 134238958,
    "md5": "f6bf8347daba54b5facb18f22b072e5b",
    "name": "\u795e\u9b42_\u6297\u66b4",
    "path": "ui/134238958",
    "res_name": "\u795e\u9b42_\u6297\u66b4.png",
    "size": "128X128",
    "sub_type": "icon",
    "uid": "134238958",
    "url": "https://kk3.nosdn.127.net/editor/png/2a54f531d5ebbdba1122182b742cc84d.png",
    "version": 1,
    "res_type": "editor_icon",
    "import_export_folder_info": "/code_explorer_custom_root_folder_name/\u9053\u5177\u56fe\u6807/\u6218\u6cd5\u65e0\u6846/3\u7ea7"
}