{
    "custom_editor_type": "custom_editor_icon",
    "describe": "",
    "has_upload": false,
    "key": 134244903,
    "md5": "207b468f9778d2de61b9fbfeca30970b",
    "name": "\u6b66\u529f\u6b8b\u5377\u6280\u80fd\u56fe\u6807_0007s_0011_\u7384\u865a\u5200\u6cd5",
    "path": "ui/134244903",
    "res_name": "\u6b66\u529f\u6b8b\u5377\u6280\u80fd\u56fe\u6807_0007s_0011_\u7384\u865a\u5200\u6cd5.png",
    "size": "128X128",
    "sub_type": "icon",
    "uid": "134244903",
    "url": "https://kk3.nosdn.127.net/editor/png/21eb0cd3468b3d19efc2e182d6a0a4fd.png",
    "version": 1,
    "res_type": "editor_icon",
    "import_export_folder_info": "/code_explorer_custom_root_folder_name/\u6b66\u529f\u56fe\u6807"
}