{
    "custom_editor_type": "custom_editor_icon",
    "describe": "",
    "has_upload": false,
    "key": 134265670,
    "md5": "27b6eb583c355c2591a057163132d488",
    "name": "\u5927\u62db\u56fe\u6807_0004s_0001_\u7bad\u98ce\u5e7b\u5f71",
    "path": "ui/134265670",
    "res_name": "\u5927\u62db\u56fe\u6807_0004s_0001_\u7bad\u98ce\u5e7b\u5f71.png",
    "size": "128X128",
    "sub_type": "icon",
    "uid": "134265670",
    "url": "https://kk3.nosdn.127.net/editor/png/3a52bdf4b89f3fef7ad44ad09935284e.png",
    "version": 1,
    "res_type": "editor_icon",
    "import_export_folder_info": "/code_explorer_custom_root_folder_name"
}