{
    "custom_editor_type": "custom_editor_icon",
    "describe": "",
    "has_upload": false,
    "key": 134258963,
    "md5": "5f381499af76fe00a2bc3c7bee43046d",
    "name": "\u8861\u6b66\u90531",
    "path": "ui/134258963",
    "res_name": "\u8861\u6b66\u90531.png",
    "size": "128X128",
    "sub_type": "icon",
    "uid": "134258963",
    "url": "https://kk3.nosdn.127.net/editor/png/0675e4ace85c5daf14456d693464d7e0.png",
    "version": 1,
    "res_type": "editor_icon",
    "import_export_folder_info": "/code_explorer_custom_root_folder_name/\u9053\u5177\u56fe\u6807/\u6218\u6cd5\u65e0\u6846/1\u7ea7"
}