{
    "custom_editor_type": "custom_editor_icon",
    "describe": "",
    "has_upload": false,
    "key": 134258997,
    "md5": "ea92f3052a4f402a375303810f08356b",
    "name": "\u6b66\u529f\u6b8b\u5377\u6280\u80fd\u56fe\u6807_0005s_0008_\u4e5d\u9633\u795e\u529f",
    "path": "ui/134258997",
    "res_name": "\u6b66\u529f\u6b8b\u5377\u6280\u80fd\u56fe\u6807_0005s_0008_\u4e5d\u9633\u795e\u529f.png",
    "size": "128X128",
    "sub_type": "icon",
    "uid": "134258997",
    "version": 1,
    "res_type": "editor_icon",
    "import_export_folder_info": "/code_explorer_custom_root_folder_name/\u6b66\u529f\u56fe\u6807"
}