{
    "custom_editor_type": "custom_editor_icon",
    "describe": "",
    "has_upload": false,
    "key": 134233343,
    "md5": "695ec3cb56baf5b41ca49ed56faf57a9",
    "name": "\u6b66\u529f\u6b8b\u5377\u6280\u80fd\u56fe\u6807_0006s_0006_\u91d1\u9f99\u97ad\u6cd5",
    "path": "ui/134233343",
    "res_name": "\u6b66\u529f\u6b8b\u5377\u6280\u80fd\u56fe\u6807_0006s_0006_\u91d1\u9f99\u97ad\u6cd5.png",
    "size": "128X128",
    "sub_type": "icon",
    "uid": "134233343",
    "url": "https://kk3.nosdn.127.net/editor/png/1778354df53d268d4f7f9d279e0cc403.png",
    "version": 1,
    "res_type": "editor_icon",
    "import_export_folder_info": "/code_explorer_custom_root_folder_name/\u6b66\u529f\u56fe\u6807"
}