{
    "custom_editor_type": "custom_editor_icon",
    "describe": "",
    "has_upload": false,
    "key": 134266074,
    "md5": "a2ca276d3e9231044fd896b428bbeed4",
    "name": "\u5fa1\u6b66\u90533",
    "path": "ui/134266074",
    "res_name": "\u5fa1\u6b66\u90533.png",
    "size": "128X128",
    "sub_type": "icon",
    "uid": "134266074",
    "url": "https://kk3.nosdn.127.net/editor/png/06abeaa3c80b966170c215841c8cad8e.png",
    "version": 1,
    "res_type": "editor_icon",
    "import_export_folder_info": "/code_explorer_custom_root_folder_name/\u9053\u5177\u56fe\u6807/\u6218\u6cd5\u65e0\u6846/3\u7ea7"
}