{
    "custom_editor_type": "custom_editor_icon",
    "describe": "",
    "has_upload": false,
    "key": 134280223,
    "md5": "470194ea2e9b53ac98057cd6c5069774",
    "name": "\u5927\u62db\u56fe\u6807_0009s_0005_\u4e91\u9f99\u4e09\u73b0",
    "path": "ui/134280223",
    "res_name": "\u5927\u62db\u56fe\u6807_0009s_0005_\u4e91\u9f99\u4e09\u73b0.png",
    "size": "128X128",
    "sub_type": "icon",
    "uid": "134280223",
    "url": "https://kk3.nosdn.127.net/editor/png/397a6919afe7a38d596dd8ee0a644828.png",
    "version": 1,
    "res_type": "editor_icon",
    "import_export_folder_info": "/code_explorer_custom_root_folder_name"
}