{
    "custom_editor_type": "custom_editor_icon",
    "describe": "",
    "has_upload": false,
    "key": 134222812,
    "md5": "7b78dc8b5099eeb6936e89a109d338d6",
    "name": "\u5927\u62db\u56fe\u6807_0000s_0003_\u5947\u672f\u516b\u5366",
    "path": "ui/134222812",
    "res_name": "\u5927\u62db\u56fe\u6807_0000s_0003_\u5947\u672f\u516b\u5366.png",
    "size": "128X128",
    "sub_type": "icon",
    "uid": "134222812",
    "url": "https://kk3.nosdn.127.net/editor/png/964e6f2eae21573dc324fc41b02cf09d.png",
    "version": 1,
    "res_type": "editor_icon",
    "import_export_folder_info": "/code_explorer_custom_root_folder_name"
}