{
    "custom_editor_type": "custom_editor_icon",
    "describe": "",
    "has_upload": false,
    "key": 134268179,
    "md5": "3eb2a3ffb18b781269d5db9bf8b98cc1",
    "name": "T_SkillIcon_5",
    "path": "ui/134268179",
    "res_name": "T_SkillIcon_5.png",
    "size": "128X128",
    "sub_type": "icon",
    "uid": "134268179",
    "url": "https://kk3.nosdn.127.net/editor/png/8dd6d11aee356776d95f7e471d03c1ca.png",
    "version": 1,
    "res_type": "editor_icon",
    "import_export_folder_info": "/code_explorer_custom_root_folder_name/\u9053\u5177\u56fe\u6807/\u6218\u6cd5\u65e0\u6846/2\u7ea7"
}