{
    "custom_editor_type": "custom_editor_icon",
    "describe": "",
    "has_upload": false,
    "key": 134243981,
    "md5": "730dfbfbbbe45cd7d042608f9329dd4f",
    "name": "SkillIcon11147_01",
    "path": "ui/134243981",
    "res_name": "SkillIcon11147_01.png",
    "size": "128X128",
    "sub_type": "icon",
    "uid": "134243981",
    "url": "https://kk3.nosdn.127.net/editor/png/6b019304a245bdcdf11c9a5b11ab4f7d.png",
    "version": 1,
    "res_type": "editor_icon",
    "import_export_folder_info": "/code_explorer_custom_root_folder_name/\u9053\u5177\u56fe\u6807/\u6218\u6cd5\u65e0\u6846/3\u7ea7"
}