{
    "custom_editor_type": "custom_editor_icon",
    "describe": "",
    "has_upload": false,
    "key": 134256191,
    "md5": "3561bbedbee25742f861dee3184852e6",
    "name": "SkillIcon11123_05",
    "path": "ui/134256191",
    "res_name": "SkillIcon11123_05.png",
    "size": "128X128",
    "sub_type": "icon",
    "uid": "134256191",
    "url": "https://kk3.nosdn.127.net/editor/png/3fb0178d4b66244d41d2f59972552926.png",
    "version": 1,
    "res_type": "editor_icon",
    "import_export_folder_info": "/code_explorer_custom_root_folder_name/\u9053\u5177\u56fe\u6807/\u6218\u6cd5\u65e0\u6846/1\u7ea7"
}