{
    "custom_editor_type": "custom_editor_icon",
    "describe": "",
    "has_upload": false,
    "key": 134242514,
    "md5": "194b61b9a00d95d8b4b4cd29de29e5ea",
    "name": "\u8fdc\u7a0b\u97ad\u6cd5SSR\u593a\u9b44\u97ad\u6cd5",
    "path": "ui/134242514",
    "res_name": "\u8fdc\u7a0b\u97ad\u6cd5SSR\u593a\u9b44\u97ad\u6cd5.jpg",
    "size": "200X200",
    "sub_type": "icon",
    "uid": "134242514",
    "url": "https://kk3.nosdn.127.net/editor/jpg/bc3aa5aeeb47dc62adb4cef4b3237456.jpg",
    "version": 1,
    "res_type": "editor_icon",
    "import_export_folder_info": "/code_explorer_custom_root_folder_name/\u6b66\u529f\u56fe\u6807"
}