{
    "custom_editor_type": "custom_editor_icon",
    "describe": "",
    "has_upload": false,
    "key": 134263810,
    "md5": "90e05084a6b0d6ef14a568ba3dfb5aaa",
    "name": "SkillIcon11157_02",
    "path": "ui/134263810",
    "res_name": "SkillIcon11157_02.png",
    "size": "128X128",
    "sub_type": "icon",
    "uid": "134263810",
    "url": "https://kk3.nosdn.127.net/editor/png/2338817969a80832119f8f9f44c23a55.png",
    "version": 1,
    "res_type": "editor_icon",
    "import_export_folder_info": "/code_explorer_custom_root_folder_name/\u9053\u5177\u56fe\u6807/\u6218\u6cd5\u65e0\u6846/1\u7ea7"
}