{
    "custom_editor_type": "custom_editor_icon",
    "describe": "",
    "has_upload": false,
    "key": 134275245,
    "md5": "9dce52986688081e282f8fe9d23adc89",
    "name": "\u8fdc\u7a0b\u6697\u5668SSR\u9739\u96f3\u79d8\u7c4d",
    "path": "ui/134275245",
    "res_name": "\u8fdc\u7a0b\u6697\u5668SSR\u9739\u96f3\u79d8\u7c4d.jpg",
    "size": "200X200",
    "sub_type": "icon",
    "uid": "134275245",
    "url": "https://kk3.nosdn.127.net/editor/jpg/7145cce6dadc8afc65e5ebfffbb28708.jpg",
    "version": 1,
    "res_type": "editor_icon",
    "import_export_folder_info": "/code_explorer_custom_root_folder_name/\u6b66\u529f\u56fe\u6807"
}