{
    "134245468": {
        "editor_effect": {
            "describe": "\u5c4f\u5e55\u6a21\u7cca",
            "editor_res": false,
            "key": 134245468,
            "model_id": 134245266,
            "name": "\u5c4f\u5e55\u6a21\u7cca",
            "offical_tags": [
                "code_clicli_editor_model_realistic",
                "code_Effect_Tag_Mystic fantasy",
                "code_Effect_Tag_Magical",
                "code_Effect_Tag_Screen",
                "code_Effect_Tag_Vague"
            ],
            "preview_icon": "UP1EffectPreview/103231",
            "release_delete": [],
            "res_identify": "all",
            "res_type": "kkres",
            "scale": 1.0,
            "uid": "editor_effect_103231",
            "version": 1,
            "md5": "c7e0d2d0a27d8274736fa9380105414b",
            "source_effect": [],
            "deps_info": {
                "deps": [
                    [
                        "editor_model",
                        205264
                    ],
                    [
                        "editor_icon",
                        901853
                    ]
                ],
                "sound_id_list": []
            }
        },
        "model": {
            "effect_keep": false,
            "effect_max_boundingbox": [
                -8.009825706481934,
                -8.009825706481934,
                -8.009825706481934,
                8.009825706481934,
                8.009825706481934,
                8.009825706481934
            ],
            "effect_max_life": 1.0,
            "effect_path": "Fx_Effect/LuoLin/Fx_Common/Screen/sc_LuoLing_0002_hyf_copy",
            "meshes": [],
            "model_id": 134245266,
            "name": "sc_LuoLing_0002_hyf",
            "is_beam_effect": false
        }
    },
    "sub_type": null,
    "res_type": "editor_effect",
    "import_export_folder_info": "/code_explorer_custom_root_folder_name"
}