{
    "custom_editor_type": "custom_editor_icon",
    "describe": "",
    "has_upload": false,
    "key": 134236224,
    "md5": "1925c1445ac2bda8e868eacdf019bd99",
    "name": "\u5927\u62db\u56fe\u6807_0000s_0002_\u5947\u672f\u673a\u5173",
    "path": "ui/134236224",
    "res_name": "\u5927\u62db\u56fe\u6807_0000s_0002_\u5947\u672f\u673a\u5173.png",
    "size": "128X128",
    "sub_type": "icon",
    "uid": "134236224",
    "url": "https://kk3.nosdn.127.net/editor/png/847866a9b0e5ef95f266b357b8ab2d82.png",
    "version": 1,
    "res_type": "editor_icon",
    "import_export_folder_info": "/code_explorer_custom_root_folder_name"
}