{
    "custom_editor_type": "custom_editor_icon",
    "describe": "",
    "has_upload": false,
    "key": 134235681,
    "md5": "865f1b56123750c084e005d7c417d2d4",
    "name": "\u5916\u529fUR\u4e00\u9633\u6307",
    "path": "ui/134235681",
    "res_name": "\u5916\u529fUR\u4e00\u9633\u6307.jpg",
    "size": "200X200",
    "sub_type": "icon",
    "uid": "134235681",
    "url": "https://kk3.nosdn.127.net/editor/jpg/b783a681307121404e0800da895893d5.jpg",
    "version": 1,
    "res_type": "editor_icon",
    "import_export_folder_info": "/code_explorer_custom_root_folder_name/\u6b66\u529f\u56fe\u6807"
}