{
    "custom_editor_type": "custom_editor_icon",
    "describe": "",
    "has_upload": false,
    "key": 134246367,
    "md5": "4bab9f9b278996a65802bb1046511c61",
    "name": "Legend_2",
    "path": "ui/134246367",
    "res_name": "Legend_2.png",
    "size": "128X128",
    "sub_type": "icon",
    "uid": "134246367",
    "version": 1,
    "res_type": "editor_icon",
    "import_export_folder_info": "/code_explorer_custom_root_folder_name/\u9053\u5177\u56fe\u6807/\u6218\u6cd5\u65e0\u6846/2\u7ea7"
}