{
    "custom_editor_type": "custom_editor_icon",
    "describe": "",
    "has_upload": false,
    "key": 134270276,
    "md5": "bef9c8b973a46bade371b19cc4f9e7bb",
    "name": "\u8fd1\u6218\u62f3\u638cSSR\u5927\u529b\u91d1\u521a\u638c",
    "path": "ui/134270276",
    "res_name": "\u8fd1\u6218\u62f3\u638cSSR\u5927\u529b\u91d1\u521a\u638c.jpg",
    "size": "200X200",
    "sub_type": "icon",
    "uid": "134270276",
    "url": "https://kk3.nosdn.127.net/editor/jpg/a726cb94b8730b3b697a9b206f323921.jpg",
    "version": 1,
    "res_type": "editor_icon",
    "import_export_folder_info": "/code_explorer_custom_root_folder_name/\u6b66\u529f\u56fe\u6807"
}