{
    "custom_editor_type": "custom_editor_icon",
    "describe": "",
    "has_upload": false,
    "key": 134267145,
    "md5": "4710964939175e8f70ac9408b1aae242",
    "name": "\u5fa1\u6b66\u905310",
    "path": "ui/134267145",
    "res_name": "\u5fa1\u6b66\u905310.png",
    "size": "128X128",
    "sub_type": "icon",
    "uid": "134267145",
    "url": "https://kk3.nosdn.127.net/editor/png/24e5e74ee9e25f4b1ff8a6b11f18829c.png",
    "version": 1,
    "res_type": "editor_icon",
    "import_export_folder_info": "/code_explorer_custom_root_folder_name/\u9053\u5177\u56fe\u6807/\u6218\u6cd5\u65e0\u6846/4\u7ea7"
}