{
    "custom_editor_type": "custom_editor_icon",
    "describe": "",
    "has_upload": false,
    "key": 134269758,
    "md5": "cd159556ec6f05bd18c402de17d0697a",
    "name": "\u72c2\u66b4\u6012\u9b42",
    "path": "ui/134269758",
    "res_name": "\u72c2\u66b4\u6012\u9b42.png",
    "size": "600X600",
    "sub_type": "icon",
    "uid": "134269758",
    "url": "https://kk3.nosdn.127.net/editor/png/7f3c5df59c5c6f8a8c3495cfdfc39df8.png",
    "version": 1,
    "res_type": "editor_icon",
    "import_export_folder_info": "/code_explorer_custom_root_folder_name/\u9053\u5177\u56fe\u6807/\u6218\u6cd5\u65e0\u6846/\u8ffd\u52a0\u6218\u6cd5"
}