{
    "custom_editor_type": "custom_editor_icon",
    "describe": "",
    "has_upload": false,
    "key": 134261435,
    "md5": "e40493e546a4c6a740f687b15ea7e641",
    "name": "\u8fdc\u7a0b\u97ad\u6cd5N\u6b66\u5f53\u97ad\u6cd5",
    "path": "ui/134261435",
    "res_name": "\u8fdc\u7a0b\u97ad\u6cd5N\u6b66\u5f53\u97ad\u6cd5.jpg",
    "size": "200X200",
    "sub_type": "icon",
    "uid": "134261435",
    "url": "https://kk3.nosdn.127.net/editor/jpg/7ee54e1618576da0cc446c38de71dd42.jpg",
    "version": 1,
    "res_type": "editor_icon",
    "import_export_folder_info": "/code_explorer_custom_root_folder_name/\u6b66\u529f\u56fe\u6807"
}