{
    "custom_editor_type": "custom_editor_icon",
    "describe": "",
    "has_upload": false,
    "key": 134262741,
    "md5": "7017376e5fdecaff2782bdf0644a3362",
    "name": "\u5927\u62db\u56fe\u6807_0006s_0004_\u751f\u6b7b\u4e0d\u80fd",
    "path": "ui/134262741",
    "res_name": "\u5927\u62db\u56fe\u6807_0006s_0004_\u751f\u6b7b\u4e0d\u80fd.png",
    "size": "128X128",
    "sub_type": "icon",
    "uid": "134262741",
    "url": "https://kk3.nosdn.127.net/editor/png/0b9d65553e811b2a6dbcc13e9603fd0a.png",
    "version": 1,
    "res_type": "editor_icon",
    "import_export_folder_info": "/code_explorer_custom_root_folder_name"
}