{
    "custom_editor_type": "custom_editor_icon",
    "describe": "",
    "has_upload": false,
    "key": 134227506,
    "md5": "3fff6d5a6ad24607ff2e27d8800053ca",
    "name": "\u6797\u5fc3\u5982\u5fc3\u6cd5\u56fe\u6807",
    "path": "ui/134227506",
    "res_name": "\u6797\u5fc3\u5982\u5fc3\u6cd5\u56fe\u6807.png",
    "size": "128X128",
    "sub_type": "icon",
    "uid": "134227506",
    "url": "https://kk3.nosdn.127.net/editor/png/7882a1288e504cb4469834938db3edbb.png",
    "version": 1,
    "res_type": "editor_icon",
    "import_export_folder_info": "/code_explorer_custom_root_folder_name/\u9053\u5177\u56fe\u6807/\u6218\u6cd5\u65e0\u6846/3\u7ea7"
}