{
    "custom_editor_type": "custom_editor_icon",
    "describe": "",
    "has_upload": false,
    "key": 134252817,
    "md5": "bc2942ac27564dbe2e6e4e2e1d64161a",
    "name": "T_SkillIcon_S29",
    "path": "ui/134252817",
    "res_name": "T_SkillIcon_S29.png",
    "size": "128X128",
    "sub_type": "icon",
    "uid": "134252817",
    "url": "https://kk3.nosdn.127.net/editor/png/1952ad8283a3f916527bd9e1f35264d9.png",
    "version": 1,
    "res_type": "editor_icon",
    "import_export_folder_info": "/code_explorer_custom_root_folder_name/\u9053\u5177\u56fe\u6807/\u6218\u6cd5\u65e0\u6846/3\u7ea7"
}