{
    "custom_editor_type": "custom_editor_icon",
    "describe": "",
    "has_upload": false,
    "key": 134235217,
    "md5": "634e70b76d8c2360958c45b05c8d2003",
    "name": "\u5927\u62db\u56fe\u6807_0001s_0005_\u6db5\u52b2\u84c4\u52bf",
    "path": "ui/134235217",
    "res_name": "\u5927\u62db\u56fe\u6807_0001s_0005_\u6db5\u52b2\u84c4\u52bf.png",
    "size": "128X128",
    "sub_type": "icon",
    "uid": "134235217",
    "url": "https://kk3.nosdn.127.net/editor/png/b97c1b56891a193dc3a7d3986afb25da.png",
    "version": 1,
    "res_type": "editor_icon",
    "import_export_folder_info": "/code_explorer_custom_root_folder_name"
}