{
    "custom_editor_type": "custom_editor_icon",
    "describe": "",
    "has_upload": false,
    "key": 134282650,
    "md5": "a2ce826e8d1701ce634ad57b0c56b750",
    "name": "T_SkillIcon_S54",
    "path": "ui/134282650",
    "res_name": "T_SkillIcon_S54.png",
    "size": "128X128",
    "sub_type": "icon",
    "uid": "134282650",
    "url": "https://kk3.nosdn.127.net/editor/png/ef6bf322479e6cf19bb38461fb1db302.png",
    "version": 1,
    "res_type": "editor_icon",
    "import_export_folder_info": "/code_explorer_custom_root_folder_name/\u9053\u5177\u56fe\u6807/\u6218\u6cd5\u65e0\u6846/3\u7ea7"
}