{
    "custom_editor_type": "custom_editor_icon",
    "describe": "",
    "has_upload": false,
    "key": 134245524,
    "md5": "1e7d202c39c1cb7f9b76370a898d6fa2",
    "name": "\u5927\u62db\u56fe\u6807_0007s_0000_\u94c1\u638c\u795e\u529f",
    "path": "ui/134245524",
    "res_name": "\u5927\u62db\u56fe\u6807_0007s_0000_\u94c1\u638c\u795e\u529f.png",
    "size": "128X128",
    "sub_type": "icon",
    "uid": "134245524",
    "url": "https://kk3.nosdn.127.net/editor/png/f9eec585e622ba6dab43e45c90ba9fb2.png",
    "version": 1,
    "res_type": "editor_icon",
    "import_export_folder_info": "/code_explorer_custom_root_folder_name"
}