{
    "custom_editor_type": "custom_editor_icon",
    "describe": "",
    "has_upload": false,
    "key": 134235169,
    "md5": "76ea87ae86755e2c06711c6b3e3a5bf1",
    "name": "\u5927\u62db\u56fe\u6807_0001s_0003_\u711a\u9999\u5f02\u606f",
    "path": "ui/134235169",
    "res_name": "\u5927\u62db\u56fe\u6807_0001s_0003_\u711a\u9999\u5f02\u606f.png",
    "size": "128X128",
    "sub_type": "icon",
    "uid": "134235169",
    "url": "https://kk3.nosdn.127.net/editor/png/b9ab6ae795b610dcf7e14f604eb8b52b.png",
    "version": 1,
    "res_type": "editor_icon",
    "import_export_folder_info": "/code_explorer_custom_root_folder_name"
}