{
    "custom_editor_type": "custom_editor_icon",
    "describe": "",
    "has_upload": false,
    "key": 134274606,
    "md5": "aff6637783fbde8c3c193221840ed910",
    "name": "\u8861\u6b66\u90539",
    "path": "ui/134274606",
    "res_name": "\u8861\u6b66\u90539.png",
    "size": "128X128",
    "sub_type": "icon",
    "uid": "134274606",
    "url": "https://kk3.nosdn.127.net/editor/png/0110ea63580c654544e0249a8c75c37d.png",
    "version": 1,
    "res_type": "editor_icon",
    "import_export_folder_info": "/code_explorer_custom_root_folder_name/\u9053\u5177\u56fe\u6807/\u6218\u6cd5\u65e0\u6846/3\u7ea7"
}