{
    "custom_editor_type": "custom_editor_icon",
    "describe": "",
    "has_upload": false,
    "key": 134243799,
    "md5": "165a40941a5f73fcb02c9d65388ac9fe",
    "name": "\u5927\u62db\u56fe\u6807_0001s_0001_\u5316\u9aa8\u7ef5\u638c",
    "path": "ui/134243799",
    "res_name": "\u5927\u62db\u56fe\u6807_0001s_0001_\u5316\u9aa8\u7ef5\u638c.png",
    "size": "128X128",
    "sub_type": "icon",
    "uid": "134243799",
    "url": "https://kk3.nosdn.127.net/editor/png/71ac1037717bff58597c1fcdd7096a33.png",
    "version": 1,
    "res_type": "editor_icon",
    "import_export_folder_info": "/code_explorer_custom_root_folder_name"
}