{
    "custom_editor_type": "custom_editor_icon",
    "describe": "",
    "has_upload": false,
    "key": 134273890,
    "md5": "eb2c6b2dd08f3fd32e3c22c75391a1bf",
    "name": "\u5927\u62db\u56fe\u6807_0008s_0004_\u4e09\u5341\u4e8c\u5f0f",
    "path": "ui/134273890",
    "res_name": "\u5927\u62db\u56fe\u6807_0008s_0004_\u4e09\u5341\u4e8c\u5f0f.png",
    "size": "128X128",
    "sub_type": "icon",
    "uid": "134273890",
    "url": "https://kk3.nosdn.127.net/editor/png/e51365da69b39abe252cb63444cc2e57.png",
    "version": 1,
    "res_type": "editor_icon",
    "import_export_folder_info": "/code_explorer_custom_root_folder_name"
}