{
    "custom_editor_type": "custom_editor_icon",
    "describe": "",
    "has_upload": false,
    "key": 134239164,
    "md5": "cff8cb84cfdc2f19fcfe6619951047e2",
    "name": "\u8fdc\u7a0b\u5f13\u7badN\u4e94\u884c\u7bad\u6cd5",
    "path": "ui/134239164",
    "res_name": "\u8fdc\u7a0b\u5f13\u7badN\u4e94\u884c\u7bad\u6cd5.jpg",
    "size": "200X200",
    "sub_type": "icon",
    "uid": "134239164",
    "url": "https://kk3.nosdn.127.net/editor/jpg/d2899991cb9b2a2404149f0f7fc46255.jpg",
    "version": 1,
    "res_type": "editor_icon",
    "import_export_folder_info": "/code_explorer_custom_root_folder_name/\u6b66\u529f\u56fe\u6807"
}