{
    "custom_editor_type": "custom_editor_icon",
    "describe": "",
    "has_upload": false,
    "key": 134266216,
    "md5": "c619cd4a8879b2208b4a8f8c69b14f55",
    "name": "T_SkillIcon_S43",
    "path": "ui/134266216",
    "res_name": "T_SkillIcon_S43.png",
    "size": "128X128",
    "sub_type": "icon",
    "uid": "134266216",
    "url": "https://kk3.nosdn.127.net/editor/png/22dcbc8e3c7e6d91de99c9edd16db35b.png",
    "version": 1,
    "res_type": "editor_icon",
    "import_export_folder_info": "/code_explorer_custom_root_folder_name/\u9053\u5177\u56fe\u6807/\u6218\u6cd5\u65e0\u6846/3\u7ea7"
}