{
    "custom_editor_type": "custom_editor_icon",
    "describe": "",
    "has_upload": false,
    "key": 134256632,
    "md5": "97812a8dabb9b7c458621ebc06bab263",
    "name": "\u5916\u529fUR\u6d17\u9ad3\u7ecf",
    "path": "ui/134256632",
    "res_name": "\u5916\u529fUR\u6d17\u9ad3\u7ecf.jpg",
    "size": "200X200",
    "sub_type": "icon",
    "uid": "134256632",
    "url": "https://kk3.nosdn.127.net/editor/jpg/52551ea370c66c1c746b8d0f621b2fc8.jpg",
    "version": 1,
    "res_type": "editor_icon",
    "import_export_folder_info": "/code_explorer_custom_root_folder_name/\u6b66\u529f\u56fe\u6807"
}