{
    "custom_editor_type": "custom_editor_icon",
    "describe": "",
    "has_upload": false,
    "key": 134262358,
    "md5": "2588fb9c32d5af08201fd5748cf93bd4",
    "name": "\u67aa\u7537\u6280\u80fd-\u7a7f\u4e91",
    "path": "ui/134262358",
    "res_name": "\u67aa\u7537\u6280\u80fd-\u7a7f\u4e91.png",
    "size": "128X128",
    "sub_type": "icon",
    "uid": "134262358",
    "url": "https://kk3.nosdn.127.net/editor/png/0b7c96df206099772808e982c8ba5a99.png",
    "version": 1,
    "res_type": "editor_icon",
    "import_export_folder_info": "/code_explorer_custom_root_folder_name/\u9053\u5177\u56fe\u6807/\u6218\u6cd5\u65e0\u6846/2\u7ea7"
}