{
    "custom_editor_type": "custom_editor_icon",
    "describe": "",
    "has_upload": false,
    "key": 134266239,
    "md5": "facce23d53d36fe2c9e41580ea27d361",
    "name": "\u5947\u9635",
    "path": "ui/134266239",
    "res_name": "\u5947\u9635.png",
    "size": "256X256",
    "sub_type": "icon",
    "uid": "134266239",
    "url": "https://kk3.nosdn.127.net/editor/png/d93093bcc0c47b042fd07303c7fa7bff.png",
    "version": 1,
    "res_type": "editor_icon",
    "import_export_folder_info": "/code_explorer_custom_root_folder_name/\u9053\u5177\u56fe\u6807/\u6218\u6cd5\u65e0\u6846/\u8ffd\u52a0\u6218\u6cd5"
}