{
    "custom_editor_type": "custom_editor_icon",
    "describe": "",
    "has_upload": false,
    "key": 134277955,
    "md5": "220e36abe2e5774b8ddcc710124e1699",
    "name": "Hero_Icon_Growup_6",
    "path": "ui/134277955",
    "res_name": "Hero_Icon_Growup_6.png",
    "size": "128X128",
    "sub_type": "icon",
    "uid": "134277955",
    "url": "https://kk3.nosdn.127.net/editor/png/4992b404a521dcbbd1480b14a337d41a.png",
    "version": 1,
    "res_type": "editor_icon",
    "import_export_folder_info": "/code_explorer_custom_root_folder_name/\u9053\u5177\u56fe\u6807/\u6218\u6cd5\u65e0\u6846/2\u7ea7"
}