{
    "custom_editor_type": "custom_editor_icon",
    "describe": "",
    "has_upload": false,
    "key": 134222141,
    "md5": "6b20e394895fddbaf4d4ca0d5a2ac76b",
    "name": "\u6b66\u529f\u6b8b\u5377\u6280\u80fd\u56fe\u6807_0000_\u6280\u80fd\u56fe\u6807_0006s_0007_\u767d\u87d2\u97ad\u6cd5",
    "path": "ui/134222141",
    "res_name": "\u6b66\u529f\u6b8b\u5377\u6280\u80fd\u56fe\u6807_0000_\u6280\u80fd\u56fe\u6807_0006s_0007_\u767d\u87d2\u97ad\u6cd5.png",
    "size": "128X128",
    "sub_type": "icon",
    "uid": "134222141",
    "url": "https://kk3.nosdn.127.net/editor/png/9bfbfd27d739e501443e4f452e48dad0.png",
    "version": 1,
    "res_type": "editor_icon",
    "import_export_folder_info": "/code_explorer_custom_root_folder_name/\u6b66\u529f\u56fe\u6807"
}