{
    "custom_editor_type": "custom_editor_icon",
    "describe": "",
    "has_upload": false,
    "key": 134274724,
    "md5": "ceabbc86e1ab656633cfd00168ae9eae",
    "name": "SkillIcon11115_01",
    "path": "ui/134274724",
    "res_name": "SkillIcon11115_01.png",
    "size": "128X128",
    "sub_type": "icon",
    "uid": "134274724",
    "version": 1,
    "res_type": "editor_icon",
    "import_export_folder_info": "/code_explorer_custom_root_folder_name/\u9053\u5177\u56fe\u6807/\u6218\u6cd5\u65e0\u6846/1\u7ea7"
}