{
    "custom_editor_type": "custom_editor_icon",
    "describe": "",
    "has_upload": false,
    "key": 134277839,
    "md5": "e70d50cb567a02b33da9a874d1fa5b5b",
    "name": "\u6bd2\u8574",
    "path": "ui/134277839",
    "res_name": "\u6bd2\u8574.png",
    "size": "256X256",
    "sub_type": "icon",
    "uid": "134277839",
    "url": "https://kk3.nosdn.127.net/editor/png/192159ae12a6b787d5691c2260e5ff52.png",
    "version": 1,
    "res_type": "editor_icon",
    "import_export_folder_info": "/code_explorer_custom_root_folder_name/\u9053\u5177\u56fe\u6807/\u6218\u6cd5\u65e0\u6846/\u8ffd\u52a0\u6218\u6cd5"
}