{
    "custom_editor_type": "custom_editor_icon",
    "describe": "",
    "has_upload": false,
    "key": 134269895,
    "md5": "5f98633ea8d256c165e5be8cea1de092",
    "name": "SkillIcon11104_04",
    "path": "ui/134269895",
    "res_name": "SkillIcon11104_04.png",
    "size": "128X128",
    "sub_type": "icon",
    "uid": "134269895",
    "url": "https://kk3.nosdn.127.net/editor/png/4cfac3dbd2029e23ef78708b57ab59ae.png",
    "version": 1,
    "res_type": "editor_icon",
    "import_export_folder_info": "/code_explorer_custom_root_folder_name/\u9053\u5177\u56fe\u6807/\u6218\u6cd5\u65e0\u6846/1\u7ea7"
}