{
    "custom_editor_type": "custom_editor_icon",
    "describe": "",
    "has_upload": false,
    "key": 134247289,
    "md5": "e77459fe92191e2b3037f82fafa49f3c",
    "name": "\u6b66\u529f\u6b8b\u5377\u6280\u80fd\u56fe\u6807_0005s_0001_\u7075\u9e6b\u529f\u6cd5",
    "path": "ui/134247289",
    "res_name": "\u6b66\u529f\u6b8b\u5377\u6280\u80fd\u56fe\u6807_0005s_0001_\u7075\u9e6b\u529f\u6cd5.png",
    "size": "128X128",
    "sub_type": "icon",
    "uid": "134247289",
    "url": "https://kk3.nosdn.127.net/editor/png/e4254214950c3b7118c92affc4d4f558.png",
    "version": 1,
    "res_type": "editor_icon",
    "import_export_folder_info": "/code_explorer_custom_root_folder_name/\u6b66\u529f\u56fe\u6807"
}