{
    "custom_editor_type": "custom_editor_icon",
    "describe": "",
    "has_upload": false,
    "key": 134239003,
    "md5": "a432b47be3ebb006ff854c788525440f",
    "name": "\u6b66\u529f\u6b8b\u5377\u6280\u80fd\u56fe\u6807_0002s_0002_\u9752\u57ce\u5185\u529f_1",
    "path": "ui/134239003",
    "res_name": "\u6b66\u529f\u6b8b\u5377\u6280\u80fd\u56fe\u6807_0002s_0002_\u9752\u57ce\u5185\u529f.png",
    "size": "128X128",
    "sub_type": "icon",
    "uid": "134239003",
    "url": "https://kk3.nosdn.127.net/editor/png/37820f7fabe6f977737aec68e72e46d6.png",
    "version": 1,
    "res_type": "editor_icon",
    "import_export_folder_info": "/code_explorer_custom_root_folder_name/\u6b66\u529f\u56fe\u6807"
}