{
    "custom_editor_type": "custom_editor_icon",
    "describe": "",
    "has_upload": false,
    "key": 134231551,
    "md5": "bb36b5e99600da59f04e8e8a6d6a118f",
    "name": "SkillIcon11157_04",
    "path": "ui/134231551",
    "res_name": "SkillIcon11157_04.png",
    "size": "128X128",
    "sub_type": "icon",
    "uid": "134231551",
    "url": "https://kk3.nosdn.127.net/editor/png/389469cefcd0e5f2b4463bc64488f54c.png",
    "version": 1,
    "res_type": "editor_icon",
    "import_export_folder_info": "/code_explorer_custom_root_folder_name/\u9053\u5177\u56fe\u6807/\u6218\u6cd5\u65e0\u6846/1\u7ea7"
}