{
    "custom_editor_type": "custom_editor_icon",
    "describe": "",
    "has_upload": false,
    "key": 134263875,
    "md5": "34b9bf6e240a591b955748e0bdb88340",
    "name": "\u67aa\u7537\u6280\u80fd-\u5954\u96f7",
    "path": "ui/134263875",
    "res_name": "\u67aa\u7537\u6280\u80fd-\u5954\u96f7.png",
    "size": "128X128",
    "sub_type": "icon",
    "uid": "134263875",
    "url": "https://kk3.nosdn.127.net/editor/png/48a2f8bd0b1d539fe9d7c75a79af4ed6.png",
    "version": 1,
    "res_type": "editor_icon",
    "import_export_folder_info": "/code_explorer_custom_root_folder_name/\u9053\u5177\u56fe\u6807/\u6218\u6cd5\u65e0\u6846/3\u7ea7"
}