{
    "custom_editor_type": "custom_editor_icon",
    "describe": "",
    "has_upload": false,
    "key": 134232913,
    "md5": "2ab74a3265097576c183607ccf367b21",
    "name": "SkillIcon11112_02",
    "path": "ui/134232913",
    "res_name": "SkillIcon11112_02.png",
    "size": "128X128",
    "sub_type": "icon",
    "uid": "134232913",
    "url": "https://kk3.nosdn.127.net/editor/png/3d101162b1cdbaa6508137c1cc727912.png",
    "version": 1,
    "res_type": "editor_icon",
    "import_export_folder_info": "/code_explorer_custom_root_folder_name/\u9053\u5177\u56fe\u6807/\u6218\u6cd5\u65e0\u6846/2\u7ea7"
}