{
    "custom_editor_type": "custom_editor_icon",
    "describe": "",
    "has_upload": false,
    "key": 134257701,
    "md5": "4e432548fd294092fa2fc29fdd015c74",
    "name": "\u6b66\u529f\u6b8b\u5377\u6280\u80fd\u56fe\u6807_0002s_0005_\u6613\u7b4b\u7ecf",
    "path": "ui/134257701",
    "res_name": "\u6b66\u529f\u6b8b\u5377\u6280\u80fd\u56fe\u6807_0002s_0005_\u6613\u7b4b\u7ecf.png",
    "size": "128X128",
    "sub_type": "icon",
    "uid": "134257701",
    "url": "https://kk3.nosdn.127.net/editor/png/9f0c78b2494f9efbd3f365cc1b2ccd7a.png",
    "version": 1,
    "res_type": "editor_icon",
    "import_export_folder_info": "/code_explorer_custom_root_folder_name/\u6b66\u529f\u56fe\u6807"
}