{
    "custom_editor_type": "custom_editor_icon",
    "describe": "",
    "has_upload": false,
    "key": 134239693,
    "md5": "f562fa77d476aa5786722daaa6687fb6",
    "name": "\u5947\u672f\u5438\u8840UR\u86e4\u87c6\u529f",
    "path": "ui/134239693",
    "res_name": "\u5947\u672f\u5438\u8840UR\u86e4\u87c6\u529f.jpg",
    "size": "200X200",
    "sub_type": "icon",
    "uid": "134239693",
    "version": 1,
    "res_type": "editor_icon",
    "import_export_folder_info": "/code_explorer_custom_root_folder_name/\u6b66\u529f\u56fe\u6807"
}