{
    "custom_editor_type": "custom_editor_icon",
    "describe": "",
    "has_upload": false,
    "key": 134265708,
    "md5": "e832edcfcf286befc250715e3b358145",
    "name": "\u6cd5\u5251\u6280\u80fd-\u5fa1\u5251\u51b3",
    "path": "ui/134265708",
    "res_name": "\u6cd5\u5251\u6280\u80fd-\u5fa1\u5251\u51b3.png",
    "size": "128X128",
    "sub_type": "icon",
    "uid": "134265708",
    "url": "https://kk3.nosdn.127.net/editor/png/58eeadc336a19a2e91ba5912d51eaf73.png",
    "version": 1,
    "res_type": "editor_icon",
    "import_export_folder_info": "/code_explorer_custom_root_folder_name/\u9053\u5177\u56fe\u6807/\u6218\u6cd5\u65e0\u6846/2\u7ea7"
}