{
    "custom_editor_type": "custom_editor_icon",
    "describe": "",
    "has_upload": false,
    "key": 134261283,
    "md5": "2dbac4f1626c6a0349139b8ba1f3ea44",
    "name": "\u5f02\u672fUR\u9634\u9633\u5f52\u4e00",
    "path": "ui/134261283",
    "res_name": "\u5f02\u672fUR\u9634\u9633\u5f52\u4e00.jpg",
    "size": "200X200",
    "sub_type": "icon",
    "uid": "134261283",
    "url": "https://kk3.nosdn.127.net/editor/jpg/8da542e327e04121d21eee0200772dec.jpg",
    "version": 1,
    "res_type": "editor_icon",
    "import_export_folder_info": "/code_explorer_custom_root_folder_name"
}