{
    "custom_editor_type": "custom_editor_icon",
    "describe": "",
    "has_upload": false,
    "key": 134260835,
    "md5": "743e0a8180ed9046718ea718e668a6f2",
    "name": "\u673a\u5173\u672f\u673a\u5173\u4eba3\u6280\u80fd",
    "path": "ui/134260835",
    "res_name": "\u673a\u5173\u672f\u673a\u5173\u4eba3\u6280\u80fd.png",
    "size": "200X200",
    "sub_type": "icon",
    "uid": "134260835",
    "version": 1,
    "res_type": "editor_icon",
    "import_export_folder_info": "/code_explorer_custom_root_folder_name/\u6b66\u529f\u56fe\u6807"
}