{
    "custom_editor_type": "custom_editor_icon",
    "describe": "",
    "has_upload": false,
    "key": 134257442,
    "md5": "0bb405f4c5da30570fff0bf30125dd0e",
    "name": "T_BarrackTech_10",
    "path": "ui/134257442",
    "res_name": "T_BarrackTech_10.png",
    "size": "128X128",
    "sub_type": "icon",
    "uid": "134257442",
    "url": "https://kk3.nosdn.127.net/editor/png/fbd3af9e6d77f8e155db565de8388103.png",
    "version": 1,
    "res_type": "editor_icon",
    "import_export_folder_info": "/code_explorer_custom_root_folder_name/\u9053\u5177\u56fe\u6807/\u6218\u6cd5\u65e0\u6846/2\u7ea7"
}