{
    "custom_editor_type": "custom_editor_icon",
    "describe": "",
    "has_upload": false,
    "key": 134249046,
    "md5": "6df6605f374083e6f029e1ab2af210db",
    "name": "SkillIcon11111_03",
    "path": "ui/134249046",
    "res_name": "SkillIcon11111_03.png",
    "size": "128X128",
    "sub_type": "icon",
    "uid": "134249046",
    "version": 1,
    "res_type": "editor_icon",
    "import_export_folder_info": "/code_explorer_custom_root_folder_name/\u9053\u5177\u56fe\u6807/\u6218\u6cd5\u65e0\u6846/2\u7ea7"
}