{
    "custom_editor_type": "custom_editor_icon",
    "describe": "",
    "has_upload": false,
    "key": 134266978,
    "md5": "2baf2cf723ab064b9d0e2dd1d77e9a23",
    "name": "\u79d1\u6280_0008_\u751f\u5b58",
    "path": "ui/134266978",
    "res_name": "\u79d1\u6280_0008_\u751f\u5b58.png",
    "size": "128X128",
    "sub_type": "icon",
    "uid": "134266978",
    "url": "https://kk3.nosdn.127.net/editor/png/a9f059390a4009ce0791dcf6ca7aac14.png",
    "version": 1,
    "res_type": "editor_icon",
    "import_export_folder_info": "/code_explorer_custom_root_folder_name/\u79d1\u6280icon"
}