{
    "custom_editor_type": "custom_editor_icon",
    "describe": "",
    "has_upload": false,
    "key": 134282312,
    "md5": "55de0c440b16d421fedd6a07ee8d102f",
    "name": "\u79d1\u6280_0005_\u5f02\u672f",
    "path": "ui/134282312",
    "res_name": "\u79d1\u6280_0005_\u5f02\u672f.png",
    "size": "128X128",
    "sub_type": "icon",
    "uid": "134282312",
    "url": "https://kk3.nosdn.127.net/editor/png/5e5b76e8d69ca48fd84906030772854d.png",
    "version": 1,
    "res_type": "editor_icon",
    "import_export_folder_info": "/code_explorer_custom_root_folder_name/\u79d1\u6280icon"
}