{
    "custom_editor_type": "custom_editor_icon",
    "describe": "",
    "has_upload": false,
    "key": 134253536,
    "md5": "de456328cfd6f19fa0c375fbf4af47f2",
    "name": "SkillIcon11137_01",
    "path": "ui/134253536",
    "res_name": "SkillIcon11137_01.png",
    "size": "128X128",
    "sub_type": "icon",
    "uid": "134253536",
    "url": "https://kk3.nosdn.127.net/editor/png/e064e7e47c885591d22d4044f012631d.png",
    "version": 1,
    "res_type": "editor_icon",
    "import_export_folder_info": "/code_explorer_custom_root_folder_name/\u9053\u5177\u56fe\u6807/\u6218\u6cd5\u65e0\u6846/1\u7ea7"
}