{
    "custom_editor_type": "custom_editor_icon",
    "describe": "",
    "has_upload": false,
    "key": 134276339,
    "md5": "0cce2c70af358643c1b911005c409b43",
    "name": "\u5927\u62db\u56fe\u6807_0007s_0005_\u795e\u9f99\u6446\u5c3e",
    "path": "ui/134276339",
    "res_name": "\u5927\u62db\u56fe\u6807_0007s_0005_\u795e\u9f99\u6446\u5c3e.png",
    "size": "128X128",
    "sub_type": "icon",
    "uid": "134276339",
    "url": "https://kk3.nosdn.127.net/editor/png/d08271ed85f8c56b0b2d4dc7694f5004.png",
    "version": 1,
    "res_type": "editor_icon",
    "import_export_folder_info": "/code_explorer_custom_root_folder_name"
}