{
    "custom_editor_type": "custom_editor_icon",
    "describe": "",
    "has_upload": false,
    "key": 134219567,
    "md5": "09faead6a2f88f444c80e9750ff12420",
    "name": "SkillIcon11139_03",
    "path": "ui/134219567",
    "res_name": "SkillIcon11139_03.png",
    "size": "128X128",
    "sub_type": "icon",
    "uid": "134219567",
    "url": "https://kk3.nosdn.127.net/editor/png/0328922efced1141ef1b6be36d3aa8cc.png",
    "version": 1,
    "res_type": "editor_icon",
    "import_export_folder_info": "/code_explorer_custom_root_folder_name/\u9053\u5177\u56fe\u6807/\u6218\u6cd5\u65e0\u6846/1\u7ea7"
}