{
    "custom_editor_type": "custom_editor_icon",
    "describe": "",
    "has_upload": false,
    "key": 134253797,
    "md5": "e83c0747dd77b7e54f216cf9da130bde",
    "name": "\u5fa1\u6b66\u90538",
    "path": "ui/134253797",
    "res_name": "\u5fa1\u6b66\u90538.png",
    "size": "128X128",
    "sub_type": "icon",
    "uid": "134253797",
    "url": "https://kk3.nosdn.127.net/editor/png/8fbba0a1a30f6bcea2cb64f53583aa78.png",
    "version": 1,
    "res_type": "editor_icon",
    "import_export_folder_info": "/code_explorer_custom_root_folder_name/\u9053\u5177\u56fe\u6807/\u6218\u6cd5\u65e0\u6846/3\u7ea7"
}