{
    "custom_editor_type": "custom_editor_icon",
    "describe": "",
    "has_upload": false,
    "key": 134274217,
    "md5": "526027921f8cc47e3b50d019c521cd4d",
    "name": "SkillIcon11138_02",
    "path": "ui/134274217",
    "res_name": "SkillIcon11138_02.png",
    "size": "128X128",
    "sub_type": "icon",
    "uid": "134274217",
    "url": "https://kk3.nosdn.127.net/editor/png/9366bc3310e2cec5db8414a6d1cac97c.png",
    "version": 1,
    "res_type": "editor_icon",
    "import_export_folder_info": "/code_explorer_custom_root_folder_name/\u9053\u5177\u56fe\u6807/\u6218\u6cd5\u65e0\u6846/1\u7ea7"
}