{
    "custom_editor_type": "custom_editor_icon",
    "describe": "",
    "has_upload": false,
    "key": 134246288,
    "md5": "4a29837e0902a5ee14e0fbcd6b0bad2f",
    "name": "\u6b66\u529f\u6b8b\u5377\u6280\u80fd\u56fe\u6807_0004s_0009_\u836f\u738b\u795e\u7bc7",
    "path": "ui/134246288",
    "res_name": "\u6b66\u529f\u6b8b\u5377\u6280\u80fd\u56fe\u6807_0004s_0009_\u836f\u738b\u795e\u7bc7.png",
    "size": "128X128",
    "sub_type": "icon",
    "uid": "134246288",
    "url": "https://kk3.nosdn.127.net/editor/png/b99e66c3658c0793693a9d669eedb36b.png",
    "version": 1,
    "res_type": "editor_icon",
    "import_export_folder_info": "/code_explorer_custom_root_folder_name/\u6b66\u529f\u56fe\u6807"
}