{
    "custom_editor_type": "custom_editor_icon",
    "describe": "",
    "has_upload": false,
    "key": 134257427,
    "md5": "901ed2932d011e9eb5b5772bd1cd5419",
    "name": "SkillIcon11121_01",
    "path": "ui/134257427",
    "res_name": "SkillIcon11121_01.png",
    "size": "128X128",
    "sub_type": "icon",
    "uid": "134257427",
    "url": "https://kk3.nosdn.127.net/editor/png/e8a2942534bf44de92e5e86884f168d0.png",
    "version": 1,
    "res_type": "editor_icon",
    "import_export_folder_info": "/code_explorer_custom_root_folder_name/\u9053\u5177\u56fe\u6807/\u6218\u6cd5\u65e0\u6846/3\u7ea7"
}