{
    "custom_editor_type": "custom_editor_icon",
    "describe": "",
    "has_upload": false,
    "key": 134269920,
    "md5": "4fc8f4cb2122932dadfdcdf3a2e8020b",
    "name": "\u5927\u9524",
    "path": "ui/134269920",
    "res_name": "\u5927\u9524.png",
    "size": "256X256",
    "sub_type": "icon",
    "uid": "134269920",
    "url": "https://kk3.nosdn.127.net/editor/png/945cb05bc0266d432f4af49e0aa3482b.png",
    "version": 1,
    "res_type": "editor_icon",
    "import_export_folder_info": "/code_explorer_custom_root_folder_name/\u9053\u5177\u56fe\u6807/\u6218\u6cd5\u65e0\u6846/\u8ffd\u52a0\u6218\u6cd5"
}