{
    "custom_editor_type": "custom_editor_icon",
    "describe": "",
    "has_upload": false,
    "key": 134252870,
    "md5": "b32cd7c388f5d5c3dccc41b37d1f71d5",
    "name": "\u8fdc\u7a0b\u97ad\u6cd5R\u91d1\u9f99\u97ad\u6cd5",
    "path": "ui/134252870",
    "res_name": "\u8fdc\u7a0b\u97ad\u6cd5R\u91d1\u9f99\u97ad\u6cd5.jpg",
    "size": "200X200",
    "sub_type": "icon",
    "uid": "134252870",
    "url": "https://kk3.nosdn.127.net/editor/jpg/9baba7346c08ff1d7c1cd7825fd88bc7.jpg",
    "version": 1,
    "res_type": "editor_icon",
    "import_export_folder_info": "/code_explorer_custom_root_folder_name/\u6b66\u529f\u56fe\u6807"
}