{
    "custom_editor_type": "custom_editor_icon",
    "describe": "",
    "has_upload": false,
    "key": 134221713,
    "md5": "045373739fa8b0dbf16b3afa484641c8",
    "name": "\u673a\u5173\u672f\u673a\u5173\u4eba3\u666e\u653b",
    "path": "ui/134221713",
    "res_name": "\u673a\u5173\u672f\u673a\u5173\u4eba3\u666e\u653b.png",
    "size": "200X200",
    "sub_type": "icon",
    "uid": "134221713",
    "url": "https://kk3.nosdn.127.net/editor/png/ae86e52f5b85abcd6e02118f7bfc71ff.png",
    "version": 1,
    "res_type": "editor_icon",
    "import_export_folder_info": "/code_explorer_custom_root_folder_name/\u6b66\u529f\u56fe\u6807"
}