{
    "custom_editor_type": "custom_editor_icon",
    "describe": "",
    "has_upload": false,
    "key": 134265330,
    "md5": "622cafab664e0833ea499dab58c275e0",
    "name": "\u5927\u62db\u56fe\u6807_0004s_0004_\u75be\u98ce\u795e\u7bad",
    "path": "ui/134265330",
    "res_name": "\u5927\u62db\u56fe\u6807_0004s_0004_\u75be\u98ce\u795e\u7bad.png",
    "size": "128X128",
    "sub_type": "icon",
    "uid": "134265330",
    "url": "https://kk3.nosdn.127.net/editor/png/a72e93014b2c10034f898cec492ba2bd.png",
    "version": 1,
    "res_type": "editor_icon",
    "import_export_folder_info": "/code_explorer_custom_root_folder_name"
}