{
    "custom_editor_type": "custom_editor_icon",
    "describe": "",
    "has_upload": false,
    "key": 134270713,
    "md5": "0ee9732af5204c2b3eb53463700ba0d9",
    "name": "\u5916\u529fSR\u795e\u7167\u7ecf",
    "path": "ui/134270713",
    "res_name": "\u5916\u529fSR\u795e\u7167\u7ecf.jpg",
    "size": "200X200",
    "sub_type": "icon",
    "uid": "134270713",
    "url": "https://kk3.nosdn.127.net/editor/jpg/9212615690e3dade7df7c0bd9d5eec97.jpg",
    "version": 1,
    "res_type": "editor_icon",
    "import_export_folder_info": "/code_explorer_custom_root_folder_name/\u6b66\u529f\u56fe\u6807"
}