{
    "custom_editor_type": "custom_editor_icon",
    "describe": "",
    "has_upload": false,
    "key": 134267905,
    "md5": "0fed5f86660022e2ba5110bb9ad21fa6",
    "name": "\u6b66\u529f\u6b8b\u5377\u6280\u80fd\u56fe\u6807_0005s_0000_\u98de\u82b1\u4ee4",
    "path": "ui/134267905",
    "res_name": "\u6b66\u529f\u6b8b\u5377\u6280\u80fd\u56fe\u6807_0005s_0000_\u98de\u82b1\u4ee4.png",
    "size": "128X128",
    "sub_type": "icon",
    "uid": "134267905",
    "url": "https://kk3.nosdn.127.net/editor/png/c7bd38d32d93c0cc21f0ad804bb6cba0.png",
    "version": 1,
    "res_type": "editor_icon",
    "import_export_folder_info": "/code_explorer_custom_root_folder_name/\u6b66\u529f\u56fe\u6807"
}