{
    "custom_editor_type": "custom_editor_icon",
    "describe": "",
    "has_upload": false,
    "import_export_folder_info": "/code_explorer_custom_root_folder_name/\u9053\u5177\u56fe\u6807/\u6218\u6cd5\u65e0\u6846/4\u7ea7",
    "key": 134240143,
    "md5": "bf6b2c70578b11f949077258b9af5d78",
    "name": "SkillIcon11121_02",
    "path": "ui/134240143",
    "res_name": "SkillIcon11121_02.png",
    "res_type": "editor_icon",
    "size": "128X128",
    "sub_type": "icon",
    "uid": "134240143",
    "version": 1
}