{
    "custom_editor_type": "custom_editor_icon",
    "describe": "",
    "has_upload": false,
    "key": 134230422,
    "md5": "a0804f3a87eef4d0abeb62141fd1643e",
    "name": "\u8fdc\u7a0b\u6697\u5668SR\u6f2b\u5929\u82b1\u96e8",
    "path": "ui/134230422",
    "res_name": "\u8fdc\u7a0b\u6697\u5668SR\u6f2b\u5929\u82b1\u96e8.jpg",
    "size": "200X200",
    "sub_type": "icon",
    "uid": "134230422",
    "url": "https://kk3.nosdn.127.net/editor/jpg/cecfe431cc01822907139c65bcab4551.jpg",
    "version": 1,
    "res_type": "editor_icon",
    "import_export_folder_info": "/code_explorer_custom_root_folder_name/\u6b66\u529f\u56fe\u6807"
}