{
    "custom_editor_type": "custom_editor_icon",
    "describe": "",
    "has_upload": false,
    "key": 134254992,
    "md5": "cbfcfde1cbf00f96a2048d5c46681762",
    "name": "SkillIcon11136_04",
    "path": "ui/134254992",
    "res_name": "SkillIcon11136_04.png",
    "size": "128X128",
    "sub_type": "icon",
    "uid": "134254992",
    "url": "https://kk3.nosdn.127.net/editor/png/ea1ba436c8de8b14993ac03422dfc8d3.png",
    "version": 1,
    "res_type": "editor_icon",
    "import_export_folder_info": "/code_explorer_custom_root_folder_name/\u9053\u5177\u56fe\u6807/\u6218\u6cd5\u65e0\u6846/3\u7ea7"
}