{
    "custom_editor_type": "custom_editor_icon",
    "describe": "",
    "has_upload": false,
    "key": 134239546,
    "md5": "f705210592fa02fb8c09a449f8f58ab2",
    "name": "Legend_13",
    "path": "ui/134239546",
    "res_name": "Legend_13.png",
    "size": "128X128",
    "sub_type": "icon",
    "uid": "134239546",
    "version": 1,
    "res_type": "editor_icon",
    "import_export_folder_info": "/code_explorer_custom_root_folder_name/\u9053\u5177\u56fe\u6807/\u6218\u6cd5\u65e0\u6846/4\u7ea7"
}