{
    "custom_editor_type": "custom_editor_icon",
    "describe": "",
    "has_upload": false,
    "key": 134260279,
    "md5": "010de2405172daac102f22155507acb1",
    "name": "Legend_6",
    "path": "ui/134260279",
    "res_name": "Legend_6.png",
    "size": "128X128",
    "sub_type": "icon",
    "uid": "134260279",
    "version": 1,
    "res_type": "editor_icon",
    "import_export_folder_info": "/code_explorer_custom_root_folder_name/\u9053\u5177\u56fe\u6807/\u6218\u6cd5\u65e0\u6846/1\u7ea7"
}