{
    "custom_editor_type": "custom_editor_icon",
    "describe": "",
    "has_upload": false,
    "key": 134240800,
    "md5": "ad252320025513b21220080632582c04",
    "name": "\u5927\u62db\u56fe\u6807_0006s_0002_\u6f2b\u5929\u91d1\u9488",
    "path": "ui/134240800",
    "res_name": "\u5927\u62db\u56fe\u6807_0006s_0002_\u6f2b\u5929\u91d1\u9488.png",
    "size": "128X128",
    "sub_type": "icon",
    "uid": "134240800",
    "url": "https://kk3.nosdn.127.net/editor/png/b4328d6262a48bc51ec8754252bc349d.png",
    "version": 1,
    "res_type": "editor_icon",
    "import_export_folder_info": "/code_explorer_custom_root_folder_name"
}