{
    "custom_editor_type": "custom_editor_icon",
    "describe": "",
    "has_upload": false,
    "key": 134234238,
    "md5": "6b524b6d2f61f09c30d48fa573974266",
    "name": "\u8fd1\u6218\u5200\u6cd5R\u9634\u98ce\u5200\u6cd5",
    "path": "ui/134234238",
    "res_name": "\u8fd1\u6218\u5200\u6cd5R\u9634\u98ce\u5200\u6cd5.jpg",
    "size": "200X200",
    "sub_type": "icon",
    "uid": "134234238",
    "url": "https://kk3.nosdn.127.net/editor/jpg/8080547c74980b7dc687a1b67f4931a0.jpg",
    "version": 1,
    "res_type": "editor_icon",
    "import_export_folder_info": "/code_explorer_custom_root_folder_name/\u6b66\u529f\u56fe\u6807"
}