{
    "custom_editor_type": "custom_editor_icon",
    "describe": "",
    "has_upload": false,
    "key": 134233331,
    "md5": "32d821264930e91cb70e8abb89a6b6b6",
    "name": "\u6b66\u529f\u6b8b\u5377\u6280\u80fd\u56fe\u6807_0004s_0002_\u5438\u661f\u5927\u6cd5",
    "path": "ui/134233331",
    "res_name": "\u6b66\u529f\u6b8b\u5377\u6280\u80fd\u56fe\u6807_0004s_0002_\u5438\u661f\u5927\u6cd5.png",
    "size": "128X128",
    "sub_type": "icon",
    "uid": "134233331",
    "url": "https://kk3.nosdn.127.net/editor/png/b07046e78596759ee78c3536dd8a5cdf.png",
    "version": 1,
    "res_type": "editor_icon",
    "import_export_folder_info": "/code_explorer_custom_root_folder_name/\u6b66\u529f\u56fe\u6807"
}