{
    "custom_editor_type": "custom_editor_icon",
    "describe": "",
    "has_upload": false,
    "key": 134233605,
    "md5": "7bc949560d50aa4a77ab257f8fef1644",
    "name": "SkillIcon12492_03",
    "path": "ui/134233605",
    "res_name": "SkillIcon12492_03.png",
    "size": "128X128",
    "sub_type": "icon",
    "uid": "134233605",
    "url": "https://kk3.nosdn.127.net/editor/png/1cc3b1c3d9e5b962032ad692faad4da2.png",
    "version": 1,
    "res_type": "editor_icon",
    "import_export_folder_info": "/code_explorer_custom_root_folder_name/\u9053\u5177\u56fe\u6807/\u6218\u6cd5\u65e0\u6846/3\u7ea7"
}