{
    "custom_editor_type": "custom_editor_icon",
    "describe": "",
    "has_upload": false,
    "key": 134222936,
    "md5": "f091225420e5f0175fe07d7c0b75bdea",
    "name": "SkillIcon11154_04",
    "path": "ui/134222936",
    "res_name": "SkillIcon11154_04.png",
    "size": "128X128",
    "sub_type": "icon",
    "uid": "134222936",
    "url": "https://kk3.nosdn.127.net/editor/png/231c87b8997a04113184d954f978f154.png",
    "version": 1,
    "res_type": "editor_icon",
    "import_export_folder_info": "/code_explorer_custom_root_folder_name/\u9053\u5177\u56fe\u6807/\u6218\u6cd5\u65e0\u6846/1\u7ea7"
}