{
    "custom_editor_type": "custom_editor_icon",
    "describe": "",
    "has_upload": false,
    "key": 134275706,
    "md5": "91f0a98968592bc65dc81b31c984e16d",
    "name": "\u5927\u62db\u56fe\u6807_0007s_0001_\u635f\u5fc3",
    "path": "ui/134275706",
    "res_name": "\u5927\u62db\u56fe\u6807_0007s_0001_\u635f\u5fc3.png",
    "size": "128X128",
    "sub_type": "icon",
    "uid": "134275706",
    "url": "https://kk3.nosdn.127.net/editor/png/56ffb21249de79ac26a108f72c8413f8.png",
    "version": 1,
    "res_type": "editor_icon",
    "import_export_folder_info": "/code_explorer_custom_root_folder_name"
}