{
    "custom_editor_type": "custom_editor_icon",
    "describe": "",
    "has_upload": false,
    "key": 134226655,
    "md5": "7b63604d6148218d30556edddeb2f468",
    "name": "T_SkillIcon_S2",
    "path": "ui/134226655",
    "res_name": "T_SkillIcon_S2.png",
    "size": "128X128",
    "sub_type": "icon",
    "uid": "134226655",
    "url": "https://kk3.nosdn.127.net/editor/png/4b3a690abbda0b26887102611863d926.png",
    "version": 1,
    "res_type": "editor_icon",
    "import_export_folder_info": "/code_explorer_custom_root_folder_name/\u9053\u5177\u56fe\u6807/\u6218\u6cd5\u65e0\u6846/3\u7ea7"
}