<?xml version="1.0" encoding="utf-8"?>
<Resource>
	<Version>2</Version>
	<SMaterialData>
		<Root>
			<Sub/>
			<Entity type="SMaterialData">
				<name/>
				<info>
					<Layers count="1" ordered="true">
						<Element index="0">
							<LayerName>2f05a03d-bf8b-4505-ba35-8555423aa8b5</LayerName>
							<ShaderName>c5c7cfa0-a62d-416d-b1fc-4a598ee8732e</ShaderName>
							<Parameters count="3" ordered="true">
								<Element index="0">
									<Name>tBaseMap</Name>
									<Value>e9bc3609-3ddc-4707-84e5-8305be275ebe</Value>
								</Element>
								<Element index="1">
									<Name>tNormalMap</Name>
									<Value>71c29245-c50c-42b6-ae14-9e7a68e117e9</Value>
								</Element>
								<Element index="2">
									<Name>tMixMap</Name>
									<Value>09f764ea-ddfd-41a6-b221-5269c4588084</Value>
								</Element>
							</Parameters>
							<MultiPassMaterials count="0" ordered="true"/>
							<MaterialTrans count="0" ordered="true"/>
						</Element>
					</Layers>
					<ExtTech>1</ExtTech>
				</info>
				<flags count="1" ordered="true">
					<Element index="0">262161</Element>
				</flags>
				<customRenderset count="1" ordered="true">
					<Element index="0">0</Element>
				</customRenderset>
			</Entity>
		</Root>
	</SMaterialData>
</Resource>
