{
    "custom_editor_type": "custom_editor_icon",
    "describe": "",
    "has_upload": false,
    "key": 134233442,
    "md5": "aa55168ff1972e15eb823618b8fce9d7",
    "name": "SkillIcon11145_04",
    "path": "ui/134233442",
    "res_name": "SkillIcon11145_04.png",
    "size": "128X128",
    "sub_type": "icon",
    "uid": "134233442",
    "url": "https://kk3.nosdn.127.net/editor/png/693318d4fb95da161706b0a33ef484c2.png",
    "version": 1,
    "res_type": "editor_icon",
    "import_export_folder_info": "/code_explorer_custom_root_folder_name/\u9053\u5177\u56fe\u6807/\u6218\u6cd5\u65e0\u6846/3\u7ea7"
}