{
    "custom_editor_type": "custom_editor_icon",
    "describe": "",
    "has_upload": false,
    "key": 134268272,
    "md5": "b50ea989f73743a617d177042186ee66",
    "name": "\u5f02\u672fSSR\u516b\u5366\u9635",
    "path": "ui/134268272",
    "res_name": "\u5f02\u672fSSR\u516b\u5366\u9635.jpg",
    "size": "200X200",
    "sub_type": "icon",
    "uid": "134268272",
    "url": "https://kk3.nosdn.127.net/editor/jpg/cdbc7a3f7b3af2b1e9d95bee1a91fad2.jpg",
    "version": 1,
    "res_type": "editor_icon",
    "import_export_folder_info": "/code_explorer_custom_root_folder_name/\u6b66\u529f\u56fe\u6807"
}