{
    "custom_editor_type": "custom_editor_icon",
    "describe": "",
    "has_upload": false,
    "key": 134231955,
    "md5": "077e90501cb782ada3d450201eceb118",
    "name": "\u5927\u62db\u56fe\u6807_0003s_0004_\u4f9d\u4e91\u968f\u98ce",
    "path": "ui/134231955",
    "res_name": "\u5927\u62db\u56fe\u6807_0003s_0004_\u4f9d\u4e91\u968f\u98ce.png",
    "size": "128X128",
    "sub_type": "icon",
    "uid": "134231955",
    "url": "https://kk3.nosdn.127.net/editor/png/b7e43330812bc11eca5fd24f7adce14d.png",
    "version": 1,
    "res_type": "editor_icon",
    "import_export_folder_info": "/code_explorer_custom_root_folder_name"
}