{
    "custom_editor_type": "custom_editor_icon",
    "describe": "",
    "has_upload": false,
    "key": 134245579,
    "md5": "aa92d6998c764b01a1cc5e3efb5764f7",
    "name": "SkillIcon11142_02",
    "path": "ui/134245579",
    "res_name": "SkillIcon11142_02.png",
    "size": "128X128",
    "sub_type": "icon",
    "uid": "134245579",
    "url": "https://kk3.nosdn.127.net/editor/png/8e9a1fef879a72aa775fbb8fbfe09dce.png",
    "version": 1,
    "res_type": "editor_icon",
    "import_export_folder_info": "/code_explorer_custom_root_folder_name/\u9053\u5177\u56fe\u6807/\u6218\u6cd5\u65e0\u6846/3\u7ea7"
}