{
    "custom_editor_type": "custom_editor_icon",
    "describe": "",
    "has_upload": false,
    "key": 134218442,
    "md5": "16f7d315c6fd425525f4987107130c15",
    "name": "\u8f7b\u529fN\u68af\u4e91\u7eb5",
    "path": "ui/134218442",
    "res_name": "\u8f7b\u529fN\u68af\u4e91\u7eb5.jpg",
    "size": "200X200",
    "sub_type": "icon",
    "uid": "134218442",
    "url": "https://kk3.nosdn.127.net/editor/jpg/be760af46044052efc25d39da2b9c5e2.jpg",
    "version": 1,
    "res_type": "editor_icon",
    "import_export_folder_info": "/code_explorer_custom_root_folder_name/\u6b66\u529f\u56fe\u6807"
}