{
    "custom_editor_type": "custom_editor_icon",
    "describe": "",
    "has_upload": false,
    "key": 134262879,
    "md5": "d8ef72e50d2a12d436c3149a049b62f0",
    "name": "\u8861\u6b66\u90533",
    "path": "ui/134262879",
    "res_name": "\u8861\u6b66\u90533.png",
    "size": "128X128",
    "sub_type": "icon",
    "uid": "134262879",
    "url": "https://kk3.nosdn.127.net/editor/png/940814cf41e694b2596733603577f34d.png",
    "version": 1,
    "res_type": "editor_icon",
    "import_export_folder_info": "/code_explorer_custom_root_folder_name/\u9053\u5177\u56fe\u6807/\u6218\u6cd5\u65e0\u6846/4\u7ea7"
}