{
    "custom_editor_type": "custom_editor_icon",
    "describe": "",
    "has_upload": false,
    "key": 134252526,
    "md5": "af47ab32454f26ff4d8245e8fe4903b4",
    "name": "\u6b66\u529f\u6b8b\u5377\u6280\u80fd\u56fe\u6807_0005s_0004_\u8475\u82b1\u5b9d\u5178",
    "path": "ui/134252526",
    "res_name": "\u6b66\u529f\u6b8b\u5377\u6280\u80fd\u56fe\u6807_0005s_0004_\u8475\u82b1\u5b9d\u5178.png",
    "size": "128X128",
    "sub_type": "icon",
    "uid": "134252526",
    "url": "https://kk3.nosdn.127.net/editor/png/00d236e1f2157462abc4346a04bcaebf.png",
    "version": 1,
    "res_type": "editor_icon",
    "import_export_folder_info": "/code_explorer_custom_root_folder_name/\u6b66\u529f\u56fe\u6807"
}