{
    "custom_editor_type": "custom_editor_icon",
    "describe": "",
    "has_upload": false,
    "key": 134245157,
    "md5": "ceeebb032e7c5ee03e459ca71dbd2c23",
    "name": "\u6b66\u529f\u6b8b\u5377\u6280\u80fd\u56fe\u6807_0004s_0000_\u9f9f\u7532\u795e\u529f",
    "path": "ui/134245157",
    "res_name": "\u6b66\u529f\u6b8b\u5377\u6280\u80fd\u56fe\u6807_0004s_0000_\u9f9f\u7532\u795e\u529f.png",
    "size": "128X128",
    "sub_type": "icon",
    "uid": "134245157",
    "url": "https://kk3.nosdn.127.net/editor/png/9a7c935ca56a0f1c9671894ff0f3831e.png",
    "version": 1,
    "res_type": "editor_icon",
    "import_export_folder_info": "/code_explorer_custom_root_folder_name/\u6b66\u529f\u56fe\u6807"
}