{
    "custom_editor_type": "custom_editor_icon",
    "describe": "",
    "has_upload": false,
    "key": 134262398,
    "md5": "19e236b5883beafda4cba21dd0a880b1",
    "name": "\u8fd1\u6218\u5200\u6cd5SR\u8840\u5200\u6cd5",
    "path": "ui/134262398",
    "res_name": "\u8fd1\u6218\u5200\u6cd5SR\u8840\u5200\u6cd5.jpg",
    "size": "200X200",
    "sub_type": "icon",
    "uid": "134262398",
    "url": "https://kk3.nosdn.127.net/editor/jpg/d9f2384098c7be8b8eeaa83740ba1bbd.jpg",
    "version": 1,
    "res_type": "editor_icon",
    "import_export_folder_info": "/code_explorer_custom_root_folder_name/\u6b66\u529f\u56fe\u6807"
}