{
    "custom_editor_type": "custom_editor_icon",
    "describe": "",
    "has_upload": false,
    "key": 134233325,
    "md5": "0f205db96baf738892039710e7472416",
    "name": "\u653b\u6b66\u905312",
    "path": "ui/134233325",
    "res_name": "\u653b\u6b66\u905312.png",
    "size": "128X128",
    "sub_type": "icon",
    "uid": "134233325",
    "url": "https://kk3.nosdn.127.net/editor/png/b65144aee281b8dc57df721ae7fc46e5.png",
    "version": 1,
    "res_type": "editor_icon",
    "import_export_folder_info": "/code_explorer_custom_root_folder_name/\u9053\u5177\u56fe\u6807/\u6218\u6cd5\u65e0\u6846/2\u7ea7"
}