{
    "custom_editor_type": "custom_editor_icon",
    "describe": "",
    "has_upload": false,
    "key": 134267303,
    "md5": "793082d5149e74a509e895988eb67486",
    "name": "\u5927\u62db\u56fe\u6807_0008s_0001_\u5929\u67a2\u5251\u5f0f",
    "path": "ui/134267303",
    "res_name": "\u5927\u62db\u56fe\u6807_0008s_0001_\u5929\u67a2\u5251\u5f0f.png",
    "size": "128X128",
    "sub_type": "icon",
    "uid": "134267303",
    "url": "https://kk3.nosdn.127.net/editor/png/8386d3647aee2fabd21be77418067aba.png",
    "version": 1,
    "res_type": "editor_icon",
    "import_export_folder_info": "/code_explorer_custom_root_folder_name"
}