{
    "custom_editor_type": "custom_editor_icon",
    "describe": "",
    "has_upload": false,
    "key": 134246165,
    "md5": "48274683e184aebd6aa9e377434b3b43",
    "name": "Hero_Icon_Growup_2",
    "path": "ui/134246165",
    "res_name": "Hero_Icon_Growup_2.png",
    "size": "128X128",
    "sub_type": "icon",
    "uid": "134246165",
    "url": "https://kk3.nosdn.127.net/editor/png/5d568bd2dbb41aa2f02a6762e058f88b.png",
    "version": 1,
    "res_type": "editor_icon",
    "import_export_folder_info": "/code_explorer_custom_root_folder_name/\u9053\u5177\u56fe\u6807/\u6218\u6cd5\u65e0\u6846/3\u7ea7"
}