{
    "custom_editor_type": "custom_editor_icon",
    "describe": "",
    "has_upload": false,
    "key": 134256332,
    "md5": "d0cbad2885a8b7b065bc190c1e2e337d",
    "name": "\u6b66\u529f\u6b8b\u5377\u6280\u80fd\u56fe\u6807_0005s_0003_\u4e5d\u9634\u771f\u7ecf",
    "path": "ui/134256332",
    "res_name": "\u6b66\u529f\u6b8b\u5377\u6280\u80fd\u56fe\u6807_0005s_0003_\u4e5d\u9634\u771f\u7ecf.png",
    "size": "128X128",
    "sub_type": "icon",
    "uid": "134256332",
    "url": "https://kk3.nosdn.127.net/editor/png/62f04ddf41ace70bbbadc61c966a5fa9.png",
    "version": 1,
    "res_type": "editor_icon",
    "import_export_folder_info": "/code_explorer_custom_root_folder_name/\u6b66\u529f\u56fe\u6807"
}