{
    "custom_editor_type": "custom_editor_icon",
    "describe": "",
    "has_upload": false,
    "key": 134244987,
    "md5": "72af0457e360f1bc1633adcfec270910",
    "name": "SkillIcon11103_01",
    "path": "ui/134244987",
    "res_name": "SkillIcon11103_01.png",
    "size": "128X128",
    "sub_type": "icon",
    "uid": "134244987",
    "version": 1,
    "res_type": "editor_icon",
    "import_export_folder_info": "/code_explorer_custom_root_folder_name/\u9053\u5177\u56fe\u6807/\u6218\u6cd5\u65e0\u6846/2\u7ea7"
}