{
    "custom_editor_type": "custom_editor_icon",
    "describe": "",
    "has_upload": false,
    "key": 134248313,
    "md5": "8de2a08ce9ee1c2566c40297e7044efd",
    "name": "\u6b66\u529f\u6b8b\u5377\u6280\u80fd\u56fe\u6807_0000s_0003_\u5343\u86db\u4e07\u6bd2\u624b",
    "path": "ui/134248313",
    "res_name": "\u6b66\u529f\u6b8b\u5377\u6280\u80fd\u56fe\u6807_0000s_0003_\u5343\u86db\u4e07\u6bd2\u624b.png",
    "size": "128X128",
    "sub_type": "icon",
    "uid": "134248313",
    "version": 1,
    "res_type": "editor_icon",
    "import_export_folder_info": "/code_explorer_custom_root_folder_name/\u6b66\u529f\u56fe\u6807"
}