{
    "custom_editor_type": "custom_editor_icon",
    "describe": "",
    "has_upload": false,
    "key": 134220998,
    "md5": "2d3378aae9987d4b603454e05ae4ded1",
    "name": "\u5927\u62db\u56fe\u6807_0000s_0001_\u5730\u96f7\u9635",
    "path": "ui/134220998",
    "res_name": "\u5927\u62db\u56fe\u6807_0000s_0001_\u5730\u96f7\u9635.png",
    "size": "128X128",
    "sub_type": "icon",
    "uid": "134220998",
    "url": "https://kk3.nosdn.127.net/editor/png/abbfd2195d794fcb494386398a3f2022.png",
    "version": 1,
    "res_type": "editor_icon",
    "import_export_folder_info": "/code_explorer_custom_root_folder_name"
}