{
    "custom_editor_type": "custom_editor_icon",
    "describe": "",
    "has_upload": false,
    "import_export_folder_info": "/code_explorer_custom_root_folder_name/\u6b66\u529f\u56fe\u6807",
    "key": 134249342,
    "md5": "f8343590fee2d2c2bed0ebf275e7c2a2",
    "name": "\u5947\u529fN\u7075\u72d0\u529f",
    "path": "ui/134249342",
    "res_name": "\u5947\u529fN\u7075\u72d0\u529f.jpg",
    "res_type": "editor_icon",
    "size": "200X200",
    "sub_type": "icon",
    "uid": "134249342",
    "url": "https://kk3.nosdn.127.net/editor/jpg/31a13d3d7dfc0dda111dd83c53c0f2c0.jpg",
    "version": 1
}