{
    "custom_editor_type": "custom_editor_icon",
    "describe": "",
    "has_upload": false,
    "key": 134230569,
    "md5": "516adac2c1fc4b94c0a93a7556255abe",
    "name": "\u5916\u529fSSR\u4e5d\u9634\u771f\u7ecf",
    "path": "ui/134230569",
    "res_name": "\u5916\u529fSSR\u4e5d\u9634\u771f\u7ecf.jpg",
    "size": "200X200",
    "sub_type": "icon",
    "uid": "134230569",
    "url": "https://kk3.nosdn.127.net/editor/jpg/896e7353a2c55f7fc911af260cc167ed.jpg",
    "version": 1,
    "res_type": "editor_icon",
    "import_export_folder_info": "/code_explorer_custom_root_folder_name/\u6b66\u529f\u56fe\u6807"
}