{
    "custom_editor_type": "custom_editor_icon",
    "describe": "",
    "has_upload": false,
    "key": 134278956,
    "md5": "584b0d0c39ce2a315c3fbe5c26024854",
    "name": "\u6b66\u529f\u6b8b\u5377\u6280\u80fd\u56fe\u6807_0002_\u6280\u80fd\u56fe\u6807_0000_\u4e03\u4f24\u62f3",
    "path": "ui/134278956",
    "res_name": "\u6b66\u529f\u6b8b\u5377\u6280\u80fd\u56fe\u6807_0002_\u6280\u80fd\u56fe\u6807_0000_\u4e03\u4f24\u62f3.png",
    "size": "128X128",
    "sub_type": "icon",
    "uid": "134278956",
    "url": "https://kk3.nosdn.127.net/editor/png/0e1186912b957f6bec4a154c0c9bd41c.png",
    "version": 1,
    "res_type": "editor_icon",
    "import_export_folder_info": "/code_explorer_custom_root_folder_name/\u6b66\u529f\u56fe\u6807"
}