{
    "custom_editor_type": "custom_editor_icon",
    "describe": "",
    "has_upload": false,
    "key": 134233065,
    "md5": "1ad88fed9eabdcd393041761c5e36add",
    "name": "\u6b66\u529f\u6b8b\u5377\u6280\u80fd\u56fe\u6807_0000_\u6280\u80fd\u56fe\u6807_0000_\u9634\u9633\u5f52\u4e00",
    "path": "ui/134233065",
    "res_name": "\u6b66\u529f\u6b8b\u5377\u6280\u80fd\u56fe\u6807_0000_\u6280\u80fd\u56fe\u6807_0000_\u9634\u9633\u5f52\u4e00.png",
    "size": "128X128",
    "sub_type": "icon",
    "uid": "134233065",
    "url": "https://kk3.nosdn.127.net/editor/png/33312205de77697adcc82b82769d0be0.png",
    "version": 1,
    "res_type": "editor_icon",
    "import_export_folder_info": "/code_explorer_custom_root_folder_name/\u6b66\u529f\u56fe\u6807"
}