{
    "custom_editor_type": "custom_editor_icon",
    "describe": "",
    "has_upload": false,
    "key": 134275697,
    "md5": "13ab49374f5e667796c5847bc485d45a",
    "name": "\u8fd1\u6218\u62f3\u638cN\u94c1\u638c\u62f3",
    "path": "ui/134275697",
    "res_name": "\u8fd1\u6218\u62f3\u638cN\u94c1\u638c\u62f3.jpg",
    "size": "200X200",
    "sub_type": "icon",
    "uid": "134275697",
    "url": "https://kk3.nosdn.127.net/editor/jpg/539c3abae587e5785e9e88872b09d18b.jpg",
    "version": 1,
    "res_type": "editor_icon",
    "import_export_folder_info": "/code_explorer_custom_root_folder_name"
}