{
    "custom_editor_type": "custom_editor_icon",
    "describe": "",
    "has_upload": false,
    "key": 134241035,
    "md5": "26956e20677e1cb6df2fd50bf1820465",
    "name": "\u8fd1\u6218\u5251\u6cd5SR\u534e\u5c71\u5251\u6cd5",
    "path": "ui/134241035",
    "res_name": "\u8fd1\u6218\u5251\u6cd5SR\u534e\u5c71\u5251\u6cd5.jpg",
    "size": "200X200",
    "sub_type": "icon",
    "uid": "134241035",
    "url": "https://kk3.nosdn.127.net/editor/jpg/c98a8054924adba6c67f53b18d41b86c.jpg",
    "version": 1,
    "res_type": "editor_icon",
    "import_export_folder_info": "/code_explorer_custom_root_folder_name/\u6b66\u529f\u56fe\u6807"
}