{
    "custom_editor_type": "custom_editor_icon",
    "describe": "",
    "has_upload": false,
    "key": 134281407,
    "md5": "9502caf0e6e68920b177d931f75fec59",
    "name": "\u6b66\u529f\u6b8b\u5377\u6280\u80fd\u56fe\u6807_0006s_0013_\u6f2b\u5929\u82b1\u96e8",
    "path": "ui/134281407",
    "res_name": "\u6b66\u529f\u6b8b\u5377\u6280\u80fd\u56fe\u6807_0006s_0013_\u6f2b\u5929\u82b1\u96e8.png",
    "size": "128X128",
    "sub_type": "icon",
    "uid": "134281407",
    "url": "https://kk3.nosdn.127.net/editor/png/d1c308db9dd8bdcf341073d3c950b4e8.png",
    "version": 1,
    "res_type": "editor_icon",
    "import_export_folder_info": "/code_explorer_custom_root_folder_name/\u6b66\u529f\u56fe\u6807"
}