{
    "custom_editor_type": "custom_editor_icon",
    "describe": "",
    "has_upload": false,
    "key": 134266084,
    "md5": "adc96422bdfdfe6be1ea05c0e50f7d10",
    "name": "T_SkillIcon_S7",
    "path": "ui/134266084",
    "res_name": "T_SkillIcon_S7.png",
    "size": "128X128",
    "sub_type": "icon",
    "uid": "134266084",
    "url": "https://kk3.nosdn.127.net/editor/png/0c0393f9b6b656876534f296050fca95.png",
    "version": 1,
    "res_type": "editor_icon",
    "import_export_folder_info": "/code_explorer_custom_root_folder_name/\u9053\u5177\u56fe\u6807/\u6218\u6cd5\u65e0\u6846/2\u7ea7"
}