{
    "custom_editor_type": "custom_editor_icon",
    "describe": "",
    "has_upload": false,
    "key": 134240680,
    "md5": "a7202d206a570c3d70c791092f387bb8",
    "name": "\u8861\u6b66\u905312",
    "path": "ui/134240680",
    "res_name": "\u8861\u6b66\u905312.png",
    "size": "128X128",
    "sub_type": "icon",
    "uid": "134240680",
    "url": "https://kk3.nosdn.127.net/editor/png/9adf51046118b4b84fe3d08c78b638b1.png",
    "version": 1,
    "res_type": "editor_icon",
    "import_export_folder_info": "/code_explorer_custom_root_folder_name/\u9053\u5177\u56fe\u6807/\u6218\u6cd5\u65e0\u6846/1\u7ea7"
}