{
    "custom_editor_type": "custom_editor_icon",
    "describe": "",
    "has_upload": false,
    "key": 134257603,
    "md5": "6556a302b378c5e1b21a141296966d56",
    "name": "\u67aa\u7537\u6280\u80fd-\u7532\u5149\u5411\u65e5",
    "path": "ui/134257603",
    "res_name": "\u67aa\u7537\u6280\u80fd-\u7532\u5149\u5411\u65e5.png",
    "size": "128X128",
    "sub_type": "icon",
    "uid": "134257603",
    "url": "https://kk3.nosdn.127.net/editor/png/e8c1dca6a4defcc72643fbff344dc4ee.png",
    "version": 1,
    "res_type": "editor_icon",
    "import_export_folder_info": "/code_explorer_custom_root_folder_name/\u9053\u5177\u56fe\u6807/\u6218\u6cd5\u65e0\u6846/2\u7ea7"
}