{
    "custom_editor_type": "custom_editor_icon",
    "describe": "",
    "has_upload": false,
    "key": 134263786,
    "md5": "1eaa58bf746e0c18ba57bc7540a1cfbd",
    "name": "Legend_16",
    "path": "ui/134263786",
    "res_name": "Legend_16.png",
    "size": "128X128",
    "sub_type": "icon",
    "uid": "134263786",
    "url": "https://kk3.nosdn.127.net/editor/png/5fba26fccfba9ee8942f4e952730389a.png",
    "version": 1,
    "res_type": "editor_icon",
    "import_export_folder_info": "/code_explorer_custom_root_folder_name/\u9053\u5177\u56fe\u6807/\u6218\u6cd5\u65e0\u6846/3\u7ea7"
}