{
    "custom_editor_type": "custom_editor_icon",
    "describe": "",
    "has_upload": false,
    "key": 134282868,
    "md5": "f4a9d14c63de531a20858f916771ede9",
    "name": "S_SkillIcon_9",
    "path": "ui/134282868",
    "res_name": "S_SkillIcon_9.png",
    "size": "128X128",
    "sub_type": "icon",
    "uid": "134282868",
    "version": 1,
    "res_type": "editor_icon",
    "import_export_folder_info": "/code_explorer_custom_root_folder_name/\u9053\u5177\u56fe\u6807/\u6218\u6cd5\u65e0\u6846/2\u7ea7"
}