{
    "custom_editor_type": "custom_editor_icon",
    "describe": "",
    "has_upload": false,
    "import_export_folder_info": "/code_explorer_custom_root_folder_name/Figma_output",
    "key": 134223059,
    "md5": "6cad358551c6229a5bd87504f49b96c9",
    "name": "\u51b2\u523a\u56fe\u6807",
    "path": "ui/134223059",
    "res_name": "\u51b2\u523a\u56fe\u6807.png",
    "res_type": "editor_icon",
    "size": "56X56",
    "sub_type": "icon",
    "uid": "134223059",
    "url": "https://kk3.nosdn.127.net/editor/png/fef9c373065b0ebc75a7b224e8dc950a.png",
    "version": 1
}