{
    "custom_editor_type": "custom_editor_icon",
    "describe": "",
    "has_upload": false,
    "import_export_folder_info": "/code_explorer_custom_root_folder_name/\u9053\u5177\u56fe\u6807/\u6218\u6cd5\u65e0\u6846/4\u7ea7",
    "key": 134260182,
    "md5": "af6c33cdffa210a111e7b3a1208e80c0",
    "name": "SkillIcon11107_05",
    "path": "ui/134260182",
    "res_name": "SkillIcon11107_05.png",
    "res_type": "editor_icon",
    "size": "128X128",
    "sub_type": "icon",
    "uid": "134260182",
    "version": 1
}