{
    "custom_editor_type": "custom_editor_icon",
    "describe": "",
    "has_upload": false,
    "key": 134233916,
    "md5": "e3ab055956154696a11579acf9e46bb8",
    "name": "\u6b66\u529f\u6b8b\u5377\u6280\u80fd\u56fe\u6807_0006s_0008_\u593a\u9b44\u97ad\u6cd5",
    "path": "ui/134233916",
    "res_name": "\u6b66\u529f\u6b8b\u5377\u6280\u80fd\u56fe\u6807_0006s_0008_\u593a\u9b44\u97ad\u6cd5.png",
    "size": "128X128",
    "sub_type": "icon",
    "uid": "134233916",
    "url": "https://kk3.nosdn.127.net/editor/png/4ba2182a4f6c56b65b8d3cdc04d0484e.png",
    "version": 1,
    "res_type": "editor_icon",
    "import_export_folder_info": "/code_explorer_custom_root_folder_name/\u6b66\u529f\u56fe\u6807"
}