{
    "custom_editor_type": "custom_editor_icon",
    "describe": "",
    "has_upload": false,
    "key": 134222076,
    "md5": "ab4e67b7fcb63db7f89100a86535a02c",
    "name": "SkillIcon11101_03",
    "path": "ui/134222076",
    "res_name": "SkillIcon11101_03.png",
    "size": "128X128",
    "sub_type": "icon",
    "uid": "134222076",
    "url": "https://kk3.nosdn.127.net/editor/png/70afaee8658bffcf50ea30c651d85728.png",
    "version": 1,
    "res_type": "editor_icon",
    "import_export_folder_info": "/code_explorer_custom_root_folder_name/\u9053\u5177\u56fe\u6807/\u6218\u6cd5\u65e0\u6846/1\u7ea7"
}