{
    "custom_editor_type": "custom_editor_icon",
    "describe": "",
    "has_upload": false,
    "key": 134254238,
    "md5": "54d15804191873592249bbba4bf4e212",
    "name": "\u6b66\u529f\u6b8b\u5377\u6280\u80fd\u56fe\u6807_0004s_0007_\u8dcc\u6253\u533b\u4e66",
    "path": "ui/134254238",
    "res_name": "\u6b66\u529f\u6b8b\u5377\u6280\u80fd\u56fe\u6807_0004s_0007_\u8dcc\u6253\u533b\u4e66.png",
    "size": "128X128",
    "sub_type": "icon",
    "uid": "134254238",
    "url": "https://kk3.nosdn.127.net/editor/png/c887e4720ab767ff8f7306f0ccaf1f06.png",
    "version": 1,
    "res_type": "editor_icon",
    "import_export_folder_info": "/code_explorer_custom_root_folder_name/\u6b66\u529f\u56fe\u6807"
}