{
    "custom_editor_type": "custom_editor_icon",
    "describe": "",
    "has_upload": false,
    "key": 134263113,
    "md5": "72abf1dd5499d0b9bf9d2deecac14ea5",
    "name": "\u6b66\u529f\u6b8b\u5377\u6280\u80fd\u56fe\u6807_0006s_0016_\u51b0\u9b44\u94f6\u9488",
    "path": "ui/134263113",
    "res_name": "\u6b66\u529f\u6b8b\u5377\u6280\u80fd\u56fe\u6807_0006s_0016_\u51b0\u9b44\u94f6\u9488.png",
    "size": "128X128",
    "sub_type": "icon",
    "uid": "134263113",
    "url": "https://kk3.nosdn.127.net/editor/png/1bc7804a28c9ea92c98f7a6332331a4b.png",
    "version": 1,
    "res_type": "editor_icon",
    "import_export_folder_info": "/code_explorer_custom_root_folder_name/\u6b66\u529f\u56fe\u6807"
}