{
    "custom_editor_type": "custom_editor_icon",
    "describe": "",
    "has_upload": false,
    "key": 134277672,
    "md5": "46c701183e412d4bb6c7a8bb188bdf12",
    "name": "\u5947\u529fUR\u91ce\u7403\u62f3",
    "path": "ui/134277672",
    "res_name": "\u5947\u529fUR\u91ce\u7403\u62f3.jpg",
    "size": "200X200",
    "sub_type": "icon",
    "uid": "134277672",
    "url": "https://kk3.nosdn.127.net/editor/jpg/f63724c58410cbe237c957b7bd6fe94f.jpg",
    "version": 1,
    "res_type": "editor_icon",
    "import_export_folder_info": "/code_explorer_custom_root_folder_name/\u6b66\u529f\u56fe\u6807"
}