{
    "custom_editor_type": "custom_editor_icon",
    "describe": "",
    "has_upload": false,
    "key": 134246667,
    "md5": "298c899a255bfedd5b09883d4c87a937",
    "name": "\u6b66\u529f\u6b8b\u5377\u6280\u80fd\u56fe\u6807_0004s_0008_\u534e\u4f57\u5185\u662d\u6cd5",
    "path": "ui/134246667",
    "res_name": "\u6b66\u529f\u6b8b\u5377\u6280\u80fd\u56fe\u6807_0004s_0008_\u534e\u4f57\u5185\u662d\u6cd5.png",
    "size": "128X128",
    "sub_type": "icon",
    "uid": "134246667",
    "url": "https://kk3.nosdn.127.net/editor/png/32ee6f3c7b0c16e1230c4e005cfa4735.png",
    "version": 1,
    "res_type": "editor_icon",
    "import_export_folder_info": "/code_explorer_custom_root_folder_name/\u6b66\u529f\u56fe\u6807"
}