{
    "custom_editor_type": "custom_editor_icon",
    "describe": "",
    "has_upload": false,
    "key": 134270708,
    "md5": "d91de5ede833cb53a20d4b8103140276",
    "name": "\u5916\u529fUR\u5f39\u6307\u795e\u901a",
    "path": "ui/134270708",
    "res_name": "\u5916\u529fUR\u5f39\u6307\u795e\u901a.jpg",
    "size": "200X200",
    "sub_type": "icon",
    "uid": "134270708",
    "url": "https://kk3.nosdn.127.net/editor/jpg/5371c6ad940da8c881fd03ecfd1da355.jpg",
    "version": 1,
    "res_type": "editor_icon",
    "import_export_folder_info": "/code_explorer_custom_root_folder_name/\u6b66\u529f\u56fe\u6807"
}