{
    "custom_editor_type": "custom_editor_icon",
    "describe": "",
    "has_upload": false,
    "key": 134276575,
    "md5": "5da55f6c31fc67254cc49b6cc07b505e",
    "name": "\u5927\u62db\u56fe\u6807_0009s_0000_\u7384\u865a\u4e00\u6c14",
    "path": "ui/134276575",
    "res_name": "\u5927\u62db\u56fe\u6807_0009s_0000_\u7384\u865a\u4e00\u6c14.png",
    "size": "128X128",
    "sub_type": "icon",
    "uid": "134276575",
    "url": "https://kk3.nosdn.127.net/editor/png/11d25c530290e55e4bc7bb850c10b5c8.png",
    "version": 1,
    "res_type": "editor_icon",
    "import_export_folder_info": "/code_explorer_custom_root_folder_name"
}