{
    "custom_editor_type": "custom_editor_icon",
    "describe": "",
    "has_upload": false,
    "key": 134250260,
    "md5": "451fdc023ddb8a5d1a473a9b1855141d",
    "name": "SkillIcon11133_04",
    "path": "ui/134250260",
    "res_name": "SkillIcon11133_04.png",
    "size": "128X128",
    "sub_type": "icon",
    "uid": "134250260",
    "url": "https://kk3.nosdn.127.net/editor/png/e25e3f67665f2225145cc11955425048.png",
    "version": 1,
    "res_type": "editor_icon",
    "import_export_folder_info": "/code_explorer_custom_root_folder_name/\u9053\u5177\u56fe\u6807/\u6218\u6cd5\u65e0\u6846/3\u7ea7"
}