{
    "134279339": {
        "editor_effect": {
            "aoi_visibility": false,
            "deps_info": {
                "deps": [
                    [
                        "editor_icon",
                        901872
                    ],
                    [
                        "editor_icon",
                        901307
                    ],
                    [
                        "editor_icon",
                        900691
                    ]
                ],
                "sound_id_list": []
            },
            "describe": "\u7eff\u8272\u94fe\u63a5",
            "key": 134279339,
            "md5": "1e45d92db64f8d5dff76b735512e9a6b",
            "model_id": 134279339,
            "name": "\u7eff\u8272\u94fe\u63a5",
            "res_identify": "all",
            "res_type": "kkres",
            "scale": 1.0,
            "source_effect": [
                101139
            ],
            "uid": 134279339,
            "version": 1
        },
        "model": {
            "custom": true,
            "effect_keep": true,
            "effect_max_boundingbox": [
                -2.0,
                -2.0,
                -2.0,
                2.0,
                2.0,
                10.498727798461914
            ],
            "effect_max_life": -1,
            "effect_path": "Fx_Effect/Cartoon/Fx_Skill/Line/Line_5034_skill_pet_01_02_copy",
            "is_beam_effect": true,
            "meshes": [],
            "model_id": 134279339,
            "name": "\u7eff\u8272\u94fe\u63a5"
        }
    },
    "sub_type": null,
    "res_type": "editor_effect",
    "import_export_folder_info": "/code_explorer_custom_root_folder_name/\u6b66\u529f\u7279\u6548"
}