{
    "custom_editor_type": "custom_editor_icon",
    "describe": "",
    "has_upload": false,
    "key": 134244960,
    "md5": "4b737b264e5f52c1063919422b0b8d1b",
    "name": "\u5947\u672f\u5438\u8840R\u5316\u529f\u5927\u6cd5",
    "path": "ui/134244960",
    "res_name": "\u5947\u672f\u5438\u8840R\u5316\u529f\u5927\u6cd5.jpg",
    "size": "200X200",
    "sub_type": "icon",
    "uid": "134244960",
    "url": "https://kk3.nosdn.127.net/editor/jpg/a68f0f5a019dd1955069399a2f81c647.jpg",
    "version": 1,
    "res_type": "editor_icon",
    "import_export_folder_info": "/code_explorer_custom_root_folder_name/\u6b66\u529f\u56fe\u6807"
}