{
    "134262455": {
        "editor_effect": {
            "aoi_visibility": false,
            "deps_info": {
                "deps": [
                    [
                        "editor_model",
                        104803
                    ],
                    [
                        "editor_icon",
                        901612
                    ],
                    [
                        "editor_icon",
                        903254
                    ],
                    [
                        "editor_icon",
                        106329
                    ],
                    [
                        "editor_icon",
                        902637
                    ],
                    [
                        "editor_icon",
                        900410
                    ]
                ],
                "sound_id_list": []
            },
            "describe": "\u84dd\u8272\u5149\u6548\u6cd5\u9635\u7b26\u6587",
            "key": 134262455,
            "md5": "a1d3cc3528f0882f893750a792935319",
            "model_id": 134276241,
            "name": "\u86e4\u87c6\u529f\u4fee\u6539",
            "res_identify": "all",
            "res_type": "kkres",
            "scale": 1.0,
            "source_effect": [
                104465,
                103530,
                100941
            ],
            "uid": 134271446,
            "version": 1
        },
        "model": {
            "custom": true,
            "effect_keep": true,
            "effect_max_boundingbox": [
                -1.5685046911239624,
                -1.3199999332427979,
                -1.5685046911239624,
                1.5685046911239624,
                1.7200000286102295,
                1.5685046911239624
            ],
            "effect_max_life": -1,
            "effect_path": "Fx_Effect/DM1/Fx_Common/Back/Back_DM1_B_chencheng_copy_copy_1",
            "is_beam_effect": false,
            "meshes": [],
            "model_id": 134276241,
            "name": "\u6b66\u529f\u86e4\u87c6\u529f\u7279\u6548"
        }
    },
    "sub_type": null,
    "res_type": "editor_effect",
    "import_export_folder_info": "/code_explorer_custom_root_folder_name"
}