{
    "custom_editor_type": "custom_editor_icon",
    "describe": "",
    "has_upload": false,
    "key": 134273415,
    "md5": "093e918f902602cd7193c99c903290bf",
    "name": "\u6cd5\u5251\u6280\u80fd-\u51b0\u96e8\u672f",
    "path": "ui/134273415",
    "res_name": "\u6cd5\u5251\u6280\u80fd-\u51b0\u96e8\u672f.png",
    "size": "128X128",
    "sub_type": "icon",
    "uid": "134273415",
    "url": "https://kk3.nosdn.127.net/editor/png/3be1ef1f0298879be8a889b3bbedb3d0.png",
    "version": 1,
    "res_type": "editor_icon",
    "import_export_folder_info": "/code_explorer_custom_root_folder_name/\u9053\u5177\u56fe\u6807/\u6218\u6cd5\u65e0\u6846/1\u7ea7"
}