{
    "custom_editor_type": "custom_editor_icon",
    "describe": "",
    "has_upload": false,
    "key": 134272198,
    "md5": "a5fdea4bda8d5af0e02d40928d5cad81",
    "name": "\u6b66\u529f\u6b8b\u5377\u6280\u80fd\u56fe\u6807_0004s_0004_\u91d1\u949f\u7f69",
    "path": "ui/134272198",
    "res_name": "\u6b66\u529f\u6b8b\u5377\u6280\u80fd\u56fe\u6807_0004s_0004_\u91d1\u949f\u7f69.png",
    "size": "128X128",
    "sub_type": "icon",
    "uid": "134272198",
    "url": "https://kk3.nosdn.127.net/editor/png/ef592fe65f9811a7733b5d65ee9c0e28.png",
    "version": 1,
    "res_type": "editor_icon",
    "import_export_folder_info": "/code_explorer_custom_root_folder_name/\u6b66\u529f\u56fe\u6807"
}