{
    "custom_editor_type": "custom_editor_icon",
    "describe": "",
    "has_upload": false,
    "key": 134217984,
    "md5": "f7ba7e9039817bc5fd2969886008fed1",
    "name": "T_SkillIcon_S67",
    "path": "ui/134217984",
    "res_name": "T_SkillIcon_S67.png",
    "size": "128X128",
    "sub_type": "icon",
    "uid": "134217984",
    "url": "https://kk3.nosdn.127.net/editor/png/62a59973c55ddf8903da5955086c0203.png",
    "version": 1,
    "res_type": "editor_icon",
    "import_export_folder_info": "/code_explorer_custom_root_folder_name/\u9053\u5177\u56fe\u6807/\u6218\u6cd5\u65e0\u6846/2\u7ea7"
}