{
    "custom_editor_type": "custom_editor_icon",
    "describe": "",
    "has_upload": false,
    "key": 134257801,
    "md5": "fd79e4e0c9818e3ed3c8d48e224a8acc",
    "name": "SkillIcon11120_02",
    "path": "ui/134257801",
    "res_name": "SkillIcon11120_02.png",
    "size": "128X128",
    "sub_type": "icon",
    "uid": "134257801",
    "url": "https://kk3.nosdn.127.net/editor/png/8b2a83e2b00a40b3ce6e459503015186.png",
    "version": 1,
    "res_type": "editor_icon",
    "import_export_folder_info": "/code_explorer_custom_root_folder_name/\u9053\u5177\u56fe\u6807/\u6218\u6cd5\u65e0\u6846/1\u7ea7"
}