{
    "custom_editor_type": "custom_editor_icon",
    "describe": "",
    "has_upload": false,
    "key": 134227833,
    "md5": "b3b15146bb6dea68cee612e943190209",
    "name": "\u653b\u6b66\u905310",
    "path": "ui/134227833",
    "res_name": "\u653b\u6b66\u905310.png",
    "size": "128X128",
    "sub_type": "icon",
    "uid": "134227833",
    "url": "https://kk3.nosdn.127.net/editor/png/bfb49e19619fd05c51f375f0a7412b99.png",
    "version": 1,
    "res_type": "editor_icon",
    "import_export_folder_info": "/code_explorer_custom_root_folder_name/\u9053\u5177\u56fe\u6807/\u6218\u6cd5\u65e0\u6846/2\u7ea7"
}