{
    "custom_editor_type": "custom_editor_icon",
    "describe": "",
    "has_upload": false,
    "key": 134255149,
    "md5": "2e7be402990defe759e89111bf08f8f9",
    "name": "\u795e\u9b42_\u6bd2\u7cfb",
    "path": "ui/134255149",
    "res_name": "\u795e\u9b42_\u6bd2\u7cfb.png",
    "size": "128X128",
    "sub_type": "icon",
    "uid": "134255149",
    "url": "https://kk3.nosdn.127.net/editor/png/ea675690ea6ca7d4788f696d24c13381.png",
    "version": 1,
    "res_type": "editor_icon",
    "import_export_folder_info": "/code_explorer_custom_root_folder_name/\u9053\u5177\u56fe\u6807/\u6218\u6cd5\u65e0\u6846/3\u7ea7"
}