{
    "134279605": {
        "editor_effect": {
            "model_id": 134279605,
            "name": "\u5927\u529b\u91d1\u521a\u638c",
            "res_type": "kkres",
            "sub_type": "effect",
            "version": 1,
            "describe": "\u6a59\u8272\u706b\u7130\u5f39\u9053\u62d6\u5c3e",
            "key": 134279605,
            "res_identify": "all",
            "scale": 1.0,
            "aoi_visibility": 2,
            "source_effect": [
                100515,
                100582
            ],
            "uid": 134279605,
            "md5": "52a23cad4b42a8bb64ab9d90e95437ee",
            "deps_info": {
                "deps": [
                    [
                        "editor_icon",
                        901392
                    ],
                    [
                        "editor_icon",
                        900351
                    ],
                    [
                        "editor_icon",
                        901289
                    ],
                    [
                        "editor_icon",
                        900872
                    ],
                    [
                        "editor_icon",
                        901858
                    ],
                    [
                        "editor_icon",
                        900668
                    ],
                    [
                        "editor_icon",
                        901990
                    ]
                ],
                "sound_id_list": []
            }
        },
        "model": {
            "name": "\u5927\u529b\u91d1\u521a\u638c",
            "model_id": 134279605,
            "meshes": [],
            "effect_path": "Fx_Effect/Cartoon/Fx_Skill/Ballistic/Ballistic_4005_skill_04_04_copy_copy_1",
            "custom": true,
            "effect_keep": true,
            "effect_max_boundingbox": [
                -4.980751037597656,
                -3.285454511642456,
                -5.244114875793457,
                3.9210827350616455,
                2.719897985458374,
                2.7592642307281494
            ],
            "effect_max_life": -1,
            "is_beam_effect": false
        }
    },
    "sub_type": "effect",
    "res_type": "editor_effect",
    "import_export_folder_info": "/code_explorer_custom_root_folder_name"
}