{
    "custom_editor_type": "custom_editor_icon",
    "describe": "",
    "has_upload": false,
    "key": 134268719,
    "md5": "33350c02261e1479b2a9d79230b36237",
    "name": "\u6b66\u529f\u6b8b\u5377\u6280\u80fd\u56fe\u6807_0006s_0015_\u751f\u6b7b\u7b26_1",
    "path": "ui/134268719",
    "res_name": "\u6b66\u529f\u6b8b\u5377\u6280\u80fd\u56fe\u6807_0006s_0015_\u751f\u6b7b\u7b26.png",
    "size": "128X128",
    "sub_type": "icon",
    "uid": "134268719",
    "url": "https://kk3.nosdn.127.net/editor/png/b4dc40e4e19381d99480b260a4e9b98b.png",
    "version": 1,
    "res_type": "editor_icon",
    "import_export_folder_info": "/code_explorer_custom_root_folder_name/\u6b66\u529f\u56fe\u6807"
}