{
    "custom_editor_type": "custom_editor_icon",
    "describe": "",
    "has_upload": false,
    "key": 134251433,
    "md5": "c6a4a6e6805753da70ef91cdf9c9b84c",
    "name": "\u653b\u6b66\u90537",
    "path": "ui/134251433",
    "res_name": "\u653b\u6b66\u90537.png",
    "size": "128X128",
    "sub_type": "icon",
    "uid": "134251433",
    "url": "https://kk3.nosdn.127.net/editor/png/90af11b3b6da2261ab4d905f92f3bc71.png",
    "version": 1,
    "res_type": "editor_icon",
    "import_export_folder_info": "/code_explorer_custom_root_folder_name/\u9053\u5177\u56fe\u6807/\u6218\u6cd5\u65e0\u6846/4\u7ea7"
}