{
    "custom_editor_type": "custom_editor_icon",
    "describe": "",
    "has_upload": false,
    "key": 134260234,
    "md5": "4c105ee5bdcc38ae93b38f7fdd50be8c",
    "name": "\u8fd1\u6218\u5251\u6cd5N\u677e\u98ce\u5251\u6cd5",
    "path": "ui/134260234",
    "res_name": "\u8fd1\u6218\u5251\u6cd5N\u677e\u98ce\u5251\u6cd5.jpg",
    "size": "200X200",
    "sub_type": "icon",
    "uid": "134260234",
    "url": "https://kk3.nosdn.127.net/editor/jpg/f8f63b8cf33e0bf04a9d1f627f0a096d.jpg",
    "version": 1,
    "res_type": "editor_icon",
    "import_export_folder_info": "/code_explorer_custom_root_folder_name/\u6b66\u529f\u56fe\u6807"
}