{
    "custom_editor_type": "custom_editor_icon",
    "describe": "",
    "has_upload": false,
    "key": 134269545,
    "md5": "7a85d15037bfe796aea1746736b3f475",
    "name": "\u5927\u62db\u56fe\u6807_0007s_0003_\u8e72\u661f\u4f0f\u864e",
    "path": "ui/134269545",
    "res_name": "\u5927\u62db\u56fe\u6807_0007s_0003_\u8e72\u661f\u4f0f\u864e.png",
    "size": "128X128",
    "sub_type": "icon",
    "uid": "134269545",
    "url": "https://kk3.nosdn.127.net/editor/png/6d27d2b8916df54c7312ab6bae984a93.png",
    "version": 1,
    "res_type": "editor_icon",
    "import_export_folder_info": "/code_explorer_custom_root_folder_name"
}