{
    "editor_model": {
        "custom_res_type": "custom_editor_model",
        "describe": "test_describe",
        "has_upload": false,
        "key": 134221191,
        "md5": "9fb8aaf7f1a6476db1d92db4f1fae595",
        "model_id": 134221191,
        "name": "\u8fbe\u6469",
        "pitch": -0.0,
        "preview_icon": "UP1ModelPreview/134221191",
        "res_name": "DM_01.fbx",
        "rigidbody_offset": [
            0.0,
            1.0,
            0.0
        ],
        "roll": 0.0,
        "rotate_x": 0,
        "rotate_y": 0,
        "rotate_z": 0,
        "select_effect_scale": 1.0,
        "size": 1.0,
        "socket_info": {},
        "sub_type": "fbx",
        "uid": 134221191,
        "url": "https://kk3.nosdn.127.net/editor/png/ea1b3e6660011444d8b628431aaf52a8.png",
        "version": 1,
        "yaw": 0.0,
        "bone_lock": [
            false,
            ""
        ]
    },
    "model": {
        "anims": {
            "attack1": "134221191/attack1.anim",
            "die": "134221191/die.anim",
            "idle1": "134221191/idle1.anim",
            "walk": "134221191/walk.anim"
        },
        "box": [
            -0.7322250008583069,
            -0.00494999997317791,
            -0.5129250288009644,
            0.7322250008583069,
            2.3710498809814453,
            0.3959999978542328
        ],
        "custom": true,
        "graph": "Char/Graph/common.graph",
        "graph_info": {
            "graph": "Char/Graph/common.graph",
            "head_bone": "",
            "root_bone": "",
            "upper_bone": ""
        },
        "meshes": [
            "custom_model/134221191/_Object006_2"
        ],
        "model_id": 134221191,
        "name": "\u8fbe\u6469",
        "physics_meshes": [
            "custom_model/134221191/AutoPhy_Mesh__Object006_2"
        ],
        "preview_icon": "UP1ModelPreview/134221191",
        "skeleton": "134221191/base_human.skeleton"
    },
    "preview_icon": {
        "path": "UP1ModelPreview/134221191",
        "key": 134221191,
        "size": "100X68",
        "source_path": "C:\\Users\\LZL\\AppData\\Local\\Temp\\134221191.png"
    },
    "sub_type": "fbx",
    "res_type": "editor_model",
    "import_export_folder_info": "/code_explorer_custom_root_folder_name"
}