{
    "134221473": {
        "editor_effect": {
            "deps_info": {
                "deps": [
                    [
                        "editor_model",
                        205426
                    ],
                    [
                        "editor_model",
                        206034
                    ],
                    [
                        "editor_model",
                        205384
                    ],
                    [
                        "editor_icon",
                        903059
                    ],
                    [
                        "editor_icon",
                        901055
                    ],
                    [
                        "editor_icon",
                        902469
                    ],
                    [
                        "editor_icon",
                        902685
                    ],
                    [
                        "editor_icon",
                        902725
                    ],
                    [
                        "editor_icon",
                        900877
                    ],
                    [
                        "editor_icon",
                        900059
                    ],
                    [
                        "editor_icon",
                        900889
                    ],
                    [
                        "editor_icon",
                        900918
                    ],
                    [
                        "editor_icon",
                        901100
                    ],
                    [
                        "editor_icon",
                        901092
                    ],
                    [
                        "editor_icon",
                        903042
                    ],
                    [
                        "editor_icon",
                        900129
                    ],
                    [
                        "editor_icon",
                        900555
                    ]
                ],
                "sound_id_list": [
                    112089
                ]
            },
            "describe": "\u6247\u5f62\u5f69\u8272\u51b2\u51fb\u6ce2",
            "editor_res": false,
            "key": 134221473,
            "md5": "3fc93274aa42c8181859518ad775f4e2",
            "model_id": 134256481,
            "name": "\u6247\u5f62\u5f69\u8272\u51b2\u51fb\u6ce2",
            "offical_tags": [
                "\u5199\u5b9e",
                "code_Effect_Tag_Magical",
                "code_Effect_Tag_Chinese style",
                "code_Effect_Tag_Mystic fantasy",
                "code_Effect_Tag_Multicolored",
                "code_Effect_Tag_Fan-shaped",
                "code_Effect_Tag_Arcane",
                "code_Effect_Tag_Smoke",
                "code_Effect_Tag_Arrow",
                "code_Effect_Tag_Shock Wave",
                "code_Effect_Tag_Spreading",
                "code_Effect_Tag_Light effects",
                "code_Effect_Tag_zhangfenghuan"
            ],
            "preview_icon": "UP1EffectPreview/103291",
            "release_delete": [],
            "res_group": 141,
            "res_identify": "all",
            "res_type": "kkres",
            "scale": 1.0,
            "source_effect": [],
            "uid": "editor_effect_103291",
            "version": 1
        },
        "model": {
            "effect_keep": false,
            "effect_max_boundingbox": [
                -8.879838943481445,
                -8.629837989807129,
                -11.099797248840332,
                8.879838943481445,
                9.129837989807129,
                11.099797248840332
            ],
            "effect_max_life": 0.600000024,
            "effect_path": "Fx_Effect/Realism/Fx_Skill/Holy/Holy_X1_zfh_ffz_a0001_copy",
            "is_beam_effect": false,
            "meshes": [],
            "model_id": 134256481,
            "name": "Holy_X1_zfh_ffz_a0001"
        }
    },
    "sub_type": null,
    "res_type": "editor_effect",
    "import_export_folder_info": "/code_explorer_custom_root_folder_name"
}