{
    "custom_editor_type": "custom_editor_icon",
    "describe": "",
    "has_upload": false,
    "key": 134219549,
    "md5": "a11b33125622c764166b03d2e483b1a4",
    "name": "\u6b66\u529f\u6b8b\u5377\u6280\u80fd\u56fe\u6807_0007s_0005_\u4e03\u661f\u5251\u8c31",
    "path": "ui/134219549",
    "res_name": "\u6b66\u529f\u6b8b\u5377\u6280\u80fd\u56fe\u6807_0007s_0005_\u4e03\u661f\u5251\u8c31.png",
    "size": "128X128",
    "sub_type": "icon",
    "uid": "134219549",
    "url": "https://kk3.nosdn.127.net/editor/png/845f20dfa1a7b62eaf9591b93e3d327b.png",
    "version": 1,
    "res_type": "editor_icon",
    "import_export_folder_info": "/code_explorer_custom_root_folder_name/\u6b66\u529f\u56fe\u6807"
}