{
    "custom_editor_type": "custom_editor_icon",
    "describe": "",
    "has_upload": false,
    "key": 134251925,
    "md5": "49cd7b2b1dcbfa69b57d41982d12d77e",
    "name": "\u795e\u9b42_\u70bc\u72f1",
    "path": "ui/134251925",
    "res_name": "\u795e\u9b42_\u70bc\u72f1.png",
    "size": "128X128",
    "sub_type": "icon",
    "uid": "134251925",
    "url": "https://kk3.nosdn.127.net/editor/png/7eb2b3605cd5028f3d47b97cda548ecb.png",
    "version": 1,
    "res_type": "editor_icon",
    "import_export_folder_info": "/code_explorer_custom_root_folder_name/\u9053\u5177\u56fe\u6807/\u6218\u6cd5\u65e0\u6846/3\u7ea7"
}