{
    "custom_editor_type": "custom_editor_icon",
    "describe": "",
    "has_upload": false,
    "key": 134273529,
    "md5": "1b1b8796aa242446cdefe9f8653ab75b",
    "name": "\u5f02\u672fUR\u6843\u82b1\u673a\u5173\u672f",
    "path": "ui/134273529",
    "res_name": "\u5f02\u672fUR\u6843\u82b1\u673a\u5173\u672f.jpg",
    "size": "200X200",
    "sub_type": "icon",
    "uid": "134273529",
    "url": "https://kk3.nosdn.127.net/editor/jpg/8965bb712ccd6cee7aba345286f7a246.jpg",
    "version": 1,
    "res_type": "editor_icon",
    "import_export_folder_info": "/code_explorer_custom_root_folder_name/\u6b66\u529f\u56fe\u6807"
}