{
    "custom_editor_type": "custom_editor_icon",
    "describe": "",
    "has_upload": false,
    "key": 134260606,
    "md5": "f6a97844c103fe965f111cada3c15c7d",
    "name": "\u6b66\u529f\u6b8b\u5377\u6280\u80fd\u56fe\u6807_0007s_0008_\u592a\u6781\u5251\u6cd5",
    "path": "ui/134260606",
    "res_name": "\u6b66\u529f\u6b8b\u5377\u6280\u80fd\u56fe\u6807_0007s_0008_\u592a\u6781\u5251\u6cd5.png",
    "size": "128X128",
    "sub_type": "icon",
    "uid": "134260606",
    "url": "https://kk3.nosdn.127.net/editor/png/fc466cab8834c61f80fa7242d9db11b4.png",
    "version": 1,
    "res_type": "editor_icon",
    "import_export_folder_info": "/code_explorer_custom_root_folder_name/\u6b66\u529f\u56fe\u6807"
}