{
    "custom_editor_type": "custom_editor_icon",
    "describe": "",
    "has_upload": false,
    "key": 134226727,
    "md5": "07bf7dcd906bf31a3fa08db31055b9b0",
    "name": "GlobalPVP_LoadingIcon2",
    "path": "ui/134226727",
    "res_name": "GlobalPVP_LoadingIcon2.png",
    "size": "128X128",
    "sub_type": "icon",
    "uid": "134226727",
    "version": 1,
    "res_type": "editor_icon",
    "import_export_folder_info": "/code_explorer_custom_root_folder_name/\u9053\u5177\u56fe\u6807/\u6218\u6cd5\u65e0\u6846/3\u7ea7"
}