{
    "custom_editor_type": "custom_editor_icon",
    "describe": "",
    "has_upload": false,
    "key": 134229239,
    "md5": "f8f4166ddcee6f15e6a86508144cbe7c",
    "name": "R 1",
    "path": "ui/134229239",
    "res_name": "R 1.png",
    "size": "100X62",
    "sub_type": "icon",
    "uid": "134229239",
    "url": "https://kk3.nosdn.127.net/editor/png/bd01b477fee68c241e3f3ad8d78a571a.png",
    "version": 1,
    "res_type": "editor_icon",
    "import_export_folder_info": "/code_explorer_custom_root_folder_name/\u7d20\u6750"
}