{
    "custom_editor_type": "custom_editor_icon",
    "describe": "",
    "has_upload": false,
    "key": 134231243,
    "md5": "83c81b638c5166904695d94bc31b3dfb",
    "name": "\u6b66\u529f\u6b8b\u5377\u6280\u80fd\u56fe\u6807_0000_\u6280\u80fd\u56fe\u6807_0000_\u94c1\u638c\u62f3",
    "path": "ui/134231243",
    "res_name": "\u6b66\u529f\u6b8b\u5377\u6280\u80fd\u56fe\u6807_0000_\u6280\u80fd\u56fe\u6807_0000_\u94c1\u638c\u62f3.png",
    "size": "128X128",
    "sub_type": "icon",
    "uid": "134231243",
    "url": "https://kk3.nosdn.127.net/editor/png/228180ea90bd59df005c6579ca484c3f.png",
    "version": 1,
    "res_type": "editor_icon",
    "import_export_folder_info": "/code_explorer_custom_root_folder_name/\u6b66\u529f\u56fe\u6807"
}