{
    "custom_editor_type": "custom_editor_icon",
    "describe": "",
    "has_upload": false,
    "key": 134251966,
    "md5": "04464846fd3fb8514b5cf388971b8e66",
    "name": "\u5927\u62db\u56fe\u6807_0005s_0000_\u9634\u9633\u97ad",
    "path": "ui/134251966",
    "res_name": "\u5927\u62db\u56fe\u6807_0005s_0000_\u9634\u9633\u97ad.png",
    "size": "128X128",
    "sub_type": "icon",
    "uid": "134251966",
    "url": "https://kk3.nosdn.127.net/editor/png/079ba175a48c86bd7c87549bf49d3e8d.png",
    "version": 1,
    "res_type": "editor_icon",
    "import_export_folder_info": "/code_explorer_custom_root_folder_name"
}