{
    "custom_editor_type": "custom_editor_icon",
    "describe": "",
    "has_upload": false,
    "key": 134261247,
    "md5": "4020e63297d518c486689161b3de11e0",
    "name": "\u5916\u529fUR\u4e5d\u9633\u795e\u529f",
    "path": "ui/134261247",
    "res_name": "\u5916\u529fUR\u4e5d\u9633\u795e\u529f.jpg",
    "size": "200X200",
    "sub_type": "icon",
    "uid": "134261247",
    "url": "https://kk3.nosdn.127.net/editor/jpg/e2940f43604c8ceb3bd214b10baa8a14.jpg",
    "version": 1,
    "res_type": "editor_icon",
    "import_export_folder_info": "/code_explorer_custom_root_folder_name/\u6b66\u529f\u56fe\u6807"
}