{
    "custom_editor_type": "custom_editor_icon",
    "describe": "",
    "has_upload": false,
    "key": 134264944,
    "md5": "8f923e6f2b97b6b01c4458955675b69f",
    "name": "T_MasterSkill_5",
    "path": "ui/134264944",
    "res_name": "T_MasterSkill_5.png",
    "size": "128X128",
    "sub_type": "icon",
    "uid": "134264944",
    "url": "https://kk3.nosdn.127.net/editor/png/7a97665ac9d8373744b2fae21e904ec2.png",
    "version": 1,
    "res_type": "editor_icon",
    "import_export_folder_info": "/code_explorer_custom_root_folder_name/\u9053\u5177\u56fe\u6807/\u6218\u6cd5\u65e0\u6846/2\u7ea7"
}