{
    "custom_editor_type": "custom_editor_icon",
    "describe": "",
    "has_upload": false,
    "key": 134251626,
    "md5": "4c1f61247ffed5566b671682572ac648",
    "name": "\u795e\u7bad",
    "path": "ui/134251626",
    "res_name": "\u795e\u7bad.png",
    "size": "256X256",
    "sub_type": "icon",
    "uid": "134251626",
    "url": "https://kk3.nosdn.127.net/editor/png/0595b96cd6f60773db3fde682099309b.png",
    "version": 1,
    "res_type": "editor_icon",
    "import_export_folder_info": "/code_explorer_custom_root_folder_name/\u9053\u5177\u56fe\u6807/\u6218\u6cd5\u65e0\u6846/\u8ffd\u52a0\u6218\u6cd5"
}