{
    "custom_editor_type": "custom_editor_icon",
    "describe": "",
    "has_upload": false,
    "key": 134236662,
    "md5": "586a926613654f46d3b72e09e8242734",
    "name": "\u8f7b\u529fSSR\u4e00\u82c7\u6e21\u6c5f",
    "path": "ui/134236662",
    "res_name": "\u8f7b\u529fSSR\u4e00\u82c7\u6e21\u6c5f.jpg",
    "size": "200X200",
    "sub_type": "icon",
    "uid": "134236662",
    "url": "https://kk3.nosdn.127.net/editor/jpg/b6d785fd96784f3b2c832c806fba6f01.jpg",
    "version": 1,
    "res_type": "editor_icon",
    "import_export_folder_info": "/code_explorer_custom_root_folder_name/\u6b66\u529f\u56fe\u6807"
}