{
    "custom_editor_type": "custom_editor_icon",
    "describe": "",
    "has_upload": false,
    "key": 134230504,
    "md5": "195e7d6e411c25e20aa26eded90a7c00",
    "name": "S_SkillIcon_14",
    "path": "ui/134230504",
    "res_name": "S_SkillIcon_14.png",
    "size": "128X128",
    "sub_type": "icon",
    "uid": "134230504",
    "version": 1,
    "res_type": "editor_icon",
    "import_export_folder_info": "/code_explorer_custom_root_folder_name/\u9053\u5177\u56fe\u6807/\u6218\u6cd5\u65e0\u6846/4\u7ea7"
}