{
    "custom_editor_type": "custom_editor_icon",
    "describe": "",
    "has_upload": false,
    "key": 134247445,
    "md5": "25a3cbe5d006026479a8224f842f270e",
    "name": "\u5927\u62db\u56fe\u6807_0009s_0004_\u85cf\u9999\u516d\u9053",
    "path": "ui/134247445",
    "res_name": "\u5927\u62db\u56fe\u6807_0009s_0004_\u85cf\u9999\u516d\u9053.png",
    "size": "128X128",
    "sub_type": "icon",
    "uid": "134247445",
    "url": "https://kk3.nosdn.127.net/editor/png/9fb3a43f70cd9ad5bdbf0203bdba1520.png",
    "version": 1,
    "res_type": "editor_icon",
    "import_export_folder_info": "/code_explorer_custom_root_folder_name"
}