{
    "custom_editor_type": "custom_editor_icon",
    "describe": "",
    "has_upload": false,
    "key": 134261501,
    "md5": "8b3cc50564254584191bb873ec885a15",
    "name": "\u6b66\u529f\u6b8b\u5377\u6280\u80fd\u56fe\u6807_0001s_0000_\u68af\u4e91\u7eb5_1",
    "path": "ui/134261501",
    "res_name": "\u6b66\u529f\u6b8b\u5377\u6280\u80fd\u56fe\u6807_0001s_0000_\u68af\u4e91\u7eb5.png",
    "size": "128X128",
    "sub_type": "icon",
    "uid": "134261501",
    "url": "https://kk3.nosdn.127.net/editor/png/7395e7ebb3694a3e5597b86bb0f9670b.png",
    "version": 1,
    "res_type": "editor_icon",
    "import_export_folder_info": "/code_explorer_custom_root_folder_name/\u6b66\u529f\u56fe\u6807"
}