{
    "custom_editor_type": "custom_editor_icon",
    "describe": "",
    "has_upload": false,
    "key": 134234235,
    "md5": "27200d79b726757d42b894cfc2cf13db",
    "name": "\u8f7b\u529fR\u6c34\u4e0a\u6f02",
    "path": "ui/134234235",
    "res_name": "\u8f7b\u529fR\u6c34\u4e0a\u6f02.jpg",
    "size": "200X200",
    "sub_type": "icon",
    "uid": "134234235",
    "url": "https://kk3.nosdn.127.net/editor/jpg/2517ecf04d6fc41aedb834cee823054f.jpg",
    "version": 1,
    "res_type": "editor_icon",
    "import_export_folder_info": "/code_explorer_custom_root_folder_name/\u6b66\u529f\u56fe\u6807"
}