{
    "custom_editor_type": "custom_editor_icon",
    "describe": "",
    "has_upload": false,
    "key": 134240087,
    "md5": "33c240810f6418e9c469324b45bd7c81",
    "name": "\u6b66\u529f\u6b8b\u5377\u6280\u80fd\u56fe\u6807_0006s_0003_\u53cc\u9f99\u51fa\u6d77",
    "path": "ui/134240087",
    "res_name": "\u6b66\u529f\u6b8b\u5377\u6280\u80fd\u56fe\u6807_0006s_0003_\u53cc\u9f99\u51fa\u6d77.png",
    "size": "128X128",
    "sub_type": "icon",
    "uid": "134240087",
    "url": "https://kk3.nosdn.127.net/editor/png/a8f8734c80856496e78b16d1db4ab182.png",
    "version": 1,
    "res_type": "editor_icon",
    "import_export_folder_info": "/code_explorer_custom_root_folder_name/\u6b66\u529f\u56fe\u6807"
}