{
    "custom_editor_type": "custom_editor_icon",
    "describe": "",
    "has_upload": false,
    "key": 134272498,
    "md5": "99bcd21dc2a6447c497ee6a690cf4c3b",
    "name": "T_SkillIcon_S59",
    "path": "ui/134272498",
    "res_name": "T_SkillIcon_S59.png",
    "size": "128X128",
    "sub_type": "icon",
    "uid": "134272498",
    "url": "https://kk3.nosdn.127.net/editor/png/ad28cc6a4b5196ad118f9d8173d6bb3e.png",
    "version": 1,
    "res_type": "editor_icon",
    "import_export_folder_info": "/code_explorer_custom_root_folder_name/\u9053\u5177\u56fe\u6807/\u6218\u6cd5\u65e0\u6846/3\u7ea7"
}